sample_index,expected_label,source_dataset,source_file,measurement_line
1,turtlebot,Pruebas,Pruebas/csi_dog_dataset/turtlebot/txt/csi_turtlebot_1001.txt,"[  530.788663] [AOA] Measurement: 0,1619021690.173177,48:8f:5a:df:02:3b,2,1,2,0,128,325,91,861,939,29,998,395,814,888,63,819,946,661,757,59,357,971,807,519,872,943,825,734,901,717,4,732,964,884,421,659,326,31,36,27,34,24,33,19,19,9,15,23,29,15,6,17,5,25,10,14,34,13,2,18,23,20,20,13,16,4,15,33,19"
2,turtlebot,Pruebas,Pruebas/csi_dog_dataset/turtlebot/txt/csi_turtlebot_1002.txt,"[  531.843817] [AOA] Measurement: 0,1619021691.228331,48:8f:5a:df:02:3b,2,1,2,0,128,893,977,926,864,248,787,942,219,55,242,953,169,651,840,68,394,67,338,748,188,964,256,27,190,250,341,195,399,635,224,56,736,32,37,25,34,25,32,20,18,8,14,24,29,16,6,15,4,25,11,15,33,13,3,18,23,19,20,13,17,5,14,31,16"
3,turtlebot,Pruebas,Pruebas/csi_dog_dataset/turtlebot/txt/csi_turtlebot_1003.txt,"[  532.900180] [AOA] Measurement: 0,1619021692.284694,48:8f:5a:df:02:3b,2,1,2,0,128,414,126,956,880,795,966,940,206,51,228,950,151,618,818,61,356,143,379,762,190,1021,324,1008,133,260,377,190,358,670,249,835,608,35,24,27,27,20,31,30,25,21,23,24,24,19,23,24,18,36,31,26,31,20,24,28,32,22,21,29,25,28,25,23,23"
4,turtlebot,Pruebas,Pruebas/csi_dog_dataset/turtlebot/txt/csi_turtlebot_1004.txt,"[  533.948107] [AOA] Measurement: 0,1619021693.332625,48:8f:5a:df:02:3b,2,1,2,0,128,397,123,998,924,840,1017,507,411,1004,205,932,105,650,871,110,387,169,453,715,158,17,383,45,175,255,342,148,304,745,297,547,225,37,25,27,27,21,31,30,23,19,22,26,25,19,22,25,17,38,33,28,33,21,25,28,31,22,23,27,27,28,25,24,24"
5,turtlebot,Pruebas,Pruebas/csi_dog_dataset/turtlebot/txt/csi_turtlebot_1005.txt,"[  535.009456] [AOA] Measurement: 0,1619021694.393972,48:8f:5a:df:02:3b,2,1,2,0,128,394,116,844,807,330,845,449,400,18,214,923,150,639,836,516,144,175,423,689,106,44,360,45,163,304,357,166,357,639,242,992,633,36,25,25,27,20,31,29,22,19,21,25,24,18,21,24,17,35,30,26,30,21,24,27,32,22,22,29,25,26,23,22,23"
6,turtlebot,Pruebas,Pruebas/csi_dog_dataset/turtlebot/txt/csi_turtlebot_1006.txt,"[  536.051615] [AOA] Measurement: 0,1619021695.436128,48:8f:5a:df:02:3b,2,1,2,0,128,866,935,362,660,389,890,421,334,464,1011,1003,157,662,877,481,153,160,368,699,146,17,320,30,177,212,324,188,374,702,267,512,167,35,26,26,27,19,32,29,23,20,22,25,24,19,21,25,18,38,33,26,31,21,24,29,31,21,23,28,26,28,25,23,25"
7,turtlebot,Pruebas,Pruebas/csi_dog_dataset/turtlebot/txt/csi_turtlebot_1007.txt,"[  537.119236] [AOA] Measurement: 0,1619021696.503752,48:8f:5a:df:02:3b,2,1,2,0,128,323,78,926,849,818,1008,477,384,22,199,961,168,632,825,54,370,181,441,707,145,987,305,68,219,293,385,178,371,723,308,725,317,35,23,25,25,18,30,27,23,18,20,22,23,18,22,23,16,32,31,24,28,21,22,25,29,20,20,28,23,27,24,20,22"
8,turtlebot,Pruebas,Pruebas/csi_dog_dataset/turtlebot/txt/csi_turtlebot_1008.txt,"[  538.171960] [AOA] Measurement: 0,1619021697.556474,48:8f:5a:df:02:3b,2,1,2,0,128,822,929,411,716,817,976,519,453,992,153,1016,173,628,863,486,142,172,407,681,104,997,332,1014,155,191,297,158,367,739,284,811,549,30,34,25,32,24,31,19,17,8,12,23,30,16,7,16,4,24,9,14,32,12,2,17,22,20,20,14,16,3,13,28,17"
9,turtlebot,Pruebas,Pruebas/csi_dog_dataset/turtlebot/txt/csi_turtlebot_1009.txt,"[  539.221797] [AOA] Measurement: 0,1619021698.606311,48:8f:5a:df:02:3b,2,1,2,0,128,277,114,878,967,483,802,352,773,899,46,290,725,807,844,88,413,949,772,463,799,957,784,798,947,681,991,676,917,857,364,174,871,37,24,28,27,21,32,28,22,20,23,24,25,19,23,25,17,36,33,28,31,21,25,27,33,22,23,27,26,28,25,23,25"
10,turtlebot,Pruebas,Pruebas/csi_dog_dataset/turtlebot/txt/csi_turtlebot_1010.txt,"[  540.271428] [AOA] Measurement: 0,1619021699.655942,48:8f:5a:df:02:3b,2,1,2,0,128,410,129,976,918,785,966,963,185,45,236,968,154,704,898,5,313,161,411,707,108,1008,321,35,172,259,353,226,409,681,282,800,359,30,34,25,33,24,30,18,19,6,13,25,30,18,6,16,4,25,9,14,33,14,2,20,20,22,20,14,17,4,13,29,16"
11,turtlebot,Pruebas,Pruebas/csi_dog_dataset/turtlebot/txt/csi_turtlebot_1011.txt,"[  541.321706] [AOA] Measurement: 0,1619021700.706221,48:8f:5a:df:02:3b,2,1,2,0,128,432,163,928,868,302,818,454,386,14,181,929,133,609,804,581,204,199,445,698,110,13,347,38,191,641,97,694,134,683,276,533,198,34,24,24,26,19,30,26,23,19,20,21,22,19,22,22,17,35,31,24,28,20,22,26,29,21,20,25,24,27,22,20,22"
12,turtlebot,Pruebas,Pruebas/csi_dog_dataset/turtlebot/txt/csi_turtlebot_1012.txt,"[  542.381328] [AOA] Measurement: 0,1619021701.765843,48:8f:5a:df:02:3b,2,1,2,0,128,374,90,941,867,813,998,920,189,13,191,978,120,599,799,72,373,147,398,753,123,982,290,32,180,257,335,678,191,719,281,824,535,32,23,25,24,18,29,28,21,19,20,23,21,18,21,25,15,32,28,21,25,21,23,24,28,20,19,26,24,27,23,20,20"
13,turtlebot,Pruebas,Pruebas/csi_dog_dataset/turtlebot/txt/csi_turtlebot_1013.txt,"[  543.431532] [AOA] Measurement: 0,1619021702.816046,48:8f:5a:df:02:3b,2,1,2,0,128,411,139,942,893,835,0,460,349,1010,183,975,142,668,855,490,150,661,252,737,168,987,278,43,175,264,363,195,384,653,266,5,739,36,25,25,28,20,31,29,23,19,23,25,26,20,22,25,17,36,32,30,34,21,27,29,33,22,24,29,26,28,25,24,25"
14,turtlebot,Pruebas,Pruebas/csi_dog_dataset/turtlebot/txt/csi_turtlebot_1014.txt,"[  544.490804] [AOA] Measurement: 0,1619021703.875317,48:8f:5a:df:02:3b,2,1,2,0,128,325,44,399,677,314,838,492,378,985,177,985,179,657,858,60,353,600,180,191,995,969,309,34,156,280,372,176,339,742,301,653,326,36,24,25,26,18,31,30,22,20,20,24,23,17,23,24,14,34,29,27,29,20,24,27,30,19,22,26,25,27,23,20,23"
15,turtlebot,Pruebas,Pruebas/csi_dog_dataset/turtlebot/txt/csi_turtlebot_1015.txt,"[  545.540907] [AOA] Measurement: 0,1619021704.925421,48:8f:5a:df:02:3b,2,1,2,0,128,391,101,948,883,821,1004,426,371,5,202,947,140,623,803,67,387,187,396,691,153,984,310,93,226,250,343,152,339,690,243,491,217,36,25,27,27,19,31,29,23,19,21,25,25,19,21,24,18,36,32,27,30,20,24,26,31,21,22,27,24,27,23,21,23"
16,turtlebot,Pruebas,Pruebas/csi_dog_dataset/turtlebot/txt/csi_turtlebot_1016.txt,"[  546.591490] [AOA] Measurement: 0,1619021705.976002,48:8f:5a:df:02:3b,2,1,2,0,128,807,924,913,884,826,993,434,369,483,1008,383,951,723,864,117,421,87,332,694,119,9,332,10,127,739,131,246,406,689,268,931,583,35,25,27,27,18,30,30,23,20,22,24,24,18,22,25,18,38,32,28,32,20,25,28,32,21,22,30,26,27,25,23,24"
17,turtlebot,Pruebas,Pruebas/csi_dog_dataset/turtlebot/txt/csi_turtlebot_1017.txt,"[  547.648016] [AOA] Measurement: 0,1619021707.032534,48:8f:5a:df:02:3b,2,1,2,0,128,845,931,397,702,240,775,989,226,9,171,933,125,662,843,108,419,553,154,670,94,1016,303,101,187,236,306,250,400,613,226,758,498,35,24,27,27,20,32,31,23,19,23,23,25,19,23,25,17,37,33,28,32,21,25,28,33,22,24,28,27,28,25,23,24"
18,turtlebot,Pruebas,Pruebas/csi_dog_dataset/turtlebot/txt/csi_turtlebot_1018.txt,"[  548.691508] [AOA] Measurement: 0,1619021708.076021,48:8f:5a:df:02:3b,2,1,2,0,128,395,124,907,922,871,1014,482,399,1021,243,981,168,587,779,156,457,93,330,698,101,15,356,64,188,196,311,216,346,707,308,591,224,35,24,26,23,18,32,28,22,20,19,23,21,19,22,23,17,32,29,24,27,20,23,24,29,20,18,26,20,26,21,18,20"
19,turtlebot,Pruebas,Pruebas/csi_dog_dataset/turtlebot/txt/csi_turtlebot_1019.txt,"[  549.750387] [AOA] Measurement: 0,1619021709.134901,48:8f:5a:df:02:3b,2,1,2,0,128,413,153,897,862,278,804,524,436,957,164,965,162,635,836,43,338,604,153,725,99,988,344,18,109,251,361,173,345,702,273,512,266,34,23,24,26,21,30,27,23,20,21,22,21,19,21,24,17,35,31,24,28,20,23,26,31,21,21,26,25,27,23,21,22"
20,turtlebot,Pruebas,Pruebas/csi_dog_dataset/turtlebot/txt/csi_turtlebot_1020.txt,"[  550.797823] [AOA] Measurement: 0,1619021710.182342,48:8f:5a:df:02:3b,2,1,2,0,128,421,124,880,839,803,999,548,461,1016,186,899,134,642,844,1019,305,214,429,768,139,932,278,510,0,321,394,285,412,708,294,600,218,41,29,29,29,21,36,33,28,23,24,27,26,22,26,29,19,40,37,28,33,24,26,29,35,25,24,32,28,31,28,24,26"
21,turtlebot,Pruebas,Pruebas/csi_dog_dataset/turtlebot/txt/csi_turtlebot_1021.txt,"[  551.841777] [AOA] Measurement: 0,1619021711.226291,48:8f:5a:df:02:3b,2,1,2,0,128,409,138,883,805,866,1009,464,405,41,150,387,945,679,843,80,386,121,374,724,114,995,355,73,195,250,340,143,353,779,352,814,450,42,28,31,30,23,39,34,28,24,25,28,28,23,25,29,20,41,37,29,35,25,29,33,36,25,26,32,29,32,30,25,27"
22,turtlebot,Pruebas,Pruebas/csi_dog_dataset/turtlebot/txt/csi_turtlebot_1022.txt,"[  552.901049] [AOA] Measurement: 0,1619021712.285563,48:8f:5a:df:02:3b,2,1,2,0,128,377,131,962,905,870,20,522,443,978,197,1004,136,696,854,35,355,123,375,766,169,27,357,22,146,340,387,198,364,615,221,82,826,34,23,27,25,20,29,27,22,20,21,24,22,18,21,23,16,33,31,24,29,19,23,27,31,22,22,28,25,26,24,21,23"
23,turtlebot,Pruebas,Pruebas/csi_dog_dataset/turtlebot/txt/csi_turtlebot_1023.txt,"[  553.960537] [AOA] Measurement: 0,1619021713.345051,48:8f:5a:df:02:3b,2,1,2,0,128,361,73,371,677,287,805,950,199,518,33,435,998,95,638,536,163,86,346,123,894,12,326,15,184,252,376,221,406,690,261,798,490,41,28,30,31,22,37,34,28,21,24,28,28,22,27,29,19,40,35,29,33,24,30,31,38,25,26,33,31,34,30,27,28"
24,turtlebot,Pruebas,Pruebas/csi_dog_dataset/turtlebot/txt/csi_turtlebot_1024.txt,"[  555.001805] [AOA] Measurement: 0,1619021714.386320,48:8f:5a:df:02:3b,2,1,2,0,128,394,143,927,907,814,982,525,419,6,209,25,202,669,864,25,378,204,471,682,133,1015,301,50,168,329,426,123,336,680,244,667,275,33,22,25,25,20,31,28,23,19,19,21,21,18,21,24,17,33,29,23,27,19,21,25,29,21,18,25,22,26,22,17,20"
25,turtlebot,Pruebas,Pruebas/csi_dog_dataset/turtlebot/txt/csi_turtlebot_1025.txt,"[  556.051298] [AOA] Measurement: 0,1619021715.435812,48:8f:5a:df:02:3b,2,1,2,0,128,337,97,359,687,860,1011,503,401,927,133,976,204,661,853,44,337,175,412,678,92,1021,325,1022,156,270,339,232,400,640,237,334,5,30,35,25,32,23,31,19,18,8,13,24,30,17,6,16,3,23,7,14,32,13,2,20,20,22,18,13,15,5,13,29,16"
26,turtlebot,Pruebas,Pruebas/csi_dog_dataset/turtlebot/txt/csi_turtlebot_1026.txt,"[  557.101863] [AOA] Measurement: 0,1619021716.486376,48:8f:5a:df:02:3b,2,1,2,0,128,404,150,910,856,835,997,491,402,20,209,994,157,677,861,54,377,200,458,717,147,1017,320,51,159,276,361,194,343,729,305,391,67,33,24,23,24,18,29,27,22,18,21,21,22,18,20,24,15,33,28,21,26,20,22,25,29,20,18,26,21,27,22,19,19"
27,turtlebot,Pruebas,Pruebas/csi_dog_dataset/turtlebot/txt/csi_turtlebot_1027.txt,"[  558.151682] [AOA] Measurement: 0,1619021717.536196,48:8f:5a:df:02:3b,2,1,2,0,128,388,123,880,835,343,866,917,181,527,1013,460,5,661,842,59,391,150,394,658,80,992,339,57,188,212,306,170,345,156,119,753,428,40,28,28,28,21,37,32,26,23,23,26,25,21,25,27,18,37,33,25,32,23,27,30,36,25,23,31,26,33,28,24,25"
28,turtlebot,Pruebas,Pruebas/csi_dog_dataset/turtlebot/txt/csi_turtlebot_1028.txt,"[  559.201829] [AOA] Measurement: 0,1619021718.586342,48:8f:5a:df:02:3b,2,1,2,0,128,423,184,879,852,867,21,492,410,996,178,952,142,642,830,80,387,164,384,690,128,995,306,101,221,211,332,156,331,717,265,671,269,42,29,29,30,23,38,33,27,23,25,28,27,23,26,29,19,42,36,31,35,25,29,31,36,25,26,32,29,31,29,26,27"
29,turtlebot,Pruebas,Pruebas/csi_dog_dataset/turtlebot/txt/csi_turtlebot_1029.txt,"[  560.260754] [AOA] Measurement: 0,1619021719.645268,48:8f:5a:df:02:3b,2,1,2,0,128,324,54,924,844,868,1019,439,381,976,145,393,1002,60,615,24,351,222,461,645,105,46,362,45,158,181,337,217,377,702,279,90,836,41,28,31,32,23,37,34,26,24,24,27,28,22,27,27,21,40,34,29,34,25,30,30,36,27,25,32,28,32,28,25,26"
30,turtlebot,Pruebas,Pruebas/csi_dog_dataset/turtlebot/txt/csi_turtlebot_1030.txt,"[  561.320324] [AOA] Measurement: 0,1619021720.704839,48:8f:5a:df:02:3b,2,1,2,0,128,308,69,987,914,804,1003,457,375,66,248,924,141,65,644,95,414,187,432,695,106,13,345,9,132,253,322,245,393,677,291,180,867,34,23,26,26,19,31,27,22,19,21,21,23,19,21,23,15,34,30,28,29,20,24,26,30,20,21,26,25,27,24,21,22"
31,turtlebot,Pruebas,Pruebas/csi_dog_dataset/turtlebot/txt/csi_turtlebot_1031.txt,"[  562.371584] [AOA] Measurement: 0,1619021721.756098,48:8f:5a:df:02:3b,2,1,2,0,128,296,66,891,879,293,822,517,424,1014,186,964,168,658,843,78,396,159,426,698,106,1012,326,14,146,310,380,175,357,696,279,655,308,34,25,26,26,20,31,28,23,20,20,23,22,18,22,24,17,34,30,25,29,21,24,25,30,21,22,28,24,27,22,21,22"
32,turtlebot,Pruebas,Pruebas/csi_dog_dataset/turtlebot/txt/csi_turtlebot_1032.txt,"[  563.430745] [AOA] Measurement: 0,1619021722.815259,48:8f:5a:df:02:3b,2,1,2,0,128,372,113,882,879,806,978,472,406,995,190,942,131,722,894,96,384,172,435,667,100,12,320,48,185,298,374,206,365,711,312,158,867,41,28,29,29,24,37,34,27,22,24,27,25,23,27,29,19,39,35,29,33,23,29,31,35,26,25,33,29,32,28,25,26"
33,turtlebot,Pruebas,Pruebas/csi_dog_dataset/turtlebot/txt/csi_turtlebot_1033.txt,"[  564.481808] [AOA] Measurement: 0,1619021723.866323,48:8f:5a:df:02:3b,2,1,2,0,128,399,125,951,889,840,1006,455,407,1015,193,964,130,684,852,131,425,171,410,697,105,1011,308,175,251,230,356,214,395,724,249,145,874,34,23,26,25,19,30,28,21,19,19,23,22,18,20,25,15,35,30,24,28,20,24,24,29,19,20,27,24,25,22,21,22"
34,turtlebot,Pruebas,Pruebas/csi_dog_dataset/turtlebot/txt/csi_turtlebot_1034.txt,"[  565.531738] [AOA] Measurement: 0,1619021724.916251,48:8f:5a:df:02:3b,2,1,2,0,128,354,109,909,877,799,979,465,405,1020,228,924,117,661,864,91,417,172,404,630,79,1016,323,115,245,198,343,253,388,662,286,72,665,40,28,30,29,22,37,33,26,22,23,26,27,22,25,29,19,40,35,27,33,24,27,32,34,24,24,32,27,32,27,24,27"
35,turtlebot,Pruebas,Pruebas/csi_dog_dataset/turtlebot/txt/csi_turtlebot_1035.txt,"[  566.588026] [AOA] Measurement: 0,1619021725.972543,48:8f:5a:df:02:3b,2,1,2,0,128,371,110,940,899,799,978,943,253,1022,202,942,175,647,851,19,379,123,401,748,144,986,298,50,172,295,342,222,392,699,293,493,58,37,24,26,26,20,31,29,22,20,21,24,24,19,22,25,16,36,30,28,30,20,26,28,30,20,23,28,25,27,25,23,25"
36,turtlebot,Pruebas,Pruebas/csi_dog_dataset/turtlebot/txt/csi_turtlebot_1036.txt,"[  567.631701] [AOA] Measurement: 0,1619021727.016214,48:8f:5a:df:02:3b,2,1,2,0,128,359,108,296,632,358,831,4,224,982,168,995,174,649,865,65,356,94,338,632,93,967,265,84,197,245,319,176,397,725,301,341,34,41,30,30,30,23,37,34,27,25,26,29,28,22,26,28,21,42,37,31,37,24,30,32,37,26,26,33,31,34,30,26,26"
37,turtlebot,Pruebas,Pruebas/csi_dog_dataset/turtlebot/txt/csi_turtlebot_1037.txt,"[  568.690908] [AOA] Measurement: 0,1619021728.075423,48:8f:5a:df:02:3b,2,1,2,0,128,389,142,952,930,735,941,469,407,1018,236,950,115,93,647,69,374,187,410,691,123,1023,302,49,171,166,303,151,332,668,231,52,741,32,22,24,25,17,29,26,22,19,17,21,21,17,19,22,16,31,28,20,25,19,21,24,28,19,20,24,22,25,21,19,21"
38,turtlebot,Pruebas,Pruebas/csi_dog_dataset/turtlebot/txt/csi_turtlebot_1038.txt,"[  569.760146] [AOA] Measurement: 0,1619021729.144660,48:8f:5a:df:02:3b,2,1,2,0,128,799,888,0,943,783,962,952,176,32,214,891,67,681,863,124,406,137,363,688,133,947,223,62,195,241,356,689,174,649,249,968,634,35,24,25,26,18,29,29,22,20,21,23,22,17,21,24,17,34,29,26,29,18,24,27,29,21,22,27,24,26,24,21,23"
39,turtlebot,Pruebas,Pruebas/csi_dog_dataset/turtlebot/txt/csi_turtlebot_1039.txt,"[  570.801276] [AOA] Measurement: 0,1619021730.185791,48:8f:5a:df:02:3b,2,1,2,0,128,371,86,883,822,879,5,495,422,977,166,921,157,671,871,119,435,174,414,736,146,1016,328,107,209,230,351,221,389,676,278,627,338,37,41,27,37,29,36,22,20,9,16,26,35,20,10,20,5,27,8,17,37,15,2,22,24,24,22,16,18,3,12,30,17"
40,turtlebot,Pruebas,Pruebas/csi_dog_dataset/turtlebot/txt/csi_turtlebot_1040.txt,"[  571.857944] [AOA] Measurement: 0,1619021731.242462,48:8f:5a:df:02:3b,2,1,2,0,128,885,982,928,877,862,1011,444,389,440,1009,4,178,625,840,66,379,154,435,753,90,970,312,50,186,286,356,161,355,722,289,397,134,40,27,28,29,21,35,33,28,23,24,27,26,22,25,28,19,39,34,27,32,23,28,31,35,23,24,31,28,29,25,21,24"
41,nothing,Pruebas,Pruebas/csi_dog_dataset/nothing/txt/csi_nothing_1002.txt,"[  119.638325] [AOA] Measurement: 0,1619021279.022850,48:8f:5a:df:02:3b,2,1,2,0,128,197,1,830,877,980,13,410,513,955,90,921,17,786,993,122,399,944,20,431,845,70,841,648,977,966,135,957,40,229,803,210,904,61,63,63,62,62,62,63,58,64,63,63,63,62,63,61,62,62,62,63,64,64,64,62,63,64,63,63,60,61,64,62,62"
42,nothing,Pruebas,Pruebas/csi_dog_dataset/nothing/txt/csi_nothing_1003.txt,"[  120.699595] [AOA] Measurement: 0,1619021280.084113,48:8f:5a:df:02:3b,2,1,2,0,128,184,14,852,907,884,954,401,529,8,112,881,988,290,781,111,396,855,1000,486,884,583,1013,645,979,1008,171,921,1005,290,847,783,493,78,80,81,76,80,81,80,75,81,80,80,81,79,79,79,80,80,79,83,79,81,79,81,79,80,82,78,79,80,83,83,81"
43,nothing,Pruebas,Pruebas/csi_dog_dataset/nothing/txt/csi_nothing_1004.txt,"[  121.759854] [AOA] Measurement: 0,1619021281.144376,48:8f:5a:df:02:3b,2,1,2,0,128,281,54,832,864,971,972,425,571,981,103,927,14,771,979,100,351,982,23,442,838,657,31,576,963,974,172,1022,78,291,878,625,210,58,59,60,55,60,59,59,56,61,59,61,60,62,61,61,58,63,58,61,59,62,63,61,61,61,64,60,60,61,64,63,62"
44,nothing,Pruebas,Pruebas/csi_dog_dataset/nothing/txt/csi_nothing_1005.txt,"[  122.801083] [AOA] Measurement: 0,1619021282.185601,48:8f:5a:df:02:3b,2,1,2,0,128,174,1007,781,870,994,1010,849,302,32,152,949,53,769,941,100,344,863,987,453,846,612,1017,597,941,32,163,997,42,264,884,973,694,57,56,58,53,59,60,58,55,59,58,59,60,60,60,60,57,62,57,62,59,61,62,61,61,62,63,60,60,61,64,63,61"
45,nothing,Pruebas,Pruebas/csi_dog_dataset/nothing/txt/csi_nothing_1006.txt,"[  123.850929] [AOA] Measurement: 0,1619021283.235448,48:8f:5a:df:02:3b,2,1,2,0,128,285,33,823,844,982,1017,433,558,1006,138,887,11,792,978,117,385,944,18,435,870,623,20,630,986,39,251,908,1,319,835,262,901,61,61,62,57,62,60,61,57,60,62,60,61,60,63,60,61,61,60,60,61,63,60,62,61,62,61,62,60,61,63,61,62"
46,nothing,Pruebas,Pruebas/csi_dog_dataset/nothing/txt/csi_nothing_1007.txt,"[  124.910193] [AOA] Measurement: 0,1619021284.294711,48:8f:5a:df:02:3b,2,1,2,0,128,661,802,866,895,986,1,385,522,933,65,924,23,830,954,30,318,864,980,933,663,658,29,629,908,19,170,956,4,237,817,491,149,62,60,62,59,62,60,61,57,61,61,62,62,61,63,61,61,63,61,63,61,63,61,62,62,62,61,60,59,63,64,61,61"
47,nothing,Pruebas,Pruebas/csi_dog_dataset/nothing/txt/csi_nothing_1008.txt,"[  125.970292] [AOA] Measurement: 0,1619021285.354809,48:8f:5a:df:02:3b,2,1,2,0,128,207,19,886,940,908,954,435,556,24,111,876,1008,813,991,169,416,828,976,455,836,661,9,627,971,17,212,917,4,247,842,356,1003,61,60,62,59,61,61,62,58,62,63,62,62,61,63,62,61,62,61,62,61,62,61,62,62,63,61,62,59,62,63,63,61"
48,nothing,Pruebas,Pruebas/csi_dog_dataset/nothing/txt/csi_nothing_1009.txt,"[  127.030453] [AOA] Measurement: 0,1619021286.414971,48:8f:5a:df:02:3b,2,1,2,0,128,170,989,906,899,944,1002,356,504,37,124,882,17,848,967,117,408,950,41,367,779,629,35,649,974,1007,180,993,62,281,845,777,349,61,62,62,62,62,61,63,58,61,62,61,63,60,63,61,61,60,61,63,61,63,60,62,60,63,60,61,60,62,62,62,61"
49,nothing,Pruebas,Pruebas/csi_dog_dataset/nothing/txt/csi_nothing_1010.txt,"[  128.099076] [AOA] Measurement: 0,1619021287.483595,48:8f:5a:df:02:3b,2,1,2,0,128,232,38,850,899,888,977,425,553,20,117,892,3,869,996,46,321,910,1018,393,809,647,14,612,935,993,170,953,30,215,818,1003,694,61,59,62,59,61,61,62,58,62,62,61,62,61,63,62,60,62,59,63,60,61,61,63,62,63,61,60,60,63,63,63,60"
50,nothing,Pruebas,Pruebas/csi_dog_dataset/nothing/txt/csi_nothing_1011.txt,"[  129.160353] [AOA] Measurement: 0,1619021288.544871,48:8f:5a:df:02:3b,2,1,2,0,128,241,39,767,818,990,4,382,499,51,165,906,20,813,954,97,355,837,987,481,843,693,39,599,931,967,176,934,1009,194,794,519,34,62,61,62,59,62,61,61,59,61,61,60,63,61,63,62,59,63,59,63,61,63,62,64,62,62,62,60,61,62,64,64,63"
51,nothing,Pruebas,Pruebas/csi_dog_dataset/nothing/txt/csi_nothing_1012.txt,"[  130.220220] [AOA] Measurement: 0,1619021289.604737,48:8f:5a:df:02:3b,2,1,2,0,128,236,40,815,842,935,1021,370,514,987,119,868,28,815,994,72,365,898,1002,466,892,642,15,608,919,1022,152,987,64,284,853,733,307,71,71,75,69,74,74,75,68,75,73,73,74,77,76,77,72,81,73,79,73,79,78,78,76,77,81,76,74,77,80,80,80"
52,nothing,Pruebas,Pruebas/csi_dog_dataset/nothing/txt/csi_nothing_1013.txt,"[  131.271517] [AOA] Measurement: 0,1619021290.656037,48:8f:5a:df:02:3b,2,1,2,0,128,230,14,838,869,914,1012,398,501,45,155,851,988,289,786,87,368,859,996,468,856,607,1004,635,1000,1003,178,19,76,251,831,566,262,55,53,49,53,50,51,53,47,48,54,51,50,44,50,47,53,43,52,47,51,50,43,45,45,46,37,45,41,48,43,43,43"
53,nothing,Pruebas,Pruebas/csi_dog_dataset/nothing/txt/csi_nothing_1014.txt,"[  132.320966] [AOA] Measurement: 0,1619021291.705484,48:8f:5a:df:02:3b,2,1,2,0,128,196,9,798,846,948,16,358,494,1014,134,864,1019,895,1016,172,435,847,1005,414,842,600,14,606,960,967,145,1013,86,287,872,154,758,64,63,62,61,61,61,62,58,60,63,63,63,60,63,61,62,60,60,62,63,61,60,62,60,61,57,61,59,60,62,60,59"
54,nothing,Pruebas,Pruebas/csi_dog_dataset/nothing/txt/csi_nothing_1015.txt,"[  133.371112] [AOA] Measurement: 0,1619021292.755631,48:8f:5a:df:02:3b,2,1,2,0,128,217,1001,852,881,950,996,337,492,968,113,868,994,803,966,62,365,951,1023,431,834,582,961,614,963,998,142,932,46,256,873,695,395,58,57,59,55,59,59,59,54,60,59,58,60,61,61,59,58,62,56,62,58,62,60,62,60,61,62,60,61,62,63,65,63"
55,nothing,Pruebas,Pruebas/csi_dog_dataset/nothing/txt/csi_nothing_1016.txt,"[  134.421097] [AOA] Measurement: 0,1619021293.805616,48:8f:5a:df:02:3b,2,1,2,0,128,237,1013,831,863,1007,0,386,503,954,101,920,26,858,1015,56,320,926,13,446,893,614,28,623,973,968,157,979,84,264,847,927,568,61,62,62,58,60,62,63,58,61,62,62,63,60,63,61,61,61,61,62,62,63,60,62,60,62,60,60,60,63,63,62,60"
56,nothing,Pruebas,Pruebas/csi_dog_dataset/nothing/txt/csi_nothing_1017.txt,"[  135.471044] [AOA] Measurement: 0,1619021294.855562,48:8f:5a:df:02:3b,2,1,2,0,128,243,36,852,897,942,993,372,541,13,140,905,31,770,966,176,400,836,979,444,839,579,1014,666,978,994,186,903,24,267,817,854,577,80,81,82,80,78,78,80,76,80,81,80,79,75,80,77,79,75,78,77,79,80,76,79,77,77,73,76,73,79,77,77,74"
57,nothing,Pruebas,Pruebas/csi_dog_dataset/nothing/txt/csi_nothing_1018.txt,"[  136.521242] [AOA] Measurement: 0,1619021295.905760,48:8f:5a:df:02:3b,2,1,2,0,128,164,1016,806,838,997,7,376,512,982,75,899,8,866,999,59,327,876,997,447,824,654,38,604,932,963,150,984,52,253,837,669,416,61,60,60,59,62,61,62,58,60,62,61,62,62,62,60,61,62,61,63,61,62,61,63,61,62,62,61,61,63,64,64,61"
58,nothing,Pruebas,Pruebas/csi_dog_dataset/nothing/txt/csi_nothing_1019.txt,"[  137.571180] [AOA] Measurement: 0,1619021296.955698,48:8f:5a:df:02:3b,2,1,2,0,128,248,41,779,811,443,824,355,479,998,89,914,1016,875,975,50,324,893,1013,459,870,620,0,613,930,926,97,967,44,277,858,984,552,59,59,59,56,60,61,60,55,60,59,60,60,61,61,61,59,62,58,62,59,61,60,62,61,61,63,59,61,60,64,62,60"
59,nothing,Pruebas,Pruebas/csi_dog_dataset/nothing/txt/csi_nothing_1020.txt,"[  138.621072] [AOA] Measurement: 0,1619021298.005589,48:8f:5a:df:02:3b,2,1,2,0,128,250,27,219,652,440,835,824,278,497,982,931,1013,780,980,90,316,858,968,497,853,582,1019,613,968,1002,191,917,1019,270,861,225,891,72,73,77,71,76,75,76,71,75,76,74,76,80,79,78,76,80,75,80,76,78,79,81,79,78,83,78,79,78,80,82,79"
60,nothing,Pruebas,Pruebas/csi_dog_dataset/nothing/txt/csi_nothing_1021.txt,"[  139.671076] [AOA] Measurement: 0,1619021299.055594,48:8f:5a:df:02:3b,2,1,2,0,128,157,1001,760,829,998,15,398,531,994,70,949,34,833,983,68,354,792,926,497,906,601,1020,638,943,962,112,954,18,215,823,134,833,60,61,61,59,62,61,62,56,61,62,62,62,62,60,61,60,62,60,63,60,62,62,64,61,61,63,61,61,62,64,62,60"
61,nothing,Pruebas,Pruebas/csi_dog_dataset/nothing/txt/csi_nothing_1022.txt,"[  140.730403] [AOA] Measurement: 0,1619021300.114920,48:8f:5a:df:02:3b,2,1,2,0,128,199,13,869,916,933,1003,401,521,8,142,937,30,737,928,131,383,907,9,392,843,550,1013,593,947,1022,166,984,74,331,901,916,595,59,60,61,56,60,59,59,56,60,60,60,60,60,62,60,58,62,58,63,60,61,61,62,61,62,63,60,61,62,65,62,60"
62,nothing,Pruebas,Pruebas/csi_dog_dataset/nothing/txt/csi_nothing_1023.txt,"[  141.781104] [AOA] Measurement: 0,1619021301.165621,48:8f:5a:df:02:3b,2,1,2,0,128,226,998,918,921,992,1016,322,457,436,943,913,16,810,987,519,139,888,965,447,843,638,41,577,919,1001,186,916,1018,245,830,8,687,53,55,55,51,57,56,58,52,57,56,57,56,58,59,58,55,60,56,60,56,58,59,60,60,59,63,59,58,59,63,62,60"
63,nothing,Pruebas,Pruebas/csi_dog_dataset/nothing/txt/csi_nothing_1024.txt,"[  142.831221] [AOA] Measurement: 0,1619021302.215738,48:8f:5a:df:02:3b,2,1,2,0,128,136,956,283,704,957,1006,341,482,28,151,887,1001,846,993,49,308,923,1014,414,838,602,6,617,970,936,111,1012,70,276,869,298,960,61,62,61,59,61,61,62,58,61,62,63,63,60,63,62,62,61,60,63,62,61,61,62,61,62,61,61,58,64,63,61,59"
64,nothing,Pruebas,Pruebas/csi_dog_dataset/nothing/txt/csi_nothing_1025.txt,"[  143.890627] [AOA] Measurement: 0,1619021303.275145,48:8f:5a:df:02:3b,2,1,2,0,128,245,54,823,875,905,993,459,564,955,85,928,15,797,974,84,357,860,975,498,930,611,28,531,868,17,224,959,57,248,876,307,883,62,61,61,61,62,61,63,58,60,63,62,62,59,63,60,62,59,60,60,62,61,59,60,59,62,58,61,59,62,61,60,59"
65,nothing,Pruebas,Pruebas/csi_dog_dataset/nothing/txt/csi_nothing_1026.txt,"[  144.948068] [AOA] Measurement: 0,1619021304.332591,48:8f:5a:df:02:3b,2,1,2,0,128,216,12,847,911,927,993,361,490,3,149,913,32,861,1001,66,322,885,1015,512,920,586,1023,613,952,19,206,10,82,222,798,878,544,59,59,60,57,61,61,59,55,60,60,60,60,61,61,60,59,62,58,61,58,61,62,62,61,60,63,60,60,61,65,63,61"
66,nothing,Pruebas,Pruebas/csi_dog_dataset/nothing/txt/csi_nothing_1027.txt,"[  146.000548] [AOA] Measurement: 0,1619021305.385067,48:8f:5a:df:02:3b,2,1,2,0,128,249,0,821,866,950,1022,381,485,1013,98,865,1014,886,1011,71,316,915,1020,440,841,617,34,537,855,1002,182,11,80,216,814,466,142,62,61,63,58,62,62,62,57,62,61,62,63,62,64,60,62,61,62,62,62,63,62,63,62,63,62,59,59,63,64,62,61"
67,nothing,Pruebas,Pruebas/csi_dog_dataset/nothing/txt/csi_nothing_1028.txt,"[  147.052351] [AOA] Measurement: 0,1619021306.436869,48:8f:5a:df:02:3b,2,1,2,0,128,168,5,236,652,21,67,379,532,94,167,910,29,833,991,96,339,891,1,498,895,593,1019,687,1004,1016,203,908,21,284,865,869,527,63,61,60,58,61,61,63,59,62,62,61,61,62,62,60,62,60,62,62,62,61,60,62,60,64,62,60,60,62,62,61,60"
68,nothing,Pruebas,Pruebas/csi_dog_dataset/nothing/txt/csi_nothing_1029.txt,"[  148.109936] [AOA] Measurement: 0,1619021307.494454,48:8f:5a:df:02:3b,2,1,2,0,128,196,994,841,874,927,971,878,312,32,166,883,17,797,939,124,391,905,1015,397,811,1006,807,646,959,1009,150,902,987,338,893,13,761,77,77,79,75,79,79,79,72,80,79,80,77,80,81,79,77,81,78,82,77,80,80,80,81,81,81,81,78,78,81,82,80"
69,nothing,Pruebas,Pruebas/csi_dog_dataset/nothing/txt/csi_nothing_1030.txt,"[  149.161273] [AOA] Measurement: 0,1619021308.545791,48:8f:5a:df:02:3b,2,1,2,0,128,203,43,933,923,878,954,426,559,955,96,936,19,851,985,102,341,879,997,449,850,621,27,625,964,24,160,969,39,255,846,868,506,62,60,62,59,60,60,62,58,62,61,62,62,60,61,60,61,60,60,62,61,63,60,62,60,63,58,59,58,59,61,60,60"
70,nothing,Pruebas,Pruebas/csi_dog_dataset/nothing/txt/csi_nothing_1031.txt,"[  150.211232] [AOA] Measurement: 0,1619021309.595750,48:8f:5a:df:02:3b,2,1,2,0,128,219,21,859,894,962,1017,368,521,1013,98,977,54,821,955,569,196,921,27,427,832,589,2,621,919,0,197,970,75,212,816,960,592,61,61,63,58,61,62,62,56,60,60,62,61,60,63,61,59,63,59,63,60,62,61,61,59,63,61,61,58,62,63,63,61"
71,nothing,Pruebas,Pruebas/csi_dog_dataset/nothing/txt/csi_nothing_1032.txt,"[  168.193294] [AOA] Measurement: 0,1619021327.577812,48:8f:5a:df:02:3b,2,1,2,0,128,195,1016,267,690,932,1000,383,554,986,76,898,981,286,822,46,342,887,1002,470,884,623,1016,607,936,452,1020,971,14,258,828,485,173,62,55,60,53,61,61,65,40,61,61,61,65,59,65,64,59,71,61,70,58,69,58,73,68,67,68,68,63,72,75,69,64"
72,nothing,Pruebas,Pruebas/csi_dog_dataset/nothing/txt/csi_nothing_1033.txt,"[  169.241128] [AOA] Measurement: 0,1619021328.625646,48:8f:5a:df:02:3b,2,1,2,0,128,182,978,825,895,954,988,835,297,469,984,931,43,838,980,89,351,866,1022,453,813,571,997,601,937,929,115,969,60,240,801,67,819,68,68,69,63,70,69,71,63,68,69,70,69,69,71,69,67,71,67,73,69,71,70,74,71,70,72,69,67,71,74,73,70"
73,nothing,Pruebas,Pruebas/csi_dog_dataset/nothing/txt/csi_nothing_1034.txt,"[  170.290690] [AOA] Measurement: 0,1619021329.675208,48:8f:5a:df:02:3b,2,1,2,0,128,224,9,808,874,936,1003,357,497,1015,84,950,16,805,979,90,346,898,1019,459,833,640,57,604,953,959,134,982,45,272,873,825,383,67,60,63,59,65,66,68,43,65,65,66,67,61,66,65,64,74,64,71,59,71,61,73,71,70,66,72,64,74,74,73,66"
74,nothing,Pruebas,Pruebas/csi_dog_dataset/nothing/txt/csi_nothing_1035.txt,"[  171.350099] [AOA] Measurement: 0,1619021330.734616,48:8f:5a:df:02:3b,2,1,2,0,128,201,1000,771,862,999,15,351,543,994,109,988,98,797,961,95,350,335,844,452,857,584,10,595,942,1002,185,981,84,248,853,146,762,61,53,59,51,60,60,61,40,58,59,61,62,57,63,63,59,72,59,67,57,68,58,70,67,66,67,69,60,71,72,72,64"
75,nothing,Pruebas,Pruebas/csi_dog_dataset/nothing/txt/csi_nothing_1036.txt,"[  172.409529] [AOA] Measurement: 0,1619021331.794047,48:8f:5a:df:02:3b,2,1,2,0,128,251,41,788,829,909,972,456,618,1,122,971,49,779,966,105,373,909,20,447,892,596,4,633,962,1003,154,997,61,234,830,1022,615,67,60,64,59,66,65,68,43,64,66,65,70,62,67,66,61,73,63,72,60,73,60,74,71,70,67,71,65,74,76,71,66"
76,nothing,Pruebas,Pruebas/csi_dog_dataset/nothing/txt/csi_nothing_1037.txt,"[  173.460554] [AOA] Measurement: 0,1619021332.845072,48:8f:5a:df:02:3b,2,1,2,0,128,188,1007,878,876,910,975,346,520,967,54,372,890,855,985,57,335,843,967,544,914,578,1006,597,943,7,168,1012,94,157,775,619,276,62,57,60,57,63,62,64,41,62,61,62,65,58,65,65,60,71,61,69,58,69,59,73,68,65,67,68,63,72,74,70,64"
77,nothing,Pruebas,Pruebas/csi_dog_dataset/nothing/txt/csi_nothing_1038.txt,"[  174.519915] [AOA] Measurement: 0,1619021333.904433,48:8f:5a:df:02:3b,2,1,2,0,128,247,18,805,878,934,1008,346,549,39,140,962,60,880,975,88,378,910,31,442,843,587,4,704,991,983,141,902,10,231,819,610,216,74,65,67,62,68,65,70,41,64,68,69,71,57,67,64,63,69,66,70,60,73,61,71,68,69,60,70,60,73,72,70,63"
78,nothing,Pruebas,Pruebas/csi_dog_dataset/nothing/txt/csi_nothing_1039.txt,"[  175.579879] [AOA] Measurement: 0,1619021334.964397,48:8f:5a:df:02:3b,2,1,2,0,128,705,848,771,855,1005,40,366,519,958,69,998,64,799,963,97,402,889,9,427,865,566,999,667,995,917,95,1014,58,255,820,633,324,64,59,62,58,64,63,67,43,62,61,65,66,60,65,64,62,72,62,71,59,69,60,74,70,69,67,70,61,73,75,70,63"
79,nothing,Pruebas,Pruebas/csi_dog_dataset/nothing/txt/csi_nothing_1040.txt,"[  176.630829] [AOA] Measurement: 0,1619021336.015350,48:8f:5a:df:02:3b,2,1,2,0,128,276,38,790,846,1019,1017,354,560,51,147,899,23,796,960,108,370,869,15,426,869,677,29,629,954,22,180,900,13,241,830,984,662,68,54,59,51,54,55,62,30,49,62,60,61,37,51,49,46,46,56,48,47,59,47,55,48,52,35,50,39,55,51,52,44"
80,nothing,Pruebas,Pruebas/csi_dog_dataset/nothing/txt/csi_nothing_1041.txt,"[  177.690684] [AOA] Measurement: 0,1619021337.075201,48:8f:5a:df:02:3b,2,1,2,0,128,189,1011,827,880,910,986,351,546,1018,128,903,7,817,969,71,350,946,67,497,874,568,1005,550,930,975,135,1002,20,214,850,704,347,74,65,68,62,67,66,69,41,61,68,69,71,56,65,62,62,67,66,67,60,71,57,70,66,68,59,70,59,71,69,68,61"
81,turtlebot,Pruebas,Pruebas/csi_dog_dataset/turtlebot/txt/csi_turtlebot_1041.txt,"[  572.910790] [AOA] Measurement: 0,1619021732.295303,48:8f:5a:df:02:3b,2,1,2,0,128,334,137,877,968,986,954,484,852,882,34,829,925,658,707,476,157,431,618,480,845,962,795,750,950,741,1006,683,943,890,368,22,716,39,28,29,28,22,36,32,26,24,22,27,25,23,25,28,20,38,36,28,33,23,25,28,34,24,24,30,27,31,26,23,24"
82,turtlebot,Pruebas,Pruebas/csi_dog_dataset/turtlebot/txt/csi_turtlebot_1042.txt,"[  573.970335] [AOA] Measurement: 0,1619021733.354849,48:8f:5a:df:02:3b,2,1,2,0,128,369,124,915,862,829,980,467,332,69,217,928,101,774,935,1002,296,181,409,741,123,1014,319,25,188,220,383,151,342,682,286,189,877,35,24,26,27,19,30,28,21,19,22,23,23,18,22,24,16,37,30,26,28,19,24,27,31,22,21,27,25,26,23,21,23"
83,turtlebot,Pruebas,Pruebas/csi_dog_dataset/turtlebot/txt/csi_turtlebot_1043.txt,"[  575.030836] [AOA] Measurement: 0,1619021734.415349,48:8f:5a:df:02:3b,2,1,2,0,128,370,117,965,904,805,986,905,191,28,219,964,157,719,879,10,317,148,426,685,99,989,312,32,173,252,369,216,370,108,44,101,890,33,24,26,26,18,31,29,22,18,21,23,24,17,22,25,17,36,31,27,30,20,25,26,30,21,23,28,25,26,24,21,23"
84,turtlebot,Pruebas,Pruebas/csi_dog_dataset/turtlebot/txt/csi_turtlebot_1044.txt,"[  576.090319] [AOA] Measurement: 0,1619021735.474833,48:8f:5a:df:02:3b,2,1,2,0,128,347,52,384,668,850,6,555,432,990,182,917,113,671,849,38,357,133,401,676,121,486,137,80,204,169,287,752,237,695,268,50,772,34,25,28,26,18,32,29,22,18,21,24,23,18,22,24,17,35,30,26,31,19,25,26,31,19,22,26,25,25,23,21,21"
85,turtlebot,Pruebas,Pruebas/csi_dog_dataset/turtlebot/txt/csi_turtlebot_1045.txt,"[  577.141305] [AOA] Measurement: 0,1619021736.525821,48:8f:5a:df:02:3b,2,1,2,0,128,396,97,967,913,827,998,445,382,1022,162,955,165,675,874,31,347,646,194,700,129,7,319,38,197,239,348,184,348,697,265,963,621,39,28,30,31,23,39,34,27,23,23,28,27,22,26,30,20,39,36,29,33,26,29,31,38,23,25,32,29,32,28,24,26"
86,turtlebot,Pruebas,Pruebas/csi_dog_dataset/turtlebot/txt/csi_turtlebot_1046.txt,"[  578.209961] [AOA] Measurement: 0,1619021737.594473,48:8f:5a:df:02:3b,2,1,2,0,128,375,87,971,902,786,993,451,395,1018,200,419,970,648,832,472,146,206,424,697,137,975,285,110,246,158,274,180,376,672,250,830,469,41,28,30,30,23,38,34,27,23,24,29,27,23,26,28,19,40,36,29,36,23,29,30,36,26,23,32,29,33,27,24,27"
87,turtlebot,Pruebas,Pruebas/csi_dog_dataset/turtlebot/txt/csi_turtlebot_1047.txt,"[  579.270878] [AOA] Measurement: 0,1619021738.655390,48:8f:5a:df:02:3b,2,1,2,0,128,328,84,880,870,829,999,439,402,30,192,903,104,698,860,462,109,678,278,722,137,991,303,24,180,211,345,116,324,697,277,728,390,39,27,30,29,21,36,32,27,22,22,26,27,22,24,27,18,37,33,26,30,22,26,29,34,25,23,31,27,31,27,22,25"
88,turtlebot,Pruebas,Pruebas/csi_dog_dataset/turtlebot/txt/csi_turtlebot_1048.txt,"[  580.330851] [AOA] Measurement: 0,1619021739.715365,48:8f:5a:df:02:3b,2,1,2,0,128,359,115,889,845,813,17,898,207,20,185,392,971,654,847,428,80,644,211,717,83,998,276,42,133,322,362,154,343,711,293,148,834,38,29,28,28,22,35,33,26,22,22,25,26,21,26,28,20,37,36,27,30,23,28,27,34,24,24,31,26,30,27,23,24"
89,turtlebot,Pruebas,Pruebas/csi_dog_dataset/turtlebot/txt/csi_turtlebot_1049.txt,"[  581.390703] [AOA] Measurement: 0,1619021740.775215,48:8f:5a:df:02:3b,2,1,2,0,128,422,127,955,894,846,1010,483,413,981,172,967,133,682,896,89,332,172,419,700,124,947,289,52,179,205,315,189,358,727,289,646,249,41,30,29,30,24,38,32,28,25,24,27,29,23,25,28,20,38,35,29,34,25,28,32,37,25,25,32,30,33,29,25,28"
90,turtlebot,Pruebas,Pruebas/csi_dog_dataset/turtlebot/txt/csi_turtlebot_1050.txt,"[  582.441298] [AOA] Measurement: 0,1619021741.825812,48:8f:5a:df:02:3b,2,1,2,0,128,364,110,909,861,907,1,520,423,6,204,902,125,701,871,25,363,228,433,752,183,36,340,69,199,169,291,229,426,681,273,317,966,34,25,26,27,20,33,30,22,20,22,25,23,19,21,25,18,37,32,28,34,21,25,29,33,22,23,29,27,27,26,25,25"
91,turtlebot,Pruebas,Pruebas/csi_dog_dataset/turtlebot/txt/csi_turtlebot_1051.txt,"[  593.094278] [AOA] Measurement: 0,1619021752.478798,48:8f:5a:df:02:3b,2,1,2,0,128,898,980,913,871,768,962,981,250,3,207,362,913,672,868,17,359,136,374,141,918,491,165,34,214,224,355,190,363,725,283,994,758,33,23,24,23,17,30,25,21,19,20,22,21,18,20,24,16,32,30,24,26,20,21,23,27,20,19,25,22,25,21,19,21"
92,turtlebot,Pruebas,Pruebas/csi_dog_dataset/turtlebot/txt/csi_turtlebot_1052.txt,"[  603.787449] [AOA] Measurement: 0,1619021763.171967,48:8f:5a:df:02:3b,2,1,2,0,128,392,97,342,688,940,44,438,379,984,206,943,128,695,899,56,391,190,417,695,100,99,370,48,168,166,317,177,417,679,263,872,480,38,26,27,28,21,34,30,24,20,24,27,27,21,23,25,18,38,33,28,32,22,25,29,33,24,24,29,27,28,26,23,25"
93,turtlebot,Pruebas,Pruebas/csi_dog_dataset/turtlebot/txt/csi_turtlebot_1053.txt,"[  604.840425] [AOA] Measurement: 0,1619021764.224939,48:8f:5a:df:02:3b,2,1,2,0,128,341,79,901,836,262,810,920,202,517,44,431,985,677,868,18,342,178,394,641,78,975,275,43,193,177,300,216,351,713,274,317,122,37,25,28,28,21,34,30,25,22,21,26,24,21,22,26,18,33,32,27,30,22,26,27,32,23,22,28,25,29,24,21,22"
94,turtlebot,Pruebas,Pruebas/csi_dog_dataset/turtlebot/txt/csi_turtlebot_1054.txt,"[  605.881297] [AOA] Measurement: 0,1619021765.265810,48:8f:5a:df:02:3b,2,1,2,0,128,468,186,820,802,858,1002,1001,211,13,187,961,150,700,886,70,347,133,366,679,68,1010,300,111,228,244,356,147,341,699,295,890,570,37,24,28,27,20,33,29,24,21,23,25,25,20,24,26,17,38,33,27,32,20,24,29,33,23,24,28,26,29,25,24,26"
95,turtlebot,Pruebas,Pruebas/csi_dog_dataset/turtlebot/txt/csi_turtlebot_1055.txt,"[  606.940382] [AOA] Measurement: 0,1619021766.324894,48:8f:5a:df:02:3b,2,1,2,0,128,386,102,890,858,866,10,476,407,979,165,19,157,621,841,538,213,139,351,710,129,1,343,100,234,226,364,194,386,669,256,371,76,38,27,30,28,21,35,32,25,21,24,26,26,20,23,26,17,39,33,29,34,22,27,28,33,24,24,30,27,30,26,24,26"
96,turtlebot,Pruebas,Pruebas/csi_dog_dataset/turtlebot/txt/csi_turtlebot_1056.txt,"[  607.998046] [AOA] Measurement: 0,1619021767.382564,48:8f:5a:df:02:3b,2,1,2,0,128,344,78,395,697,899,1023,469,367,452,8,996,160,668,844,1022,354,181,402,144,969,6,337,34,171,231,336,640,135,150,56,606,403,37,24,28,28,21,33,30,24,21,23,25,25,19,24,26,18,38,34,29,32,22,25,28,33,22,25,28,25,29,25,24,25"
97,turtlebot,Pruebas,Pruebas/csi_dog_dataset/turtlebot/txt/csi_turtlebot_1057.txt,"[  609.050694] [AOA] Measurement: 0,1619021768.435209,48:8f:5a:df:02:3b,2,1,2,0,128,363,73,903,875,270,827,507,435,7,184,922,138,630,835,516,191,164,415,710,188,992,323,42,194,211,324,195,382,667,235,956,588,39,25,28,28,19,33,30,24,21,23,27,26,19,23,27,17,38,33,30,33,23,25,29,33,23,25,30,27,30,26,24,25"
98,turtlebot,Pruebas,Pruebas/csi_dog_dataset/turtlebot/txt/csi_turtlebot_1058.txt,"[  610.110474] [AOA] Measurement: 0,1619021769.494988,48:8f:5a:df:02:3b,2,1,2,0,128,320,63,916,891,931,30,482,441,976,210,992,155,602,816,517,188,134,378,767,156,976,315,8,135,271,367,160,336,679,288,383,47,39,27,29,29,19,34,32,23,22,24,27,27,21,23,26,18,38,34,30,31,21,27,29,32,22,23,30,28,29,25,23,23"
99,turtlebot,Pruebas,Pruebas/csi_dog_dataset/turtlebot/txt/csi_turtlebot_1059.txt,"[  611.161698] [AOA] Measurement: 0,1619021770.546210,48:8f:5a:df:02:3b,2,1,2,0,128,388,112,881,818,856,1015,449,394,56,227,882,102,690,847,1016,320,658,241,689,103,3,331,66,185,225,365,193,379,680,274,785,453,37,26,28,27,19,33,30,24,21,23,25,25,20,24,26,18,37,35,28,30,22,25,28,33,22,25,29,27,28,26,23,24"
100,turtlebot,Pruebas,Pruebas/csi_dog_dataset/turtlebot/txt/csi_turtlebot_1060.txt,"[  612.220531] [AOA] Measurement: 0,1619021771.605043,48:8f:5a:df:02:3b,2,1,2,0,128,414,119,949,890,815,1000,451,352,76,273,912,105,626,836,125,450,62,319,686,123,1007,321,66,192,229,322,186,352,635,211,772,420,35,25,28,27,19,32,29,24,20,22,24,25,21,23,26,17,34,31,25,28,21,24,26,30,22,22,28,26,29,24,23,23"
101,turtlebot,Pruebas,Pruebas/csi_dog_dataset/turtlebot/txt/csi_turtlebot_1061.txt,"[  613.280274] [AOA] Measurement: 0,1619021772.664789,48:8f:5a:df:02:3b,2,1,2,0,128,346,86,971,885,836,997,955,217,21,219,974,185,594,823,539,171,612,208,147,920,406,85,71,193,686,115,666,154,156,69,753,428,38,25,29,28,20,34,30,24,20,24,25,27,19,24,27,18,37,34,29,30,22,26,29,33,24,24,30,25,28,26,25,27"
102,turtlebot,Pruebas,Pruebas/csi_dog_dataset/turtlebot/txt/csi_turtlebot_1062.txt,"[  295.899994] [AOA] Measurement: 0,1619021455.284511,48:8f:5a:df:02:3b,2,1,2,0,128,710,867,907,923,965,1001,827,336,41,147,903,4,761,960,110,322,940,51,486,888,633,17,642,968,3,161,1005,101,261,878,436,192,58,53,55,51,56,57,58,37,55,57,56,60,54,58,59,53,66,55,63,51,60,52,66,62,61,61,61,57,65,67,65,59"
103,turtlebot,dataset_original,csi_dog_dataset/turtlebot/txt/csi_turtlebot_1.txt,"[ 3978.588241] [AOA] Measurement: 0,1619025136.459056,48:8f:5a:df:02:3b,2,1,2,0,128,207,114,836,891,42,1010,384,827,882,1007,648,997,855,923,32,439,786,523,594,870,729,913,819,912,727,1021,748,1017,212,716,228,964,31,33,33,33,29,45,32,22,18,37,27,42,26,7,30,17,18,7,17,11,9,15,20,19,34,33,29,26,15,26,31,20"
104,turtlebot,dataset_original,csi_dog_dataset/turtlebot/txt/csi_turtlebot_10.txt,"[ 3988.089899] [AOA] Measurement: 0,1619025145.960708,48:8f:5a:df:02:3b,2,1,2,0,128,345,194,800,898,1010,11,302,752,906,1004,733,1004,846,856,981,388,800,639,662,892,718,919,783,898,744,1023,721,992,165,686,374,176,31,33,33,36,28,41,34,22,15,35,27,39,25,9,28,15,23,4,18,10,8,16,18,19,36,32,29,27,14,24,31,21"
105,turtlebot,dataset_original,csi_dog_dataset/turtlebot/txt/csi_turtlebot_100.txt,"[ 4082.981680] [AOA] Measurement: 0,1619025240.852488,48:8f:5a:df:02:3b,2,1,2,0,128,808,1014,54,1021,1008,1001,356,646,321,839,283,866,844,992,106,336,20,107,665,992,577,48,665,989,890,140,877,74,194,736,772,450,40,43,40,36,44,45,27,30,33,34,42,49,55,41,53,42,36,37,36,44,40,36,51,30,40,29,38,22,45,53,55,40"
106,turtlebot,dataset_original,csi_dog_dataset/turtlebot/txt/csi_turtlebot_1000.txt,"[ 5244.491701] [AOA] Measurement: 0,1619026402.362498,48:8f:5a:df:02:3b,2,1,2,0,128,367,165,964,960,936,985,455,729,954,7,821,21,813,988,150,366,979,82,579,893,635,55,607,902,942,130,833,23,223,823,662,166,45,43,44,38,40,36,21,30,25,32,40,56,45,33,47,31,42,46,32,45,39,30,54,28,33,28,29,21,35,46,45,29"
107,turtlebot,dataset_original,csi_dog_dataset/turtlebot/txt/csi_turtlebot_101.txt,"[ 4084.040614] [AOA] Measurement: 0,1619025241.911424,48:8f:5a:df:02:3b,2,1,2,0,128,375,188,909,909,1020,35,359,677,941,88,829,54,809,982,41,308,31,103,620,949,620,87,612,932,889,126,849,76,145,739,79,838,47,55,50,44,49,50,31,32,35,36,48,61,56,44,57,41,36,50,40,47,46,39,58,34,42,32,43,28,40,54,54,38"
108,turtlebot,dataset_original,csi_dog_dataset/turtlebot/txt/csi_turtlebot_101_1.txt,"[ 3536.767768] [AOA] Measurement: 0,1619024694.638581,48:8f:5a:df:02:3b,2,1,2,0,128,690,992,865,898,29,944,800,618,458,37,799,13,691,628,26,928,663,644,926,511,276,855,353,811,96,845,710,995,427,315,131,777,51,31,50,49,24,40,32,31,10,25,18,31,5,10,12,6,62,50,37,30,21,31,16,37,33,34,28,31,23,25,42,26"
109,turtlebot,dataset_original,csi_dog_dataset/turtlebot/txt/csi_turtlebot_101_2.txt,"[ 3537.811237] [AOA] Measurement: 0,1619024695.682051,48:8f:5a:df:02:3b,2,1,2,0,128,191,134,794,960,142,15,319,816,258,34,855,60,510,273,147,686,775,769,314,623,167,687,817,605,697,81,764,992,899,421,598,305,42,31,49,44,18,32,26,26,10,15,11,17,6,17,13,4,48,32,28,24,18,33,13,32,32,25,20,23,21,22,35,18"
110,turtlebot,dataset_original,csi_dog_dataset/turtlebot/txt/csi_turtlebot_101_3.txt,"[ 3538.861668] [AOA] Measurement: 0,1619024696.732480,48:8f:5a:df:02:3b,2,1,2,0,128,271,134,804,913,96,4,245,778,558,1012,741,992,600,662,1011,258,764,718,952,525,293,847,381,807,678,15,217,879,936,461,266,873,50,35,48,46,19,42,34,24,11,18,11,20,5,19,13,3,52,36,36,27,14,34,11,28,29,29,14,25,33,30,47,29"
111,turtlebot,dataset_original,csi_dog_dataset/turtlebot/txt/csi_turtlebot_101_4.txt,"[ 3539.911952] [AOA] Measurement: 0,1619024697.782764,48:8f:5a:df:02:3b,2,1,2,0,128,163,80,849,950,87,10,252,746,533,54,736,995,550,604,976,259,739,689,921,519,257,881,393,864,639,998,769,1016,934,506,594,322,51,36,48,46,18,42,34,24,11,17,12,19,6,20,13,2,50,35,35,26,14,33,9,28,31,29,16,24,31,29,47,29"
112,turtlebot,dataset_original,csi_dog_dataset/turtlebot/txt/csi_turtlebot_101_5.txt,"[ 3540.970311] [AOA] Measurement: 0,1619024698.841125,48:8f:5a:df:02:3b,2,1,2,0,128,668,961,852,917,34,1000,266,756,555,1019,755,1022,566,641,947,198,741,771,458,699,241,890,415,835,639,991,789,44,917,497,77,816,44,32,43,40,15,35,29,20,10,14,9,16,8,17,12,3,44,31,31,21,12,29,7,23,27,23,14,22,27,25,41,25"
113,turtlebot,dataset_original,csi_dog_dataset/turtlebot/txt/csi_turtlebot_101_6.txt,"[ 3542.011359] [AOA] Measurement: 0,1619024699.882171,48:8f:5a:df:02:3b,2,1,2,0,128,231,103,830,949,88,3,239,775,924,774,757,988,600,592,473,82,722,716,451,693,251,827,371,828,702,38,711,1003,943,483,3,795,51,35,49,46,19,41,34,25,10,17,11,20,7,20,13,2,52,37,36,27,15,34,9,28,31,28,16,24,34,30,48,29"
114,turtlebot,dataset_original,csi_dog_dataset/turtlebot/txt/csi_turtlebot_101_7.txt,"[ 3543.071207] [AOA] Measurement: 0,1619024700.942018,48:8f:5a:df:02:3b,2,1,2,0,128,255,151,830,917,56,1005,280,799,949,808,820,1018,565,622,997,269,750,720,909,491,308,898,451,858,621,1001,182,792,964,511,149,859,50,35,49,47,17,40,36,23,12,17,11,18,8,19,14,3,51,34,37,26,14,34,9,29,31,28,17,24,32,30,48,29"
115,turtlebot,dataset_original,csi_dog_dataset/turtlebot/txt/csi_turtlebot_101_8.txt,"[ 3544.121524] [AOA] Measurement: 0,1619024701.992338,48:8f:5a:df:02:3b,2,1,2,0,128,201,124,872,954,136,50,245,763,498,995,683,976,652,728,931,179,765,743,543,716,279,898,417,821,651,1006,814,51,884,461,37,768,50,34,50,46,18,40,34,23,12,16,11,18,6,21,15,4,52,34,35,24,15,34,9,27,33,27,16,26,31,29,49,30"
116,turtlebot,dataset_original,csi_dog_dataset/turtlebot/txt/csi_turtlebot_102.txt,"[ 4085.091868] [AOA] Measurement: 0,1619025242.962678,48:8f:5a:df:02:3b,2,1,2,0,128,379,215,26,967,1004,998,448,729,983,123,798,7,812,992,87,333,972,66,691,953,666,109,645,975,870,137,906,122,220,791,306,986,45,52,50,46,50,52,33,33,35,37,49,60,56,45,58,41,38,50,42,49,45,39,58,33,44,34,43,27,43,56,55,39"
117,turtlebot,dataset_original,csi_dog_dataset/turtlebot/txt/csi_turtlebot_103.txt,"[ 4086.141585] [AOA] Measurement: 0,1619025244.012394,48:8f:5a:df:02:3b,2,1,2,0,128,344,183,8,1014,1,1023,414,703,973,123,849,89,803,946,56,313,3,76,651,943,551,22,706,999,862,125,277,844,229,796,74,733,47,55,49,44,50,51,32,33,36,37,51,59,56,45,56,41,40,49,41,48,46,40,58,33,45,33,43,27,42,56,56,40"
118,turtlebot,dataset_original,csi_dog_dataset/turtlebot/txt/csi_turtlebot_104.txt,"[ 4087.210128] [AOA] Measurement: 0,1619025245.080938,48:8f:5a:df:02:3b,2,1,2,0,128,421,219,8,1014,1015,996,395,711,923,80,785,1006,817,979,64,283,13,100,595,881,672,105,664,948,917,152,920,56,129,739,204,924,46,52,48,43,49,51,31,33,36,36,48,59,58,46,57,43,39,47,40,49,46,43,55,34,45,33,43,27,44,58,59,40"
119,turtlebot,dataset_original,csi_dog_dataset/turtlebot/txt/csi_turtlebot_105.txt,"[ 4088.268272] [AOA] Measurement: 0,1619025246.139084,48:8f:5a:df:02:3b,2,1,2,0,128,368,193,405,748,1022,13,417,731,885,39,710,976,298,792,88,330,949,46,558,823,608,31,677,971,866,134,853,63,186,810,208,904,46,55,49,46,49,50,31,33,35,36,50,60,54,43,54,39,38,48,39,46,45,38,56,32,41,32,41,28,39,54,53,35"
120,turtlebot,dataset_original,csi_dog_dataset/turtlebot/txt/csi_turtlebot_106.txt,"[ 4089.330670] [AOA] Measurement: 0,1619025247.201479,48:8f:5a:df:02:3b,2,1,2,0,128,368,205,967,944,1000,986,417,741,919,52,872,36,802,983,122,334,13,153,608,962,566,65,682,977,903,122,782,1,276,859,1014,636,47,53,49,45,51,51,32,32,37,38,50,59,57,46,57,41,38,50,41,47,45,40,58,34,46,33,43,27,44,56,56,38"
121,nothing,Pruebas,Pruebas/csi_dog_dataset/nothing/txt/csi_nothing_1042.txt,"[  178.740978] [AOA] Measurement: 0,1619021338.125495,48:8f:5a:df:02:3b,2,1,2,0,128,221,1009,853,871,916,980,375,520,1016,123,932,54,740,952,120,369,810,970,426,845,631,43,597,968,17,176,969,44,308,885,477,72,69,56,62,53,56,57,64,32,50,65,60,61,41,52,50,51,50,59,56,50,62,50,57,52,59,40,56,45,59,55,57,50"
122,nothing,Pruebas,Pruebas/csi_dog_dataset/nothing/txt/csi_nothing_1043.txt,"[  179.799453] [AOA] Measurement: 0,1619021339.183970,48:8f:5a:df:02:3b,2,1,2,0,128,222,8,236,666,910,957,866,331,1013,113,899,42,807,953,64,351,909,1018,465,852,655,23,601,940,1004,161,922,18,265,882,359,1006,70,63,66,61,67,64,70,43,64,66,66,71,61,69,65,64,70,66,73,61,74,62,73,71,70,65,71,63,76,75,71,64"
123,nothing,Pruebas,Pruebas/csi_dog_dataset/nothing/txt/csi_nothing_1044.txt,"[  180.857763] [AOA] Measurement: 0,1619021340.242286,48:8f:5a:df:02:3b,2,1,2,0,128,202,2,886,899,903,979,478,574,923,96,930,39,816,983,58,346,891,1023,431,836,664,16,603,963,958,130,965,17,249,826,746,405,60,55,56,51,60,59,61,40,58,58,57,63,56,62,61,57,68,56,65,56,66,57,69,67,65,65,67,61,72,72,68,63"
124,nothing,Pruebas,Pruebas/csi_dog_dataset/nothing/txt/csi_nothing_1045.txt,"[  181.900732] [AOA] Measurement: 0,1619021341.285249,48:8f:5a:df:02:3b,2,1,2,0,128,247,40,787,851,941,1006,381,577,1001,128,901,4,799,974,128,414,845,991,515,893,652,1021,613,949,1004,173,973,49,212,833,396,1012,61,55,59,54,61,62,63,40,61,58,61,65,60,61,64,60,70,59,68,55,68,58,71,68,66,67,69,61,72,72,70,65"
125,nothing,Pruebas,Pruebas/csi_dog_dataset/nothing/txt/csi_nothing_1046.txt,"[  182.950565] [AOA] Measurement: 0,1619021342.335085,48:8f:5a:df:02:3b,2,1,2,0,128,274,27,840,870,903,984,425,516,42,160,967,83,796,952,96,358,916,27,514,865,597,16,605,949,994,169,966,48,233,848,429,62,70,63,66,61,66,66,68,43,64,66,65,69,60,69,66,62,72,65,73,62,73,61,73,70,70,66,73,63,75,74,73,65"
126,nothing,Pruebas,Pruebas/csi_dog_dataset/nothing/txt/csi_nothing_1047.txt,"[  184.018371] [AOA] Measurement: 0,1619021343.402889,48:8f:5a:df:02:3b,2,1,2,0,128,189,36,768,817,979,54,330,502,7,120,970,34,770,973,79,338,917,40,476,875,611,50,623,949,1002,151,916,38,288,871,510,72,68,53,59,51,54,56,62,29,50,62,60,59,36,49,49,48,46,59,48,46,57,46,54,47,54,34,51,38,53,49,53,45"
127,nothing,Pruebas,Pruebas/csi_dog_dataset/nothing/txt/csi_nothing_1048.txt,"[  185.068084] [AOA] Measurement: 0,1619021344.452606,48:8f:5a:df:02:3b,2,1,2,0,128,239,1023,769,869,954,0,355,529,23,124,910,38,778,957,106,396,899,1012,435,838,605,1004,654,966,975,114,1012,77,266,854,849,455,64,57,61,56,63,61,65,42,61,61,61,65,59,64,63,61,72,60,69,57,70,61,71,69,66,66,69,63,74,75,71,63"
128,nothing,Pruebas,Pruebas/csi_dog_dataset/nothing/txt/csi_nothing_1049.txt,"[  186.120201] [AOA] Measurement: 0,1619021345.504719,48:8f:5a:df:02:3b,2,1,2,0,128,644,815,785,868,922,1014,391,472,994,100,907,10,771,931,54,347,885,2,423,809,597,1000,668,986,944,130,923,1016,251,821,964,554,63,56,60,56,62,63,65,42,62,63,62,67,59,65,65,60,71,60,70,59,71,60,72,69,66,65,67,63,72,73,70,64"
129,nothing,Pruebas,Pruebas/csi_dog_dataset/nothing/txt/csi_nothing_1050.txt,"[  187.179826] [AOA] Measurement: 0,1619021346.564344,48:8f:5a:df:02:3b,2,1,2,0,128,312,72,832,870,932,1006,402,558,56,150,912,11,787,974,30,381,891,1017,487,896,543,7,650,963,1020,179,992,82,200,837,147,765,66,60,63,58,65,64,67,42,63,62,64,66,60,65,64,60,71,62,71,59,69,62,72,68,68,66,69,63,73,74,70,64"
130,nothing,Pruebas,Pruebas/csi_dog_dataset/nothing/txt/csi_nothing_1051.txt,"[  188.239314] [AOA] Measurement: 0,1619021347.623831,48:8f:5a:df:02:3b,2,1,2,0,128,208,34,785,818,958,5,393,541,60,168,914,28,799,994,166,405,913,5,465,869,589,984,592,925,22,186,930,11,195,825,29,670,66,61,62,57,66,65,68,42,63,64,65,68,60,67,63,61,71,61,72,59,70,60,73,69,66,66,69,63,73,74,71,65"
131,nothing,Pruebas,Pruebas/csi_dog_dataset/nothing/txt/csi_nothing_1052.txt,"[  189.309234] [AOA] Measurement: 0,1619021348.693752,48:8f:5a:df:02:3b,2,1,2,0,128,188,995,776,809,930,988,436,509,436,930,873,1017,779,942,109,354,920,29,429,821,649,10,651,1000,981,147,996,63,257,845,876,462,61,55,59,55,62,61,63,41,62,62,62,64,58,62,62,60,69,60,68,57,67,59,70,67,67,66,67,62,72,73,69,63"
132,nothing,Pruebas,Pruebas/csi_dog_dataset/nothing/txt/csi_nothing_1053.txt,"[  190.360607] [AOA] Measurement: 0,1619021349.745124,48:8f:5a:df:02:3b,2,1,2,0,128,215,1009,821,856,880,956,875,318,1006,117,894,21,798,981,34,296,933,17,425,815,596,4,560,936,982,173,1012,68,227,852,192,896,60,54,58,53,59,61,62,40,59,57,60,61,59,61,62,58,70,57,67,55,68,59,71,66,64,66,66,60,71,73,68,63"
133,nothing,Pruebas,Pruebas/csi_dog_dataset/nothing/txt/csi_nothing_1054.txt,"[  191.429221] [AOA] Measurement: 0,1619021350.813738,48:8f:5a:df:02:3b,2,1,2,0,128,153,980,267,701,439,820,405,560,1001,98,853,1023,841,976,75,374,838,1020,419,809,636,8,614,949,970,152,983,28,286,870,766,387,66,58,62,57,63,63,65,41,63,61,62,67,60,66,63,59,71,59,69,60,69,59,71,68,67,66,68,62,72,74,70,64"
134,nothing,Pruebas,Pruebas/csi_dog_dataset/nothing/txt/csi_nothing_1055.txt,"[  192.489908] [AOA] Measurement: 0,1619021351.874426,48:8f:5a:df:02:3b,2,1,2,0,128,288,49,862,909,914,995,384,580,992,109,913,6,803,962,102,402,887,1013,474,848,637,10,627,968,20,175,12,109,252,893,256,821,70,63,67,63,68,66,69,42,64,67,67,70,61,67,64,63,71,64,71,62,72,59,74,70,70,65,70,63,74,74,71,65"
135,nothing,Pruebas,Pruebas/csi_dog_dataset/nothing/txt/csi_nothing_1056.txt,"[  193.541434] [AOA] Measurement: 0,1619021352.925953,48:8f:5a:df:02:3b,2,1,2,0,128,231,29,813,854,964,994,331,552,984,81,926,22,785,980,61,370,923,1018,440,840,584,3,607,943,40,203,937,21,286,876,410,1007,64,59,62,56,61,63,67,42,62,62,62,65,60,65,63,59,70,60,71,58,69,60,72,69,68,67,66,61,72,74,69,61"
136,nothing,Pruebas,Pruebas/csi_dog_dataset/nothing/txt/csi_nothing_1057.txt,"[  194.590787] [AOA] Measurement: 0,1619021353.975305,48:8f:5a:df:02:3b,2,1,2,0,128,707,838,290,670,409,827,404,571,1020,89,890,1015,815,955,100,361,841,992,467,879,687,59,649,980,978,127,971,49,250,815,112,782,71,59,65,57,60,61,67,35,55,66,65,66,46,59,55,55,56,63,59,54,65,53,61,58,61,46,60,50,64,59,61,53"
137,nothing,Pruebas,Pruebas/csi_dog_dataset/nothing/txt/csi_nothing_1058.txt,"[  195.650083] [AOA] Measurement: 0,1619021355.034600,48:8f:5a:df:02:3b,2,1,2,0,128,211,22,800,806,971,3,346,530,8,139,867,996,851,1023,114,363,887,26,436,846,586,1015,559,937,1000,157,958,52,280,853,977,539,58,52,55,51,58,57,61,39,56,56,57,61,56,61,61,54,69,56,65,54,65,56,69,65,64,65,64,60,70,73,69,62"
138,nothing,Pruebas,Pruebas/csi_dog_dataset/nothing/txt/csi_nothing_1059.txt,"[  196.700977] [AOA] Measurement: 0,1619021356.085495,48:8f:5a:df:02:3b,2,1,2,0,128,238,33,789,852,423,826,364,513,480,944,940,56,770,950,175,424,872,27,413,795,602,1022,591,966,1000,162,965,73,247,809,956,614,59,54,55,50,58,59,62,38,56,56,56,60,56,59,60,54,68,54,64,51,63,56,67,64,61,64,63,59,65,67,64,58"
139,nothing,Pruebas,Pruebas/csi_dog_dataset/nothing/txt/csi_nothing_1060.txt,"[  197.759910] [AOA] Measurement: 0,1619021357.144427,48:8f:5a:df:02:3b,2,1,2,0,128,708,844,874,877,902,1013,357,540,1004,120,898,36,837,996,94,410,957,36,452,904,542,978,626,924,21,175,935,14,745,684,466,167,67,54,60,52,55,57,61,29,49,61,60,60,37,51,49,47,46,59,50,47,58,48,53,48,53,36,50,39,54,51,52,44"
140,nothing,Pruebas,Pruebas/csi_dog_dataset/nothing/txt/csi_nothing_1061.txt,"[  198.819545] [AOA] Measurement: 0,1619021358.204062,48:8f:5a:df:02:3b,2,1,2,0,128,195,1009,825,884,337,778,885,383,1023,135,915,24,841,1010,84,344,981,70,438,869,602,14,652,975,968,129,955,51,266,865,182,920,64,57,61,56,64,62,63,40,60,61,61,66,57,65,63,60,72,62,69,59,69,59,72,69,67,65,67,61,73,73,71,62"
141,nothing,Pruebas,Pruebas/csi_dog_dataset/nothing/txt/csi_nothing_1062.txt,"[  199.870622] [AOA] Measurement: 0,1619021359.255138,48:8f:5a:df:02:3b,2,1,2,0,128,264,1,806,835,426,860,337,501,1017,83,907,21,209,764,92,385,932,38,470,845,608,1018,631,933,981,147,904,19,263,856,454,0,69,56,61,54,58,58,62,32,52,65,61,63,41,54,53,49,49,58,54,50,60,51,56,50,58,40,54,43,60,56,56,49"
142,nothing,dataset_original,csi_dog_dataset/nothing/txt/csi_nothing_1.txt,"[ 5330.440199] [AOA] Measurement: 0,1619026488.310997,48:8f:5a:df:02:3b,2,1,2,0,128,215,13,812,791,975,1013,370,541,1017,112,871,1022,834,952,103,393,841,996,500,858,638,25,593,952,947,135,976,51,223,821,966,537,59,52,60,53,57,57,60,37,57,58,58,61,56,60,59,55,66,55,65,55,64,54,67,63,61,60,63,57,66,69,64,57"
143,nothing,dataset_original,csi_dog_dataset/nothing/txt/csi_nothing_10.txt,"[ 5339.921244] [AOA] Measurement: 0,1619026497.792042,48:8f:5a:df:02:3b,2,1,2,0,128,230,21,291,700,443,817,378,545,969,80,892,19,856,1018,104,385,905,1019,456,847,601,9,610,917,997,189,897,32,262,832,383,125,63,57,60,55,60,59,63,38,58,60,60,64,56,62,59,56,64,56,65,56,66,55,67,63,63,61,63,57,67,69,65,60"
144,nothing,dataset_original,csi_dog_dataset/nothing/txt/csi_nothing_100.txt,"[ 5796.671593] [AOA] Measurement: 0,1619026954.542386,48:8f:5a:df:02:3b,2,1,2,0,128,219,25,805,889,966,997,395,555,1001,77,908,1006,829,1017,86,405,923,11,409,851,598,7,617,939,1004,176,954,33,201,798,133,831,66,54,57,49,49,55,58,26,48,61,57,57,34,50,48,47,46,58,50,48,60,48,55,47,56,36,52,43,58,54,57,48"
145,nothing,dataset_original,csi_dog_dataset/nothing/txt/csi_nothing_1000.txt,"[ 7490.270730] [AOA] Measurement: 0,1619028648.141509,48:8f:5a:df:02:3b,2,1,2,0,128,237,20,810,826,953,1015,298,464,0,90,919,37,812,994,28,293,870,12,488,875,552,965,618,964,0,190,872,5,298,863,767,458,76,72,66,71,61,70,66,45,62,70,68,68,45,58,63,64,56,72,57,59,62,56,63,58,68,51,63,51,63,52,59,60"
146,nothing,dataset_original,csi_dog_dataset/nothing/txt/csi_nothing_101.txt,"[ 5797.721399] [AOA] Measurement: 0,1619026955.592193,48:8f:5a:df:02:3b,2,1,2,0,128,271,19,794,811,932,977,364,486,3,118,859,1015,828,964,147,355,823,952,378,772,575,979,599,959,984,161,920,22,230,839,702,347,59,52,58,52,59,59,62,37,58,58,57,62,55,60,62,56,68,53,63,54,64,58,67,65,61,64,64,59,68,71,67,59"
147,nothing,dataset_original,csi_dog_dataset/nothing/txt/csi_nothing_102.txt,"[ 5798.771393] [AOA] Measurement: 0,1619026956.642188,48:8f:5a:df:02:3b,2,1,2,0,128,242,26,887,883,954,997,322,515,1011,114,923,38,814,983,39,341,952,56,436,833,630,19,585,918,996,141,960,46,215,823,133,809,75,65,71,64,69,67,71,44,64,70,70,73,62,70,68,65,72,67,75,65,76,63,76,73,71,67,73,65,77,78,74,65"
148,nothing,dataset_original,csi_dog_dataset/nothing/txt/csi_nothing_103.txt,"[ 5799.820331] [AOA] Measurement: 0,1619026957.691124,48:8f:5a:df:02:3b,2,1,2,0,128,171,984,850,913,925,1001,401,582,7,117,938,36,850,1022,159,421,897,33,461,860,612,52,638,935,1006,177,998,79,230,844,119,860,65,59,65,59,65,64,67,42,62,65,63,68,60,66,64,60,74,62,72,62,71,62,73,70,70,68,70,64,75,76,73,67"
149,nothing,dataset_original,csi_dog_dataset/nothing/txt/csi_nothing_104.txt,"[ 5800.861601] [AOA] Measurement: 0,1619026958.732397,48:8f:5a:df:02:3b,2,1,2,0,128,218,52,787,876,925,988,373,549,15,159,902,7,771,976,149,429,841,990,893,639,667,38,587,947,1008,214,990,62,248,861,574,258,76,65,71,64,68,69,74,45,65,71,68,73,62,71,67,66,72,67,74,65,75,63,76,71,73,64,73,64,77,77,74,67"
150,nothing,dataset_original,csi_dog_dataset/nothing/txt/csi_nothing_105.txt,"[ 5801.910357] [AOA] Measurement: 0,1619026959.781152,48:8f:5a:df:02:3b,2,1,2,0,128,161,989,833,898,938,1015,376,564,33,151,840,990,854,1018,72,379,868,1020,489,902,677,29,601,964,5,208,940,34,712,639,626,265,63,58,62,57,63,62,65,41,61,62,64,67,59,65,65,59,71,58,70,58,69,60,73,68,69,67,70,62,72,75,72,65"
151,nothing,dataset_original,csi_dog_dataset/nothing/txt/csi_nothing_106.txt,"[ 5802.951789] [AOA] Measurement: 0,1619026960.822581,48:8f:5a:df:02:3b,2,1,2,0,128,237,16,776,805,423,826,484,593,928,59,918,27,855,991,85,367,880,1006,457,880,556,1011,608,961,966,103,428,896,256,840,291,3,67,62,64,61,66,66,67,43,64,67,65,70,61,67,66,61,74,65,73,63,72,61,75,72,71,68,72,65,75,77,74,68"
152,nothing,dataset_original,csi_dog_dataset/nothing/txt/csi_nothing_107.txt,"[ 5804.001746] [AOA] Measurement: 0,1619026961.872538,48:8f:5a:df:02:3b,2,1,2,0,128,217,21,708,801,382,774,401,563,64,129,867,1009,839,1013,56,352,894,12,424,809,696,24,607,950,1007,158,918,9,224,818,670,366,68,61,64,60,65,65,70,43,63,67,66,70,61,66,66,62,73,63,72,63,72,59,76,70,70,69,72,65,75,74,75,66"
153,nothing,dataset_original,csi_dog_dataset/nothing/txt/csi_nothing_108.txt,"[ 5805.051271] [AOA] Measurement: 0,1619026962.922066,48:8f:5a:df:02:3b,2,1,2,0,128,236,21,808,817,931,999,383,519,1014,103,957,62,824,990,97,357,902,1,469,806,631,45,583,926,984,176,952,38,339,918,527,133,69,61,66,61,65,65,67,43,64,64,66,69,61,67,66,62,72,60,73,62,72,62,74,71,70,67,70,63,73,75,71,66"
154,nothing,dataset_original,csi_dog_dataset/nothing/txt/csi_nothing_109.txt,"[ 5806.100572] [AOA] Measurement: 0,1619026963.971366,48:8f:5a:df:02:3b,2,1,2,0,128,250,35,781,865,968,988,416,580,1001,118,919,39,815,979,85,379,880,6,515,876,611,0,673,1000,5,175,970,33,338,907,932,441,61,56,61,56,63,62,64,41,60,61,61,66,59,62,62,57,70,58,69,59,67,59,72,68,66,66,64,61,73,73,70,64"
155,nothing,dataset_original,csi_dog_dataset/nothing/txt/csi_nothing_11.txt,"[ 5340.971645] [AOA] Measurement: 0,1619026498.842444,48:8f:5a:df:02:3b,2,1,2,0,128,206,1019,796,846,902,990,435,518,7,98,844,1016,829,941,105,374,868,6,445,846,630,14,673,991,985,154,951,46,291,890,742,246,60,52,58,54,59,57,61,36,56,57,59,61,55,59,57,55,64,56,64,56,65,54,68,63,62,61,64,57,67,68,67,58"
156,nothing,dataset_original,csi_dog_dataset/nothing/txt/csi_nothing_110.txt,"[ 5807.141325] [AOA] Measurement: 0,1619026965.012118,48:8f:5a:df:02:3b,2,1,2,0,128,233,10,833,862,907,1001,365,538,34,95,853,6,785,971,123,407,906,12,428,856,571,1016,632,971,13,181,958,50,285,880,55,657,70,64,68,62,68,68,70,43,65,68,68,71,62,68,68,64,75,64,74,64,73,63,76,72,72,69,70,65,74,76,75,68"
157,nothing,dataset_original,csi_dog_dataset/nothing/txt/csi_nothing_111.txt,"[ 5808.181526] [AOA] Measurement: 0,1619026966.052321,48:8f:5a:df:02:3b,2,1,2,0,128,127,983,879,942,955,0,390,576,1009,140,973,95,770,975,67,371,938,46,392,813,655,47,571,936,999,162,990,73,252,833,234,883,71,61,69,62,66,67,72,42,65,67,67,71,62,70,67,65,71,66,75,65,76,63,76,71,72,66,72,64,77,76,75,66"
158,nothing,dataset_original,csi_dog_dataset/nothing/txt/csi_nothing_112.txt,"[ 5809.231742] [AOA] Measurement: 0,1619026967.102535,48:8f:5a:df:02:3b,2,1,2,0,128,272,60,825,878,992,2,418,610,10,173,843,991,829,981,87,367,866,1,445,884,642,17,626,969,1004,191,901,9,236,849,930,572,63,57,61,55,62,62,64,40,59,61,61,66,59,63,61,57,70,57,68,58,67,59,72,67,68,67,68,61,72,73,72,65"
159,nothing,dataset_original,csi_dog_dataset/nothing/txt/csi_nothing_113.txt,"[ 5810.290325] [AOA] Measurement: 0,1619026968.161120,48:8f:5a:df:02:3b,2,1,2,0,128,251,10,816,850,407,827,373,530,997,89,931,48,764,955,55,313,908,1004,539,883,623,6,615,944,351,924,1006,79,238,854,24,635,68,62,66,63,68,67,69,44,65,67,68,69,63,68,67,63,73,64,74,63,74,61,76,72,70,67,71,65,76,76,72,67"
160,nothing,dataset_original,csi_dog_dataset/nothing/txt/csi_nothing_114.txt,"[ 5811.331785] [AOA] Measurement: 0,1619026969.202577,48:8f:5a:df:02:3b,2,1,2,0,128,233,31,910,944,934,1013,331,558,10,180,892,13,869,1021,73,367,866,11,409,813,652,3,582,920,988,177,1001,87,238,839,192,819,68,59,64,61,64,66,68,43,65,65,67,69,62,68,65,63,74,62,71,62,70,61,75,70,69,68,71,63,75,76,73,67"
161,turtlebot,dataset_original,csi_dog_dataset/turtlebot/txt/csi_turtlebot_107.txt,"[ 4090.380737] [AOA] Measurement: 0,1619025248.251545,48:8f:5a:df:02:3b,2,1,2,0,128,381,186,989,940,1002,11,452,721,379,886,804,1022,796,930,92,339,974,72,596,891,618,66,713,1014,822,108,298,837,190,736,68,867,47,52,48,44,49,50,32,32,35,38,48,58,58,46,60,42,39,45,40,47,46,41,55,34,45,33,44,26,43,57,58,42"
162,turtlebot,dataset_original,csi_dog_dataset/turtlebot/txt/csi_turtlebot_108.txt,"[ 4091.431236] [AOA] Measurement: 0,1619025249.302044,48:8f:5a:df:02:3b,2,1,2,0,128,349,158,989,928,1004,11,417,739,935,42,820,44,811,970,68,316,6,141,622,908,557,1,631,923,878,126,832,42,227,822,111,716,47,53,50,43,48,49,29,30,32,35,50,60,53,42,55,36,35,51,39,46,44,37,56,31,41,31,41,29,36,52,51,36"
163,turtlebot,dataset_original,csi_dog_dataset/turtlebot/txt/csi_turtlebot_109.txt,"[ 4092.481530] [AOA] Measurement: 0,1619025250.352338,48:8f:5a:df:02:3b,2,1,2,0,128,361,204,950,958,973,996,471,721,369,902,827,52,854,998,108,340,1013,95,580,902,642,101,626,944,967,222,779,19,250,790,82,776,45,54,49,42,47,48,28,29,31,34,47,59,52,40,53,37,34,51,38,44,42,36,55,31,38,31,38,27,34,50,48,31"
164,turtlebot,dataset_original,csi_dog_dataset/turtlebot/txt/csi_turtlebot_11.txt,"[ 3989.131830] [AOA] Measurement: 0,1619025147.002639,48:8f:5a:df:02:3b,2,1,2,0,128,244,139,308,698,40,12,323,762,914,24,698,1021,805,873,26,398,788,679,623,878,766,905,745,869,781,49,808,25,39,597,370,183,31,34,31,33,28,42,32,21,17,36,26,41,27,7,30,18,20,6,18,9,10,16,20,18,33,35,27,24,16,26,30,19"
165,turtlebot,dataset_original,csi_dog_dataset/turtlebot/txt/csi_turtlebot_110.txt,"[ 4093.531564] [AOA] Measurement: 0,1619025251.402374,48:8f:5a:df:02:3b,2,1,2,0,128,364,191,947,909,997,1022,410,716,885,16,806,18,806,1001,23,314,1010,116,607,898,644,95,624,954,878,151,780,1020,231,798,26,697,46,55,49,43,49,50,30,31,34,35,50,59,52,41,53,38,37,51,39,46,43,37,57,33,41,31,42,28,37,53,52,34"
166,turtlebot,dataset_original,csi_dog_dataset/turtlebot/txt/csi_turtlebot_111.txt,"[ 4094.591043] [AOA] Measurement: 0,1619025252.461850,48:8f:5a:df:02:3b,2,1,2,0,128,864,53,13,966,980,996,437,744,887,66,727,1002,863,1015,53,319,463,940,655,937,660,54,624,929,883,131,923,115,248,795,713,388,46,55,50,45,51,49,32,31,34,36,48,60,55,43,56,40,38,50,39,47,44,40,57,33,43,32,43,27,41,55,55,37"
167,turtlebot,dataset_original,csi_dog_dataset/turtlebot/txt/csi_turtlebot_112.txt,"[ 4095.641956] [AOA] Measurement: 0,1619025253.512764,48:8f:5a:df:02:3b,2,1,2,0,128,365,176,1019,954,981,1010,417,698,891,5,868,57,843,963,73,327,1016,92,652,954,572,46,656,958,842,96,875,87,190,747,150,836,46,53,51,45,49,50,31,32,35,37,49,60,55,44,57,39,38,51,39,47,45,39,58,34,42,32,42,27,39,54,51,37"
168,turtlebot,dataset_original,csi_dog_dataset/turtlebot/txt/csi_turtlebot_113.txt,"[ 4096.691371] [AOA] Measurement: 0,1619025254.562179,48:8f:5a:df:02:3b,2,1,2,0,128,364,191,7,1006,964,985,925,553,934,94,842,63,777,944,81,339,45,117,589,907,621,81,674,974,949,200,863,26,227,799,435,102,44,51,48,45,49,50,33,34,35,38,50,59,57,46,59,43,39,46,40,49,45,40,58,35,45,33,43,26,43,56,57,41"
169,turtlebot,dataset_original,csi_dog_dataset/turtlebot/txt/csi_turtlebot_114.txt,"[ 4097.741675] [AOA] Measurement: 0,1619025255.612483,48:8f:5a:df:02:3b,2,1,2,0,128,908,58,995,954,1001,1010,434,702,985,111,788,25,811,968,126,332,5,90,559,929,679,94,679,986,854,103,866,69,248,799,758,388,42,46,43,39,44,47,28,30,36,35,45,51,55,42,54,43,38,41,36,46,42,38,53,31,45,32,41,23,45,54,58,41"
170,turtlebot,dataset_original,csi_dog_dataset/turtlebot/txt/csi_turtlebot_115.txt,"[ 4098.791094] [AOA] Measurement: 0,1619025256.661902,48:8f:5a:df:02:3b,2,1,2,0,128,423,210,979,932,994,1017,484,727,266,825,304,879,756,913,541,128,1022,101,629,949,657,87,667,977,864,127,267,867,246,817,131,726,48,53,49,45,50,52,31,33,35,37,50,60,56,46,58,42,41,49,40,49,45,41,56,34,45,34,45,27,42,58,56,38"
171,turtlebot,dataset_original,csi_dog_dataset/turtlebot/txt/csi_turtlebot_116.txt,"[ 4099.841456] [AOA] Measurement: 0,1619025257.712264,48:8f:5a:df:02:3b,2,1,2,0,128,315,177,878,911,34,1009,322,751,912,17,657,982,869,915,77,484,795,664,613,881,806,985,754,856,709,6,764,1013,188,733,515,143,33,32,31,35,26,42,34,21,14,33,26,38,25,8,27,15,24,6,17,10,6,17,17,21,35,31,27,26,15,26,32,21"
172,turtlebot,dataset_original,csi_dog_dataset/turtlebot/txt/csi_turtlebot_117.txt,"[ 4100.900301] [AOA] Measurement: 0,1619025258.771109,48:8f:5a:df:02:3b,2,1,2,0,128,215,131,852,919,40,15,284,746,944,12,703,7,820,863,962,411,768,482,635,913,686,989,829,921,680,958,832,19,218,694,945,699,34,31,32,34,22,36,35,20,9,24,22,29,22,7,24,13,27,6,15,10,2,17,12,20,35,24,27,24,14,23,28,18"
173,turtlebot,dataset_original,csi_dog_dataset/turtlebot/txt/csi_turtlebot_118.txt,"[ 4101.960885] [AOA] Measurement: 0,1619025259.831692,48:8f:5a:df:02:3b,2,1,2,0,128,268,141,291,721,461,795,356,759,335,816,108,778,870,886,1017,400,754,525,587,895,728,953,824,909,720,2,698,967,150,652,790,490,31,33,32,36,27,43,34,22,14,33,25,37,26,8,29,15,23,6,18,10,6,16,19,20,35,33,29,27,14,26,31,21"
174,turtlebot,dataset_original,csi_dog_dataset/turtlebot/txt/csi_turtlebot_119.txt,"[ 4103.020431] [AOA] Measurement: 0,1619025260.891238,48:8f:5a:df:02:3b,2,1,2,0,128,700,968,783,918,21,992,277,759,959,2,680,1004,877,934,10,462,782,552,632,960,829,2,810,917,770,16,797,11,215,757,890,600,35,29,29,34,22,36,35,18,7,24,21,29,23,8,24,13,27,8,16,9,1,17,12,21,34,24,26,24,13,21,29,18"
175,turtlebot,dataset_original,csi_dog_dataset/turtlebot/txt/csi_turtlebot_12.txt,"[ 3990.190216] [AOA] Measurement: 0,1619025148.061026,48:8f:5a:df:02:3b,2,1,2,0,128,815,988,878,876,956,982,809,565,830,1011,670,967,257,637,1018,388,753,797,1001,479,767,889,700,799,685,4,740,999,126,625,684,418,25,32,30,32,28,40,28,23,18,36,26,42,25,5,33,18,17,11,15,8,10,14,20,13,29,34,23,23,15,25,26,15"
176,turtlebot,dataset_original,csi_dog_dataset/turtlebot/txt/csi_turtlebot_120.txt,"[ 4104.090001] [AOA] Measurement: 0,1619025261.960809,48:8f:5a:df:02:3b,2,1,2,0,128,302,152,851,883,1021,1012,312,745,832,980,196,859,803,868,1006,379,802,768,602,821,687,818,813,904,731,8,737,22,137,668,164,817,28,33,33,34,28,43,30,23,18,36,25,41,25,6,31,15,18,9,16,8,10,16,20,16,31,35,26,25,14,24,29,18"
177,turtlebot,dataset_original,csi_dog_dataset/turtlebot/txt/csi_turtlebot_121.txt,"[ 4105.150837] [AOA] Measurement: 0,1619025263.021647,48:8f:5a:df:02:3b,2,1,2,0,128,261,156,766,868,15,1002,326,752,931,985,706,1,294,712,103,514,700,462,640,964,806,5,710,839,734,997,775,1010,163,652,759,621,35,33,32,35,26,43,36,22,12,30,24,35,25,9,26,16,25,5,18,9,7,17,15,21,35,31,29,25,15,25,32,20"
178,turtlebot,dataset_original,csi_dog_dataset/turtlebot/txt/csi_turtlebot_122.txt,"[ 4106.210358] [AOA] Measurement: 0,1619025264.081168,48:8f:5a:df:02:3b,2,1,2,0,128,306,140,962,929,76,56,404,716,905,50,814,36,756,988,131,391,990,98,588,895,680,94,619,962,947,196,861,23,202,770,212,842,45,54,49,44,49,50,31,31,34,35,48,60,54,42,54,37,37,51,40,46,43,38,57,33,41,31,41,27,38,53,51,34"
179,turtlebot,dataset_original,csi_dog_dataset/turtlebot/txt/csi_turtlebot_123.txt,"[ 4107.270380] [AOA] Measurement: 0,1619025265.141189,48:8f:5a:df:02:3b,2,1,2,0,128,407,198,1011,985,948,965,475,765,932,54,764,43,853,1019,49,306,989,101,675,927,588,63,676,979,853,103,844,52,187,759,167,896,47,55,51,44,50,52,31,33,35,37,50,59,56,45,58,41,38,48,40,49,45,40,57,34,44,33,44,28,42,57,54,38"
180,turtlebot,dataset_original,csi_dog_dataset/turtlebot/txt/csi_turtlebot_124.txt,"[ 4108.330433] [AOA] Measurement: 0,1619025266.201240,48:8f:5a:df:02:3b,2,1,2,0,128,291,159,927,912,992,1007,455,715,918,48,804,11,799,974,117,322,9,99,523,841,702,148,686,976,810,101,832,13,213,772,128,809,44,51,46,42,48,49,30,33,35,34,48,57,54,44,55,40,37,43,39,44,44,38,53,33,42,30,41,25,41,55,52,38"
181,turtlebot,dataset_original,csi_dog_dataset/turtlebot/txt/csi_turtlebot_125.txt,"[ 4109.390141] [AOA] Measurement: 0,1619025267.260949,48:8f:5a:df:02:3b,2,1,2,0,128,397,183,984,922,9,1002,410,707,873,53,837,46,785,975,80,331,1016,76,587,923,634,90,667,944,913,165,905,83,230,816,643,289,44,54,49,41,47,49,30,30,31,33,48,58,52,40,52,36,35,50,38,45,43,37,55,31,39,32,40,29,36,51,48,33"
182,turtlebot,dataset_original,csi_dog_dataset/turtlebot/txt/csi_turtlebot_126.txt,"[ 4110.450697] [AOA] Measurement: 0,1619025268.321505,48:8f:5a:df:02:3b,2,1,2,0,128,818,1012,1008,986,1017,1016,404,705,970,123,803,41,824,1013,88,349,0,69,660,925,612,80,668,956,848,147,906,66,230,810,201,904,46,53,50,43,49,49,31,31,34,37,49,60,54,43,55,38,37,50,40,47,43,38,56,33,41,33,42,28,38,55,50,36"
183,turtlebot,dataset_original,csi_dog_dataset/turtlebot/txt/csi_turtlebot_127.txt,"[ 4111.501736] [AOA] Measurement: 0,1619025269.372544,48:8f:5a:df:02:3b,2,1,2,0,128,833,1008,978,952,1011,992,458,744,900,28,764,1001,794,933,100,335,971,93,657,904,601,40,686,930,935,189,891,57,148,766,555,265,44,49,44,42,47,48,30,31,34,34,45,54,54,43,56,41,38,41,37,45,42,39,52,30,42,31,41,25,41,53,55,41"
184,turtlebot,dataset_original,csi_dog_dataset/turtlebot/txt/csi_turtlebot_128.txt,"[ 4112.551288] [AOA] Measurement: 0,1619025270.422096,48:8f:5a:df:02:3b,2,1,2,0,128,410,184,995,951,322,758,552,831,915,40,812,17,832,999,12,290,955,44,681,974,573,8,629,926,912,153,814,27,244,844,804,396,47,53,48,45,50,51,31,34,37,37,49,60,58,46,58,44,40,46,41,50,46,41,57,34,44,32,43,28,45,58,57,42"
185,turtlebot,dataset_original,csi_dog_dataset/turtlebot/txt/csi_turtlebot_129.txt,"[ 4113.601499] [AOA] Measurement: 0,1619025271.472310,48:8f:5a:df:02:3b,2,1,2,0,128,341,166,970,923,993,999,461,734,916,46,799,50,818,988,125,374,18,112,555,899,641,79,675,981,859,103,811,15,237,819,34,629,47,55,50,43,49,52,31,31,33,36,50,61,54,43,55,38,37,51,39,47,45,39,56,33,41,32,41,28,39,55,53,35"
186,turtlebot,dataset_original,csi_dog_dataset/turtlebot/txt/csi_turtlebot_13.txt,"[ 3991.238041] [AOA] Measurement: 0,1619025149.108854,48:8f:5a:df:02:3b,2,1,2,0,128,257,147,880,963,60,27,286,732,956,26,706,996,818,898,76,487,715,488,664,979,780,994,813,908,727,1021,719,961,203,692,476,281,29,33,31,33,29,43,31,22,17,36,25,42,27,6,32,16,18,8,16,8,9,15,21,17,31,34,28,25,16,25,27,18"
187,turtlebot,dataset_original,csi_dog_dataset/turtlebot/txt/csi_turtlebot_130.txt,"[ 4114.661229] [AOA] Measurement: 0,1619025272.532035,48:8f:5a:df:02:3b,2,1,2,0,128,368,179,1015,974,976,995,877,547,958,49,775,1011,817,950,72,312,15,129,587,898,628,56,673,977,855,120,829,19,169,785,583,233,46,53,50,45,49,51,31,32,36,36,49,59,57,46,58,41,37,49,40,49,46,41,57,34,45,34,43,28,42,57,57,40"
188,turtlebot,dataset_original,csi_dog_dataset/turtlebot/txt/csi_turtlebot_131.txt,"[ 4115.720107] [AOA] Measurement: 0,1619025273.590914,48:8f:5a:df:02:3b,2,1,2,0,128,323,136,451,773,972,998,483,729,924,28,762,3,810,947,117,375,1022,84,624,937,577,45,692,959,908,176,863,88,243,801,572,237,48,51,50,47,51,51,32,34,37,37,49,58,57,46,58,42,40,47,41,50,46,41,57,35,46,33,44,27,44,56,56,41"
189,turtlebot,dataset_original,csi_dog_dataset/turtlebot/txt/csi_turtlebot_132.txt,"[ 4116.780181] [AOA] Measurement: 0,1619025274.650990,48:8f:5a:df:02:3b,2,1,2,0,128,332,167,929,929,28,24,494,774,875,25,802,42,790,965,51,296,967,78,545,866,593,49,638,926,916,133,860,28,183,802,629,284,44,48,47,42,48,49,30,33,37,36,49,56,58,46,56,43,39,45,40,49,44,42,55,34,45,33,42,26,44,56,57,42"
190,turtlebot,dataset_original,csi_dog_dataset/turtlebot/txt/csi_turtlebot_133.txt,"[ 4117.840630] [AOA] Measurement: 0,1619025275.711438,48:8f:5a:df:02:3b,2,1,2,0,128,407,214,995,951,999,981,429,724,867,67,764,34,786,980,103,358,1022,89,653,983,600,34,715,998,893,137,805,85,273,857,54,698,46,55,50,45,51,52,31,33,36,37,49,58,57,46,58,42,38,49,40,50,46,40,58,34,43,33,44,28,43,57,57,41"
191,turtlebot,dataset_original,csi_dog_dataset/turtlebot/txt/csi_turtlebot_134.txt,"[ 4118.900444] [AOA] Measurement: 0,1619025276.771254,48:8f:5a:df:02:3b,2,1,2,0,128,300,159,994,964,22,16,453,729,889,30,844,46,773,961,74,318,980,52,607,920,668,88,695,982,831,101,867,56,281,792,524,190,45,53,51,45,49,51,31,32,36,37,49,60,55,44,56,40,39,50,41,47,44,38,57,34,45,34,44,27,40,56,55,37"
192,turtlebot,dataset_original,csi_dog_dataset/turtlebot/txt/csi_turtlebot_135.txt,"[ 4119.960972] [AOA] Measurement: 0,1619025277.831779,48:8f:5a:df:02:3b,2,1,2,0,128,453,282,961,980,1007,1019,400,685,957,75,811,74,779,963,96,322,61,112,626,898,606,82,695,984,875,132,859,50,241,808,525,144,48,53,50,46,51,51,31,33,36,38,50,60,55,45,57,42,40,48,41,48,46,41,56,35,45,33,43,29,43,56,55,39"
193,turtlebot,dataset_original,csi_dog_dataset/turtlebot/txt/csi_turtlebot_136.txt,"[ 4121.011661] [AOA] Measurement: 0,1619025278.882469,48:8f:5a:df:02:3b,2,1,2,0,128,372,188,994,936,439,815,455,711,909,36,780,1015,839,960,123,350,1020,119,555,874,646,84,688,981,828,126,777,1014,269,862,651,205,42,44,42,39,43,46,28,31,36,34,43,50,54,43,53,42,36,38,37,45,40,39,49,30,41,30,38,24,46,53,54,40"
194,turtlebot,dataset_original,csi_dog_dataset/turtlebot/txt/csi_turtlebot_137.txt,"[ 4122.061722] [AOA] Measurement: 0,1619025279.932529,48:8f:5a:df:02:3b,2,1,2,0,128,365,182,990,931,951,977,436,725,965,75,777,17,783,957,139,354,991,73,603,920,579,58,654,914,941,165,874,52,204,781,666,325,46,50,47,43,49,50,31,33,38,35,48,56,56,46,58,43,39,45,39,48,43,40,55,32,46,33,44,27,44,56,58,42"
195,turtlebot,dataset_original,csi_dog_dataset/turtlebot/txt/csi_turtlebot_138.txt,"[ 4123.120129] [AOA] Measurement: 0,1619025280.990937,48:8f:5a:df:02:3b,2,1,2,0,128,387,201,988,961,999,1017,462,725,931,79,693,1016,837,1009,133,381,979,54,629,932,653,120,682,970,885,143,816,17,174,771,933,553,42,52,47,38,46,46,27,29,30,33,47,57,50,38,50,32,32,49,35,42,39,35,55,29,35,31,39,28,30,46,44,29"
196,turtlebot,dataset_original,csi_dog_dataset/turtlebot/txt/csi_turtlebot_139.txt,"[ 4124.180445] [AOA] Measurement: 0,1619025282.051255,48:8f:5a:df:02:3b,2,1,2,0,128,356,137,416,751,1,15,433,719,916,46,793,26,815,981,137,338,951,45,687,973,592,39,702,974,863,120,836,22,276,821,794,439,47,52,49,44,50,50,32,32,36,38,50,59,59,44,58,42,39,47,40,48,45,42,57,33,45,32,45,27,45,58,58,43"
197,turtlebot,dataset_original,csi_dog_dataset/turtlebot/txt/csi_turtlebot_14.txt,"[ 3992.281837] [AOA] Measurement: 0,1619025150.152646,48:8f:5a:df:02:3b,2,1,2,0,128,670,949,281,726,36,1016,249,720,902,991,691,957,819,886,40,484,717,442,630,959,691,1008,797,900,131,746,230,830,197,721,109,866,34,33,33,36,27,42,34,22,12,33,26,37,26,10,27,14,24,6,18,10,6,18,16,20,36,31,28,27,14,24,32,19"
198,turtlebot,dataset_original,csi_dog_dataset/turtlebot/txt/csi_turtlebot_140.txt,"[ 4125.249574] [AOA] Measurement: 0,1619025283.120382,48:8f:5a:df:02:3b,2,1,2,0,128,846,960,440,751,427,821,906,521,361,848,212,809,257,763,44,314,447,913,589,856,599,56,654,960,859,130,230,800,251,800,567,185,50,56,53,49,55,55,34,36,39,40,54,64,61,48,61,46,43,50,44,53,48,43,61,35,47,36,47,29,47,63,60,43"
199,turtlebot,dataset_original,csi_dog_dataset/turtlebot/txt/csi_turtlebot_141.txt,"[ 4126.301285] [AOA] Measurement: 0,1619025284.172094,48:8f:5a:df:02:3b,2,1,2,0,128,348,161,13,1009,1000,1008,450,740,839,3,861,65,793,961,63,321,0,68,603,943,548,18,669,968,911,175,842,30,230,790,917,535,48,54,50,45,50,52,32,33,37,37,49,59,57,45,57,40,39,50,40,48,46,39,57,35,45,33,44,28,41,54,54,39"
200,turtlebot,dataset_original,csi_dog_dataset/turtlebot/txt/csi_turtlebot_142.txt,"[ 4127.360944] [AOA] Measurement: 0,1619025285.231750,48:8f:5a:df:02:3b,2,1,2,0,128,332,126,967,933,998,6,463,750,939,78,725,991,921,35,73,353,934,47,581,883,659,62,682,972,870,164,810,13,234,819,128,779,45,52,48,43,49,51,32,33,37,38,48,56,58,45,58,43,40,47,41,49,46,40,56,34,45,33,43,27,45,57,59,42"
201,nothing,dataset_original,csi_dog_dataset/nothing/txt/csi_nothing_115.txt,"[ 5812.381938] [AOA] Measurement: 0,1619026970.252731,48:8f:5a:df:02:3b,2,1,2,0,128,191,997,823,851,985,13,371,499,57,127,1008,89,744,916,116,388,945,30,444,832,643,13,583,923,1002,141,1007,91,235,879,994,587,69,57,61,53,56,59,63,30,53,63,59,62,39,51,51,50,49,60,54,49,60,51,57,50,57,38,53,43,58,54,57,50"
202,nothing,dataset_original,csi_dog_dataset/nothing/txt/csi_nothing_116.txt,"[ 5813.440618] [AOA] Measurement: 0,1619026971.311413,48:8f:5a:df:02:3b,2,1,2,0,128,252,7,862,880,950,989,370,572,969,88,932,47,840,982,125,396,887,1,511,882,640,13,643,977,1011,157,2,113,234,854,878,521,69,60,65,61,66,65,69,42,61,66,65,69,59,67,66,60,73,62,71,61,71,62,74,71,69,67,71,62,74,74,72,66"
203,nothing,dataset_original,csi_dog_dataset/nothing/txt/csi_nothing_117.txt,"[ 5814.481013] [AOA] Measurement: 0,1619026972.351805,48:8f:5a:df:02:3b,2,1,2,0,128,249,1016,827,884,1006,1021,404,589,998,103,930,20,773,967,95,354,895,7,457,867,599,1012,614,929,977,163,928,24,243,864,212,831,70,62,68,63,67,67,73,43,66,68,67,72,62,69,67,64,73,64,73,63,74,61,74,71,70,67,72,65,76,77,74,63"
204,nothing,dataset_original,csi_dog_dataset/nothing/txt/csi_nothing_118.txt,"[ 5815.540713] [AOA] Measurement: 0,1619026973.411505,48:8f:5a:df:02:3b,2,1,2,0,128,225,8,765,813,427,828,383,547,981,110,850,1000,223,775,521,116,915,33,361,788,629,10,597,928,1007,187,933,19,215,814,705,448,68,54,59,49,51,54,58,27,48,62,57,58,37,49,46,47,44,58,48,45,56,48,53,45,53,34,48,38,54,49,55,46"
205,nothing,dataset_original,csi_dog_dataset/nothing/txt/csi_nothing_119.txt,"[ 5816.591653] [AOA] Measurement: 0,1619026974.462445,48:8f:5a:df:02:3b,2,1,2,0,128,258,25,807,841,955,1015,423,597,945,43,935,35,790,943,72,325,897,6,523,872,565,0,633,971,946,128,976,20,244,849,391,31,60,56,61,54,62,61,63,41,61,59,61,66,58,62,62,58,70,59,67,58,67,57,71,66,64,65,67,61,71,73,71,62"
206,nothing,dataset_original,csi_dog_dataset/nothing/txt/csi_nothing_12.txt,"[ 5342.030647] [AOA] Measurement: 0,1619026499.901443,48:8f:5a:df:02:3b,2,1,2,0,128,272,59,740,848,981,1002,371,528,50,159,899,1022,825,964,68,396,847,984,492,852,609,23,613,958,1019,171,983,83,237,849,196,770,64,57,63,57,61,59,65,39,59,63,62,66,56,64,59,58,66,60,66,59,67,57,67,64,64,58,65,57,68,68,66,59"
207,nothing,dataset_original,csi_dog_dataset/nothing/txt/csi_nothing_120.txt,"[ 5817.641085] [AOA] Measurement: 0,1619026975.511878,48:8f:5a:df:02:3b,2,1,2,0,128,266,52,741,832,969,1010,385,555,996,87,869,4,821,998,73,359,885,1015,463,872,590,17,620,982,6,176,976,62,265,876,139,847,70,63,68,64,68,69,69,42,65,68,68,71,61,69,67,64,74,65,73,65,73,61,76,70,74,68,72,64,77,76,76,66"
208,nothing,dataset_original,csi_dog_dataset/nothing/txt/csi_nothing_121.txt,"[ 5818.691760] [AOA] Measurement: 0,1619026976.562553,48:8f:5a:df:02:3b,2,1,2,0,128,295,56,823,864,981,31,363,510,52,156,924,35,812,1021,39,336,299,810,414,823,628,34,649,965,4,203,975,45,214,835,289,891,69,60,67,60,66,66,69,43,62,64,68,70,61,67,65,62,73,62,71,64,73,61,75,71,69,68,70,65,76,77,74,67"
209,nothing,dataset_original,csi_dog_dataset/nothing/txt/csi_nothing_122.txt,"[ 5819.759170] [AOA] Measurement: 0,1619026977.629961,48:8f:5a:df:02:3b,2,1,2,0,128,178,25,861,872,948,1007,385,548,1014,94,872,3,841,1010,126,409,864,28,425,810,42,829,629,974,924,132,953,6,273,843,204,796,61,56,62,57,63,63,66,41,61,62,63,67,60,66,66,58,70,60,71,61,71,61,72,69,67,67,69,63,73,74,73,66"
210,nothing,dataset_original,csi_dog_dataset/nothing/txt/csi_nothing_123.txt,"[ 5820.820935] [AOA] Measurement: 0,1619026978.691728,48:8f:5a:df:02:3b,2,1,2,0,128,216,44,860,881,1020,29,359,533,18,164,829,980,859,19,30,292,860,1006,471,910,569,1021,633,953,43,212,913,17,250,860,898,528,71,62,67,62,66,66,71,43,64,65,66,71,61,69,66,62,74,65,72,63,74,62,76,71,71,70,71,64,75,76,74,66"
211,nothing,dataset_original,csi_dog_dataset/nothing/txt/csi_nothing_124.txt,"[ 5821.871615] [AOA] Measurement: 0,1619026979.742409,48:8f:5a:df:02:3b,2,1,2,0,128,178,992,289,701,460,843,380,546,5,105,975,43,783,977,62,332,850,988,447,837,595,997,626,973,981,133,957,43,211,833,281,931,64,57,63,58,62,62,68,40,61,63,60,66,59,64,63,59,71,58,69,58,70,59,73,68,67,68,67,60,71,74,73,65"
212,nothing,dataset_original,csi_dog_dataset/nothing/txt/csi_nothing_125.txt,"[ 5822.921275] [AOA] Measurement: 0,1619026980.792070,48:8f:5a:df:02:3b,2,1,2,0,128,275,38,764,830,937,980,435,565,12,129,901,1022,811,1012,91,351,922,18,415,841,565,996,687,997,8,155,895,1006,237,836,453,79,70,59,62,54,58,60,65,33,53,66,63,64,45,58,54,55,53,62,60,54,67,53,63,56,61,46,61,50,66,61,63,55"
213,nothing,dataset_original,csi_dog_dataset/nothing/txt/csi_nothing_126.txt,"[ 5823.971455] [AOA] Measurement: 0,1619026981.842249,48:8f:5a:df:02:3b,2,1,2,0,128,179,1011,840,858,972,1017,331,578,1015,84,924,7,819,971,83,383,943,62,434,826,645,1015,654,941,1017,202,955,59,226,837,708,354,67,61,65,61,67,67,70,42,64,67,66,70,61,66,66,61,73,64,73,63,73,62,75,71,69,67,70,63,73,75,73,65"
214,nothing,dataset_original,csi_dog_dataset/nothing/txt/csi_nothing_127.txt,"[ 5825.021462] [AOA] Measurement: 0,1619026982.892255,48:8f:5a:df:02:3b,2,1,2,0,128,766,879,814,851,952,16,378,492,7,131,928,14,795,966,115,407,895,1006,441,852,624,1023,661,963,1002,146,930,20,227,872,791,412,73,63,69,64,67,67,69,44,65,68,67,71,59,68,67,63,72,64,72,64,73,62,76,70,73,66,74,63,77,77,74,66"
215,nothing,dataset_original,csi_dog_dataset/nothing/txt/csi_nothing_128.txt,"[ 5843.318360] [AOA] Measurement: 0,1619027001.189158,48:8f:5a:df:02:3b,2,1,2,0,128,256,95,736,788,991,1023,317,490,15,136,924,17,823,989,95,335,279,793,459,833,58,826,647,959,1,205,969,26,239,853,589,278,99,84,87,76,80,86,91,46,73,91,89,92,63,82,77,76,78,88,85,75,94,73,87,80,86,64,87,70,91,88,90,77"
216,nothing,dataset_original,csi_dog_dataset/nothing/txt/csi_nothing_129.txt,"[ 5844.367455] [AOA] Measurement: 0,1619027002.238252,48:8f:5a:df:02:3b,2,1,2,0,128,222,12,834,851,985,13,351,508,1021,106,931,992,813,956,72,303,852,988,480,869,561,988,670,979,7,210,906,22,263,864,910,522,63,56,58,53,55,60,57,40,51,59,57,60,46,55,55,50,53,55,49,50,54,50,58,51,59,50,55,49,58,58,60,55"
217,nothing,dataset_original,csi_dog_dataset/nothing/txt/csi_nothing_13.txt,"[ 5343.091005] [AOA] Measurement: 0,1619026500.961802,48:8f:5a:df:02:3b,2,1,2,0,128,273,44,847,889,950,1013,325,504,519,955,975,61,819,978,32,308,861,1007,490,867,605,998,578,909,981,174,953,1021,248,867,32,724,64,57,63,57,59,59,65,39,58,62,62,65,55,62,60,57,67,58,65,58,66,55,68,63,64,61,65,57,67,68,66,59"
218,nothing,dataset_original,csi_dog_dataset/nothing/txt/csi_nothing_130.txt,"[ 5845.420381] [AOA] Measurement: 0,1619027003.291174,48:8f:5a:df:02:3b,2,1,2,0,128,278,16,796,841,873,956,392,512,2,118,965,27,812,977,82,355,886,4,380,762,652,15,661,930,962,117,937,1008,258,844,144,653,51,45,50,45,47,51,52,29,46,49,48,54,44,50,51,44,55,48,54,47,54,46,57,52,54,51,54,47,57,58,59,52"
219,nothing,dataset_original,csi_dog_dataset/nothing/txt/csi_nothing_131.txt,"[ 5846.471935] [AOA] Measurement: 0,1619027004.342729,48:8f:5a:df:02:3b,2,1,2,0,128,178,984,755,807,983,13,398,499,1004,107,924,22,804,959,134,389,902,14,428,838,599,32,604,924,17,175,986,57,208,799,427,101,100,85,90,84,89,91,96,52,85,92,92,97,78,91,88,82,95,90,98,84,97,80,100,93,96,85,97,83,102,102,101,89"
220,nothing,dataset_original,csi_dog_dataset/nothing/txt/csi_nothing_132.txt,"[ 5847.521861] [AOA] Measurement: 0,1619027005.392655,48:8f:5a:df:02:3b,2,1,2,0,128,682,842,851,899,934,982,835,368,459,918,368,866,270,797,84,365,826,993,899,632,97,853,82,770,928,90,989,52,251,862,608,211,72,64,70,64,67,69,74,43,65,68,69,73,61,69,68,65,75,67,76,65,76,64,77,72,74,68,75,66,79,80,77,68"
221,nothing,dataset_original,csi_dog_dataset/nothing/txt/csi_nothing_133.txt,"[ 5848.589031] [AOA] Measurement: 0,1619027006.459824,48:8f:5a:df:02:3b,2,1,2,0,128,303,25,812,855,879,982,435,524,1004,108,906,22,842,957,106,366,859,974,523,877,605,0,526,883,1012,183,941,59,218,851,110,842,54,48,49,47,50,51,52,31,49,50,51,54,44,51,50,47,57,51,56,47,57,46,59,53,55,52,57,48,58,59,59,50"
222,nothing,dataset_original,csi_dog_dataset/nothing/txt/csi_nothing_134.txt,"[ 5849.631401] [AOA] Measurement: 0,1619027007.502193,48:8f:5a:df:02:3b,2,1,2,0,128,193,17,829,887,974,1,378,564,62,168,894,1019,882,7,89,366,924,56,448,858,650,38,617,954,954,98,995,93,230,864,54,668,77,68,71,66,69,71,74,43,67,72,70,75,61,70,67,65,73,70,75,66,77,63,78,73,75,67,75,65,80,80,77,67"
223,nothing,dataset_original,csi_dog_dataset/nothing/txt/csi_nothing_135.txt,"[ 5850.690597] [AOA] Measurement: 0,1619027008.561390,48:8f:5a:df:02:3b,2,1,2,0,128,178,8,822,879,368,795,359,517,974,77,970,92,765,966,144,383,875,987,455,865,607,1003,70,758,473,978,1008,115,167,797,525,233,80,72,82,72,80,82,84,49,77,80,80,84,74,82,82,74,92,79,92,76,91,78,96,89,90,85,89,81,95,99,95,82"
224,nothing,dataset_original,csi_dog_dataset/nothing/txt/csi_nothing_136.txt,"[ 5851.750570] [AOA] Measurement: 0,1619027009.621361,48:8f:5a:df:02:3b,2,1,2,0,128,226,25,269,636,1003,17,311,500,46,114,914,36,832,983,40,310,970,56,536,939,594,40,648,984,951,140,949,21,322,909,974,488,64,57,61,56,62,62,65,39,61,61,63,67,58,65,63,58,72,59,69,60,70,59,73,67,68,66,67,62,74,75,74,66"
225,nothing,dataset_original,csi_dog_dataset/nothing/txt/csi_nothing_137.txt,"[ 5852.810934] [AOA] Measurement: 0,1619027010.681725,48:8f:5a:df:02:3b,2,1,2,0,128,299,57,815,857,993,6,414,555,11,112,891,1003,794,979,23,271,895,1016,424,852,616,16,650,978,985,159,932,23,239,845,167,824,60,56,61,55,60,62,63,38,58,60,61,64,57,61,64,55,71,57,68,58,67,59,70,66,67,67,67,60,70,74,72,63"
226,nothing,dataset_original,csi_dog_dataset/nothing/txt/csi_nothing_138.txt,"[ 5853.870966] [AOA] Measurement: 0,1619027011.741760,48:8f:5a:df:02:3b,2,1,2,0,128,254,20,830,891,934,995,376,560,1021,125,937,64,800,967,193,407,941,22,419,799,595,1012,613,969,998,175,966,34,305,892,286,917,68,61,65,62,66,67,70,42,64,65,67,71,61,67,67,61,73,64,75,63,73,62,76,72,71,68,72,65,78,78,76,68"
227,nothing,dataset_original,csi_dog_dataset/nothing/txt/csi_nothing_139.txt,"[ 5854.940609] [AOA] Measurement: 0,1619027012.811404,48:8f:5a:df:02:3b,2,1,2,0,128,250,63,860,900,911,988,399,599,2,177,911,41,823,977,79,402,919,1023,428,871,564,999,648,969,1018,179,965,21,262,857,54,653,65,58,63,58,63,64,65,39,61,63,65,67,60,64,65,57,72,60,70,59,69,61,73,68,68,66,67,61,74,74,73,66"
228,nothing,dataset_original,csi_dog_dataset/nothing/txt/csi_nothing_14.txt,"[ 5344.141628] [AOA] Measurement: 0,1619026502.012425,48:8f:5a:df:02:3b,2,1,2,0,128,216,7,792,858,902,1000,424,613,996,123,895,4,814,970,69,344,889,1009,486,829,616,30,633,968,10,185,915,2,234,819,242,822,61,57,62,56,61,59,65,38,57,60,60,62,55,62,59,55,66,57,66,58,66,56,68,63,63,61,64,57,68,68,65,60"
229,nothing,dataset_original,csi_dog_dataset/nothing/txt/csi_nothing_140.txt,"[ 5855.981503] [AOA] Measurement: 0,1619027013.852295,48:8f:5a:df:02:3b,2,1,2,0,128,233,9,787,872,1010,6,335,504,40,164,940,55,723,973,127,373,900,22,406,840,626,7,646,974,1023,180,972,20,219,811,304,974,61,54,62,53,61,63,67,38,59,62,61,66,60,64,64,58,71,58,69,59,70,60,73,68,67,67,69,63,73,74,74,67"
230,nothing,dataset_original,csi_dog_dataset/nothing/txt/csi_nothing_141.txt,"[ 5857.040836] [AOA] Measurement: 0,1619027014.911628,48:8f:5a:df:02:3b,2,1,2,0,128,219,20,820,871,921,1010,329,521,1,107,925,52,822,976,46,342,917,20,411,817,626,18,530,901,65,183,922,6,210,838,744,398,84,77,82,76,81,84,86,50,81,82,81,87,76,83,83,77,94,81,92,77,93,80,95,90,89,86,90,80,96,100,96,86"
231,nothing,dataset_original,csi_dog_dataset/nothing/txt/csi_nothing_142.txt,"[ 5858.090956] [AOA] Measurement: 0,1619027015.961751,48:8f:5a:df:02:3b,2,1,2,0,128,220,24,825,847,928,2,423,531,970,90,900,19,785,968,111,356,853,1007,413,832,606,8,550,918,1010,159,963,64,254,850,647,234,65,56,61,56,61,64,65,38,61,60,63,66,59,65,64,59,72,62,71,61,70,61,74,69,69,67,70,64,74,75,74,66"
232,nothing,dataset_original,csi_dog_dataset/nothing/txt/csi_nothing_143.txt,"[ 5859.140624] [AOA] Measurement: 0,1619027017.011417,48:8f:5a:df:02:3b,2,1,2,0,128,252,21,872,913,891,954,424,566,976,93,858,3,893,21,89,351,967,28,493,857,624,0,660,967,61,204,958,46,298,912,678,289,68,60,66,58,64,65,67,42,64,63,65,70,61,67,67,61,72,62,73,61,72,63,75,71,70,68,71,63,76,78,76,66"
233,nothing,dataset_original,csi_dog_dataset/nothing/txt/csi_nothing_144.txt,"[ 5860.181317] [AOA] Measurement: 0,1619027018.052109,48:8f:5a:df:02:3b,2,1,2,0,128,255,34,826,881,978,16,381,542,1018,105,956,57,840,1021,105,352,944,39,480,864,631,33,623,936,1020,168,911,29,193,820,482,83,102,84,91,82,84,86,92,48,80,93,89,93,67,84,80,77,85,89,88,80,95,75,92,83,92,71,90,73,98,92,95,80"
234,nothing,dataset_original,csi_dog_dataset/nothing/txt/csi_nothing_145.txt,"[ 5861.232016] [AOA] Measurement: 0,1619027019.102808,48:8f:5a:df:02:3b,2,1,2,0,128,643,804,869,881,911,957,909,390,25,123,897,8,231,785,62,373,878,24,430,841,609,14,585,946,983,159,984,78,191,814,201,839,68,60,65,58,63,64,69,41,62,65,65,69,60,67,64,61,74,64,73,62,73,61,75,69,71,67,70,63,74,77,75,67"
235,nothing,dataset_original,csi_dog_dataset/nothing/txt/csi_nothing_146.txt,"[ 5862.290656] [AOA] Measurement: 0,1619027020.161448,48:8f:5a:df:02:3b,2,1,2,0,128,240,58,837,863,947,1021,424,618,993,88,942,62,747,914,557,223,944,54,446,834,644,19,596,961,20,225,977,51,225,861,16,731,49,41,47,42,45,46,50,27,44,47,46,50,43,47,48,43,52,45,52,44,51,44,56,50,50,51,51,46,55,56,54,48"
236,nothing,dataset_original,csi_dog_dataset/nothing/txt/csi_nothing_147.txt,"[ 5863.331445] [AOA] Measurement: 0,1619027021.202237,48:8f:5a:df:02:3b,2,1,2,0,128,299,61,775,883,3,35,391,557,946,74,990,62,782,959,137,382,897,997,500,869,622,32,605,946,19,177,880,2,234,837,580,157,81,74,79,71,79,83,82,48,78,77,79,86,75,82,83,73,91,76,89,74,89,77,93,86,86,85,87,78,93,96,94,82"
237,nothing,dataset_original,csi_dog_dataset/nothing/txt/csi_nothing_148.txt,"[ 5864.380601] [AOA] Measurement: 0,1619027022.251393,48:8f:5a:df:02:3b,2,1,2,0,128,255,26,845,923,920,993,340,524,993,86,895,18,811,946,60,328,862,2,450,859,594,1012,603,943,1007,164,996,67,240,894,693,363,66,60,64,58,62,64,66,40,61,63,63,67,57,63,65,57,71,60,69,60,68,60,72,68,67,66,67,61,72,74,72,65"
238,nothing,dataset_original,csi_dog_dataset/nothing/txt/csi_nothing_149.txt,"[ 5865.422134] [AOA] Measurement: 0,1619027023.292926,48:8f:5a:df:02:3b,2,1,2,0,128,260,24,260,668,908,991,425,521,940,40,861,30,801,973,516,131,862,3,907,603,664,32,573,888,1008,148,983,60,288,899,890,579,86,76,82,74,80,84,88,49,80,80,82,88,75,83,84,75,93,78,90,78,91,77,95,88,90,85,90,79,96,96,97,83"
239,nothing,dataset_original,csi_dog_dataset/nothing/txt/csi_nothing_15.txt,"[ 5345.198103] [AOA] Measurement: 0,1619026503.068908,48:8f:5a:df:02:3b,2,1,2,0,128,151,988,305,706,974,1017,292,487,1016,88,965,69,797,943,99,352,812,980,958,713,598,6,651,961,963,142,906,29,260,868,1000,539,65,58,61,57,63,60,64,39,59,62,61,64,56,62,59,56,65,58,66,57,66,55,66,64,63,59,64,57,68,68,66,59"
240,nothing,dataset_original,csi_dog_dataset/nothing/txt/csi_nothing_150.txt,"[ 5866.471593] [AOA] Measurement: 0,1619027024.342386,48:8f:5a:df:02:3b,2,1,2,0,128,178,974,883,886,900,1002,388,501,2,135,913,5,785,957,80,358,935,18,460,819,601,15,622,951,982,156,1023,84,284,880,633,290,83,74,80,72,78,82,82,49,79,79,82,85,76,81,83,74,92,78,90,76,92,78,95,89,87,84,89,79,95,97,97,84"
241,turtlebot,dataset_original,csi_dog_dataset/turtlebot/txt/csi_turtlebot_143.txt,"[ 4128.429984] [AOA] Measurement: 0,1619025286.300791,48:8f:5a:df:02:3b,2,1,2,0,128,362,158,0,964,969,975,401,698,353,921,774,18,856,981,78,308,970,63,649,958,603,40,724,982,968,193,805,25,203,807,423,152,44,54,49,42,47,48,29,30,32,35,49,60,53,41,53,35,37,51,37,45,43,37,56,32,40,30,41,28,36,51,51,33"
242,turtlebot,dataset_original,csi_dog_dataset/turtlebot/txt/csi_turtlebot_144.txt,"[ 4129.481338] [AOA] Measurement: 0,1619025287.352145,48:8f:5a:df:02:3b,2,1,2,0,128,343,185,998,994,971,1007,439,740,956,119,795,34,844,1019,66,346,996,74,606,927,636,109,719,1000,857,141,905,117,262,830,957,573,46,50,47,43,47,49,30,33,36,38,48,56,56,45,57,43,39,43,38,48,44,40,55,32,44,33,42,28,45,56,59,43"
243,turtlebot,dataset_original,csi_dog_dataset/turtlebot/txt/csi_turtlebot_145.txt,"[ 4130.531798] [AOA] Measurement: 0,1619025288.402607,48:8f:5a:df:02:3b,2,1,2,0,128,679,947,238,658,80,23,289,731,888,1007,668,987,829,853,64,505,733,532,604,923,699,951,786,910,733,1016,747,1020,106,622,524,274,27,33,32,33,29,43,30,21,18,36,27,40,26,6,30,16,19,9,16,8,10,15,19,16,31,35,27,25,14,25,28,18"
244,turtlebot,dataset_original,csi_dog_dataset/turtlebot/txt/csi_turtlebot_146.txt,"[ 4131.581680] [AOA] Measurement: 0,1619025289.452487,48:8f:5a:df:02:3b,2,1,2,0,128,255,178,743,841,997,985,309,733,849,959,707,995,890,928,39,431,734,471,635,942,751,1003,734,869,720,983,767,989,164,662,664,505,28,31,30,32,28,44,30,23,17,36,26,40,27,6,32,17,19,8,15,8,11,13,20,16,28,33,26,25,15,25,27,19"
245,turtlebot,dataset_original,csi_dog_dataset/turtlebot/txt/csi_turtlebot_147.txt,"[ 4132.649635] [AOA] Measurement: 0,1619025290.520443,48:8f:5a:df:02:3b,2,1,2,0,128,695,977,855,896,48,21,353,785,819,923,721,1017,821,876,29,432,703,527,587,901,790,1001,785,903,754,1012,747,977,200,726,646,392,23,32,28,28,26,40,26,19,18,34,24,40,25,3,30,16,16,11,11,6,10,12,21,12,27,32,24,23,15,24,24,14"
246,turtlebot,dataset_original,csi_dog_dataset/turtlebot/txt/csi_turtlebot_148.txt,"[ 4133.710492] [AOA] Measurement: 0,1619025291.581299,48:8f:5a:df:02:3b,2,1,2,0,128,170,126,811,912,25,1007,760,516,380,812,730,1017,868,921,9,419,691,446,128,835,795,55,761,892,742,983,677,942,169,672,415,177,34,32,32,36,26,42,35,21,13,32,24,33,24,10,27,14,24,6,18,8,6,18,16,21,37,31,29,26,14,23,31,20"
247,turtlebot,dataset_original,csi_dog_dataset/turtlebot/txt/csi_turtlebot_149.txt,"[ 4134.761519] [AOA] Measurement: 0,1619025292.632329,48:8f:5a:df:02:3b,2,1,2,0,128,194,139,860,908,1004,964,271,727,885,10,634,971,823,890,983,412,167,352,620,914,727,951,788,887,737,1017,760,983,249,756,575,262,29,33,30,33,27,42,31,21,18,35,26,43,26,6,31,16,19,6,15,9,9,14,22,17,33,32,26,25,14,25,29,20"
248,turtlebot,dataset_original,csi_dog_dataset/turtlebot/txt/csi_turtlebot_15.txt,"[ 3993.331607] [AOA] Measurement: 0,1619025151.202416,48:8f:5a:df:02:3b,2,1,2,0,128,198,146,800,911,28,999,344,797,1018,22,711,983,869,1018,25,499,680,469,678,13,848,108,822,928,718,969,685,876,253,779,146,998,33,34,34,35,30,44,34,22,15,36,27,40,28,9,30,17,21,7,17,10,7,16,20,20,35,33,30,27,14,25,32,21"
249,turtlebot,dataset_original,csi_dog_dataset/turtlebot/txt/csi_turtlebot_150.txt,"[ 4135.815261] [AOA] Measurement: 0,1619025293.686068,48:8f:5a:df:02:3b,2,1,2,0,128,257,131,320,696,6,34,330,740,860,969,741,40,792,849,1000,362,199,328,628,880,735,905,834,937,641,971,753,9,109,682,896,618,31,34,32,35,27,43,34,22,15,33,27,38,26,9,28,15,23,5,19,9,8,16,17,20,34,32,29,26,16,25,31,22"
250,turtlebot,dataset_original,csi_dog_dataset/turtlebot/txt/csi_turtlebot_151.txt,"[ 4136.880493] [AOA] Measurement: 0,1619025294.751301,48:8f:5a:df:02:3b,2,1,2,0,128,196,127,814,895,53,1017,359,790,876,978,102,776,852,917,968,369,760,498,747,985,762,998,783,873,743,5,735,973,205,705,795,552,27,31,30,32,27,41,28,21,17,36,25,42,26,5,32,17,17,10,16,7,10,15,21,15,29,34,25,24,16,24,26,17"
251,turtlebot,dataset_original,csi_dog_dataset/turtlebot/txt/csi_turtlebot_152.txt,"[ 4137.931678] [AOA] Measurement: 0,1619025295.802486,48:8f:5a:df:02:3b,2,1,2,0,128,310,142,974,923,961,1007,504,771,904,25,747,992,902,17,119,371,932,80,634,893,606,55,622,959,861,114,750,977,266,807,261,944,48,54,49,45,50,52,31,32,35,36,50,58,56,44,57,41,38,49,39,48,45,40,57,34,44,33,40,28,41,53,53,37"
252,turtlebot,dataset_original,csi_dog_dataset/turtlebot/txt/csi_turtlebot_153.txt,"[ 4138.981678] [AOA] Measurement: 0,1619025296.852485,48:8f:5a:df:02:3b,2,1,2,0,128,381,184,5,955,965,1006,426,697,963,99,765,30,766,945,100,339,971,91,597,901,610,53,617,956,896,137,905,126,267,800,876,446,46,49,48,44,48,51,31,33,36,36,49,58,57,44,58,44,39,45,41,49,45,41,55,34,46,33,43,27,46,58,57,40"
253,turtlebot,dataset_original,csi_dog_dataset/turtlebot/txt/csi_turtlebot_154.txt,"[ 4140.031685] [AOA] Measurement: 0,1619025297.902492,48:8f:5a:df:02:3b,2,1,2,0,128,393,173,921,897,4,1,468,742,842,38,859,50,829,985,77,360,920,65,590,884,584,52,661,980,871,137,853,62,218,783,465,124,39,49,44,34,41,43,27,26,27,32,44,55,46,36,44,30,29,48,32,39,38,32,51,27,32,27,34,27,28,44,40,25"
254,turtlebot,dataset_original,csi_dog_dataset/turtlebot/txt/csi_turtlebot_155.txt,"[ 4141.090275] [AOA] Measurement: 0,1619025298.961081,48:8f:5a:df:02:3b,2,1,2,0,128,322,185,993,948,1016,10,437,745,861,15,854,86,795,1005,34,290,51,134,604,932,614,49,684,997,910,127,793,20,260,846,520,136,45,51,47,45,48,51,31,33,36,36,49,58,58,45,58,43,41,46,40,49,46,41,56,35,45,32,44,26,44,59,56,41"
255,turtlebot,dataset_original,csi_dog_dataset/turtlebot/txt/csi_turtlebot_156.txt,"[ 4142.150963] [AOA] Measurement: 0,1619025300.021772,48:8f:5a:df:02:3b,2,1,2,0,128,357,182,993,930,966,1003,436,729,924,65,777,1021,817,961,82,320,978,42,616,911,662,89,678,971,834,82,876,76,253,807,229,922,45,51,47,42,47,48,28,31,33,34,47,58,51,42,53,37,35,46,38,44,41,36,53,31,41,28,40,26,38,51,51,36"
256,turtlebot,dataset_original,csi_dog_dataset/turtlebot/txt/csi_turtlebot_157.txt,"[ 4143.210924] [AOA] Measurement: 0,1619025301.081731,48:8f:5a:df:02:3b,2,1,2,0,128,820,1018,76,7,986,996,427,743,908,56,818,58,830,983,110,361,978,29,662,971,592,3,651,939,910,169,787,1013,238,803,941,542,43,52,47,42,46,49,30,32,32,34,47,56,55,43,53,39,36,47,38,45,42,39,53,33,40,31,41,26,39,53,51,36"
257,turtlebot,dataset_original,csi_dog_dataset/turtlebot/txt/csi_turtlebot_158.txt,"[ 4144.270616] [AOA] Measurement: 0,1619025302.141422,48:8f:5a:df:02:3b,2,1,2,0,128,368,151,1020,968,363,769,493,762,885,46,799,22,901,1018,50,306,999,127,607,935,565,17,134,760,883,116,804,20,206,787,974,714,47,55,49,45,48,50,31,32,35,37,49,59,55,43,56,39,37,50,41,47,45,38,58,33,44,33,43,28,41,56,54,38"
258,turtlebot,dataset_original,csi_dog_dataset/turtlebot/txt/csi_turtlebot_159.txt,"[ 4145.321616] [AOA] Measurement: 0,1619025303.192422,48:8f:5a:df:02:3b,2,1,2,0,128,378,172,928,901,419,805,478,745,933,40,811,16,829,2,19,311,455,922,558,857,640,55,71,725,370,1016,823,984,218,768,500,164,46,54,50,44,49,50,31,32,34,35,49,60,53,42,55,38,35,51,40,47,44,38,57,33,40,32,40,28,37,53,52,35"
259,turtlebot,dataset_original,csi_dog_dataset/turtlebot/txt/csi_turtlebot_16.txt,"[ 3994.390314] [AOA] Measurement: 0,1619025152.261122,48:8f:5a:df:02:3b,2,1,2,0,128,249,132,807,900,530,846,315,766,861,955,708,977,847,884,956,348,815,603,670,971,724,953,766,896,724,1006,722,966,210,726,50,745,35,33,33,36,26,42,35,21,13,33,25,37,27,11,27,15,23,5,20,9,6,17,18,20,36,32,29,26,14,24,31,21"
260,turtlebot,dataset_original,csi_dog_dataset/turtlebot/txt/csi_turtlebot_160.txt,"[ 4146.389225] [AOA] Measurement: 0,1619025304.260033,48:8f:5a:df:02:3b,2,1,2,0,128,361,130,973,933,911,930,889,549,915,46,811,14,760,917,104,359,3,123,589,894,673,73,616,912,295,958,863,39,226,769,199,939,48,56,51,46,51,52,31,32,35,36,50,60,56,44,56,40,38,50,41,48,45,40,58,33,43,33,43,28,41,56,53,37"
261,turtlebot,dataset_original,csi_dog_dataset/turtlebot/txt/csi_turtlebot_161.txt,"[ 4147.441711] [AOA] Measurement: 0,1619025305.312517,48:8f:5a:df:02:3b,2,1,2,0,128,837,1000,994,999,945,960,877,529,904,67,800,42,738,945,121,362,1016,62,582,901,590,69,49,746,893,155,800,1014,216,788,462,41,38,47,43,35,41,43,25,24,28,29,43,52,46,34,44,30,29,44,32,39,37,30,49,27,31,25,35,27,28,44,40,26"
262,turtlebot,dataset_original,csi_dog_dataset/turtlebot/txt/csi_turtlebot_162.txt,"[ 4148.501208] [AOA] Measurement: 0,1619025306.372015,48:8f:5a:df:02:3b,2,1,2,0,128,473,213,941,913,517,839,436,705,943,102,765,1012,230,744,542,149,0,98,558,869,76,903,667,953,808,92,841,20,638,572,383,83,46,49,48,44,49,50,30,33,35,37,48,58,57,46,58,43,39,46,39,49,43,41,56,34,45,32,43,27,44,57,59,42"
263,turtlebot,dataset_original,csi_dog_dataset/turtlebot/txt/csi_turtlebot_163.txt,"[ 4149.560535] [AOA] Measurement: 0,1619025307.431342,48:8f:5a:df:02:3b,2,1,2,0,128,302,151,980,958,964,974,510,764,846,31,829,40,800,943,28,339,2,98,589,902,612,79,637,972,821,98,866,59,224,783,857,531,47,51,50,45,50,50,32,33,37,38,50,58,59,45,58,41,40,48,41,49,46,40,57,33,47,34,43,27,44,57,58,42"
264,turtlebot,dataset_original,csi_dog_dataset/turtlebot/txt/csi_turtlebot_164.txt,"[ 4150.620317] [AOA] Measurement: 0,1619025308.491127,48:8f:5a:df:02:3b,2,1,2,0,128,384,202,1008,991,976,1019,419,719,850,4,883,101,800,975,117,352,1017,85,607,917,608,45,702,986,865,139,860,75,226,836,820,310,40,50,46,37,44,44,27,28,29,33,45,55,49,39,49,34,32,46,34,41,40,35,52,30,36,28,37,27,33,47,46,31"
265,turtlebot,dataset_original,csi_dog_dataset/turtlebot/txt/csi_turtlebot_165.txt,"[ 4151.680390] [AOA] Measurement: 0,1619025309.551197,48:8f:5a:df:02:3b,2,1,2,0,128,454,235,944,951,513,866,426,742,877,28,218,867,238,787,145,337,983,43,638,948,642,76,642,960,881,178,847,69,146,768,534,200,47,52,49,45,50,52,32,33,36,36,51,59,58,46,59,43,39,47,41,50,46,40,57,34,45,32,43,27,45,57,57,40"
266,turtlebot,dataset_original,csi_dog_dataset/turtlebot/txt/csi_turtlebot_166.txt,"[ 4152.740678] [AOA] Measurement: 0,1619025310.611486,48:8f:5a:df:02:3b,2,1,2,0,128,394,239,1017,1009,963,986,462,788,875,71,813,84,835,1008,121,371,37,114,633,922,625,55,714,8,814,141,887,91,226,792,839,433,47,53,49,44,50,50,31,33,35,38,50,58,59,44,58,44,41,47,41,47,46,41,58,33,46,33,44,28,44,58,59,41"
267,turtlebot,dataset_original,csi_dog_dataset/turtlebot/txt/csi_turtlebot_167.txt,"[ 4153.791649] [AOA] Measurement: 0,1619025311.662456,48:8f:5a:df:02:3b,2,1,2,0,128,381,196,983,982,946,951,429,711,970,67,805,35,752,935,613,186,1002,46,573,912,580,40,691,954,877,121,850,21,283,848,672,345,39,40,38,37,41,44,27,31,35,33,41,49,53,41,53,42,36,36,37,46,41,39,51,30,41,29,38,25,45,52,55,39"
268,turtlebot,dataset_original,csi_dog_dataset/turtlebot/txt/csi_turtlebot_168.txt,"[ 4154.860799] [AOA] Measurement: 0,1619025312.731604,48:8f:5a:df:02:3b,2,1,2,0,128,412,211,934,901,1014,991,404,730,883,46,871,54,818,0,510,116,23,119,545,867,622,53,640,922,802,86,814,11,209,784,671,376,45,51,48,44,50,50,31,32,37,37,47,58,57,46,58,44,41,46,39,49,45,40,58,33,45,32,43,28,44,57,57,41"
269,turtlebot,dataset_original,csi_dog_dataset/turtlebot/txt/csi_turtlebot_169.txt,"[ 4155.911644] [AOA] Measurement: 0,1619025313.782451,48:8f:5a:df:02:3b,2,1,2,0,128,818,0,1014,949,409,788,456,732,852,14,254,863,803,984,97,323,907,1023,141,770,23,874,684,901,879,137,790,5,184,740,520,259,43,52,47,39,43,47,28,29,29,33,46,57,49,37,48,31,33,49,35,41,40,34,53,29,34,27,35,28,31,48,44,26"
270,turtlebot,dataset_original,csi_dog_dataset/turtlebot/txt/csi_turtlebot_17.txt,"[ 3995.451400] [AOA] Measurement: 0,1619025153.322209,48:8f:5a:df:02:3b,2,1,2,0,128,293,186,839,886,47,3,269,708,870,998,680,1000,795,864,989,389,803,598,565,878,224,815,816,917,756,1007,759,1009,124,659,562,346,29,33,32,33,28,44,32,22,17,36,24,41,28,6,32,17,18,8,14,10,10,16,20,15,30,34,27,24,15,26,28,18"
271,turtlebot,dataset_original,csi_dog_dataset/turtlebot/txt/csi_turtlebot_170.txt,"[ 4156.969770] [AOA] Measurement: 0,1619025314.840581,48:8f:5a:df:02:3b,2,1,2,0,128,365,204,958,958,6,14,495,769,892,54,828,41,904,37,111,332,19,123,556,907,687,155,637,998,902,184,852,39,223,800,833,520,46,50,47,42,48,51,31,33,36,36,48,57,57,46,58,44,40,44,40,47,43,41,55,34,45,32,43,26,46,56,59,43"
272,turtlebot,dataset_original,csi_dog_dataset/turtlebot/txt/csi_turtlebot_171.txt,"[ 4158.021660] [AOA] Measurement: 0,1619025315.892470,48:8f:5a:df:02:3b,2,1,2,0,128,405,231,912,879,1017,1010,427,737,857,12,853,47,824,982,18,271,954,46,594,919,577,22,657,945,868,133,858,45,255,832,567,140,39,42,41,37,44,45,29,32,35,33,44,50,53,42,54,42,38,39,36,44,41,37,53,30,42,31,42,26,46,53,55,41"
273,turtlebot,dataset_original,csi_dog_dataset/turtlebot/txt/csi_turtlebot_172.txt,"[ 4159.071694] [AOA] Measurement: 0,1619025316.942504,48:8f:5a:df:02:3b,2,1,2,0,128,382,200,1015,954,939,1005,434,691,923,19,830,75,774,935,45,309,999,74,659,931,601,28,641,920,851,120,898,60,209,769,272,986,46,53,49,42,47,48,30,29,31,35,48,58,52,42,52,35,35,50,38,45,43,37,55,30,39,30,39,28,36,51,48,32"
274,turtlebot,dataset_original,csi_dog_dataset/turtlebot/txt/csi_turtlebot_173.txt,"[ 4160.121873] [AOA] Measurement: 0,1619025317.992682,48:8f:5a:df:02:3b,2,1,2,0,128,271,157,869,946,1023,1010,292,755,924,8,705,1009,864,908,39,462,708,443,614,943,722,973,807,903,711,1023,782,2,204,735,836,487,32,33,32,35,27,42,33,22,15,34,25,38,24,8,29,17,21,5,18,9,6,15,18,18,34,33,28,26,14,24,30,20"
275,turtlebot,dataset_original,csi_dog_dataset/turtlebot/txt/csi_turtlebot_174.txt,"[ 4161.171622] [AOA] Measurement: 0,1619025319.042429,48:8f:5a:df:02:3b,2,1,2,0,128,259,135,847,849,998,1008,326,746,819,972,776,1011,809,892,979,395,863,861,553,796,743,863,814,870,721,15,754,6,151,696,940,542,27,35,30,34,27,42,31,22,17,37,24,43,26,7,32,18,20,8,16,8,10,14,20,17,31,35,27,25,16,26,28,19"
276,turtlebot,dataset_original,csi_dog_dataset/turtlebot/txt/csi_turtlebot_175.txt,"[ 4162.239597] [AOA] Measurement: 0,1619025320.110404,48:8f:5a:df:02:3b,2,1,2,0,128,323,151,779,830,8,23,310,713,846,988,689,1008,757,814,969,364,787,811,595,817,679,810,801,850,736,0,779,19,131,640,651,360,34,31,31,33,22,37,34,19,10,27,23,31,22,9,25,12,25,6,16,11,2,17,13,21,35,26,27,24,14,24,29,20"
277,turtlebot,dataset_original,csi_dog_dataset/turtlebot/txt/csi_turtlebot_176.txt,"[ 4163.291527] [AOA] Measurement: 0,1619025321.162337,48:8f:5a:df:02:3b,2,1,2,0,128,254,110,859,861,971,982,327,720,812,966,691,1013,188,580,978,394,758,755,563,785,705,826,841,908,725,2,734,11,122,673,189,871,30,33,32,34,29,44,31,22,16,35,26,39,26,7,30,17,21,5,18,10,8,15,19,18,33,33,28,27,14,24,32,20"
278,turtlebot,dataset_original,csi_dog_dataset/turtlebot/txt/csi_turtlebot_177.txt,"[ 4164.348111] [AOA] Measurement: 0,1619025322.218923,48:8f:5a:df:02:3b,2,1,2,0,128,188,85,253,653,12,1021,323,731,881,1005,668,986,846,861,40,459,787,674,17,614,779,931,768,891,701,1016,807,28,79,619,797,532,32,34,31,34,28,43,33,20,16,34,26,40,26,8,29,16,21,5,18,9,8,15,18,18,34,32,30,27,16,25,32,22"
279,turtlebot,dataset_original,csi_dog_dataset/turtlebot/txt/csi_turtlebot_178.txt,"[ 4165.401770] [AOA] Measurement: 0,1619025323.272579,48:8f:5a:df:02:3b,2,1,2,0,128,238,132,896,943,17,1013,346,768,860,989,702,1010,773,871,996,429,785,592,622,931,651,868,879,933,809,19,699,1021,215,764,440,170,29,32,30,33,28,43,30,22,17,36,25,40,25,7,31,16,18,8,16,7,10,15,21,15,30,35,27,25,14,24,29,20"
280,turtlebot,dataset_original,csi_dog_dataset/turtlebot/txt/csi_turtlebot_179.txt,"[ 4166.451776] [AOA] Measurement: 0,1619025324.322583,48:8f:5a:df:02:3b,2,1,2,0,128,290,147,798,851,29,1021,303,712,847,976,736,998,775,826,1011,425,814,771,605,809,747,879,786,838,742,1023,776,8,81,639,804,534,33,33,32,33,27,44,33,22,15,34,25,39,28,8,29,17,21,6,18,10,7,16,20,19,34,34,27,25,15,25,30,21"
281,nothing,dataset_original,csi_dog_dataset/nothing/txt/csi_nothing_151.txt,"[ 5867.530572] [AOA] Measurement: 0,1619027025.401365,48:8f:5a:df:02:3b,2,1,2,0,128,234,4,775,801,954,11,314,424,9,131,843,979,833,950,56,326,905,1007,440,824,605,1008,648,967,1013,147,911,1000,258,832,101,742,62,55,62,56,62,62,66,39,58,61,61,65,59,64,64,58,71,60,69,58,69,59,71,67,67,67,69,62,73,75,74,65"
282,nothing,dataset_original,csi_dog_dataset/nothing/txt/csi_nothing_152.txt,"[ 5868.581150] [AOA] Measurement: 0,1619027026.451943,48:8f:5a:df:02:3b,2,1,2,0,128,188,4,846,902,949,25,382,552,1014,133,988,78,825,980,40,323,997,27,495,877,594,1019,644,977,12,166,966,70,242,828,84,727,68,60,66,61,65,67,68,40,63,65,66,69,62,66,65,61,74,63,72,62,72,63,75,71,71,67,73,63,76,78,74,67"
283,nothing,dataset_original,csi_dog_dataset/nothing/txt/csi_nothing_153.txt,"[ 5869.640527] [AOA] Measurement: 0,1619027027.511319,48:8f:5a:df:02:3b,2,1,2,0,128,239,17,809,867,423,824,394,593,973,67,374,857,814,972,103,424,819,954,495,867,591,1019,609,931,1016,168,1022,87,233,862,78,782,86,76,81,73,79,82,87,49,79,81,80,86,76,82,83,77,92,77,90,76,91,77,94,88,88,85,91,79,96,100,96,85"
284,nothing,dataset_original,csi_dog_dataset/nothing/txt/csi_nothing_154.txt,"[ 5870.691736] [AOA] Measurement: 0,1619027028.562531,48:8f:5a:df:02:3b,2,1,2,0,128,352,100,769,843,1002,20,362,571,3,90,930,42,868,1008,42,330,932,21,501,892,618,18,657,998,944,147,965,35,246,864,1012,611,69,62,67,60,66,65,69,42,64,63,67,70,60,68,67,62,73,64,73,64,74,62,75,71,72,67,73,64,77,78,76,68"
285,nothing,dataset_original,csi_dog_dataset/nothing/txt/csi_nothing_155.txt,"[ 5871.741491] [AOA] Measurement: 0,1619027029.612281,48:8f:5a:df:02:3b,2,1,2,0,128,214,6,858,899,960,21,380,596,10,109,903,13,905,9,57,393,919,27,432,834,582,1022,616,962,6,200,1006,67,251,879,765,383,78,67,76,68,75,78,79,48,75,76,76,83,71,78,79,69,89,73,85,71,83,75,88,83,80,82,84,74,90,93,87,76"
286,nothing,dataset_original,csi_dog_dataset/nothing/txt/csi_nothing_156.txt,"[ 5872.800857] [AOA] Measurement: 0,1619027030.671648,48:8f:5a:df:02:3b,2,1,2,0,128,251,999,813,865,1001,22,377,579,2,119,917,4,765,924,569,123,913,57,405,817,654,33,659,980,989,167,979,75,222,827,428,21,73,65,69,64,68,70,73,42,67,68,70,73,62,71,67,64,76,68,76,64,77,63,77,72,75,66,73,65,80,80,76,67"
287,nothing,dataset_original,csi_dog_dataset/nothing/txt/csi_nothing_157.txt,"[ 5873.853226] [AOA] Measurement: 0,1619027031.724017,48:8f:5a:df:02:3b,2,1,2,0,128,705,850,817,854,947,1022,831,327,988,72,895,26,818,987,1015,273,864,991,451,827,622,1008,700,966,1022,181,927,21,235,824,512,158,93,80,87,81,86,86,92,51,82,87,87,92,77,88,86,80,95,84,95,81,95,79,99,90,95,87,95,81,101,101,98,89"
288,nothing,dataset_original,csi_dog_dataset/nothing/txt/csi_nothing_158.txt,"[ 5874.910668] [AOA] Measurement: 0,1619027032.781460,48:8f:5a:df:02:3b,2,1,2,0,128,175,985,874,893,967,1023,350,514,993,97,921,26,814,1000,134,394,879,0,458,847,577,18,637,970,933,154,959,1,221,860,147,745,89,78,86,79,83,87,89,50,81,87,85,90,75,88,85,79,96,83,95,81,95,79,98,92,93,86,94,80,100,102,98,86"
289,nothing,dataset_original,csi_dog_dataset/nothing/txt/csi_nothing_159.txt,"[ 6012.894570] [AOA] Measurement: 0,1619027170.765369,48:8f:5a:df:02:3b,2,1,2,0,128,298,72,772,842,968,997,325,450,52,148,893,30,806,951,130,410,905,11,457,837,655,53,683,987,939,123,990,59,240,848,826,484,80,74,79,73,76,79,81,53,70,78,78,78,67,76,75,70,71,72,70,74,78,73,80,70,79,70,72,66,80,75,80,73"
290,nothing,dataset_original,csi_dog_dataset/nothing/txt/csi_nothing_16.txt,"[ 5346.250179] [AOA] Measurement: 0,1619026504.120975,48:8f:5a:df:02:3b,2,1,2,0,128,277,74,754,824,982,34,347,518,51,159,848,1015,815,1008,105,392,877,1007,451,803,614,24,650,976,996,182,972,41,286,861,720,348,61,55,60,54,61,60,63,38,57,60,60,64,56,61,59,58,66,57,66,57,67,54,68,64,64,61,63,57,69,68,66,58"
291,nothing,dataset_original,csi_dog_dataset/nothing/txt/csi_nothing_160.txt,"[ 6013.943312] [AOA] Measurement: 0,1619027171.814104,48:8f:5a:df:02:3b,2,1,2,2,128,298,72,772,842,968,997,325,450,52,148,893,30,806,951,130,410,905,11,457,837,655,53,683,987,939,123,990,59,240,848,826,484,80,74,79,73,76,79,81,53,70,78,78,78,67,76,75,70,71,72,70,74,78,73,80,70,79,70,72,66,80,75,80,73"
292,nothing,dataset_original,csi_dog_dataset/nothing/txt/csi_nothing_161.txt,"[ 6014.998255] [AOA] Measurement: 0,1619027172.869051,48:8f:5a:df:02:3b,2,1,2,0,128,145,971,853,874,961,21,384,557,52,142,908,4,818,1010,0,344,934,40,405,820,663,59,586,924,42,202,969,31,249,849,547,147,65,60,64,58,65,65,67,42,65,63,66,69,63,66,66,62,74,61,74,62,71,63,75,70,70,69,70,65,76,77,74,68"
293,nothing,dataset_original,csi_dog_dataset/nothing/txt/csi_nothing_162.txt,"[ 6016.050818] [AOA] Measurement: 0,1619027173.921609,48:8f:5a:df:02:3b,2,1,2,0,128,226,4,800,874,993,19,290,528,82,168,949,63,751,965,104,353,939,8,459,873,632,32,669,971,963,118,23,86,259,873,986,623,71,56,63,52,54,59,63,29,53,66,62,63,36,52,52,50,49,62,51,51,62,52,56,49,59,40,55,42,59,55,59,50"
294,nothing,dataset_original,csi_dog_dataset/nothing/txt/csi_nothing_163.txt,"[ 6017.092077] [AOA] Measurement: 0,1619027174.962869,48:8f:5a:df:02:3b,2,1,2,0,128,314,54,803,850,960,1011,353,535,1012,113,891,1008,781,968,107,356,871,26,481,870,631,33,600,949,12,188,954,54,204,830,142,764,71,63,69,64,69,67,71,45,66,67,69,73,63,69,68,66,76,65,75,65,76,64,78,72,73,71,74,65,79,80,78,69"
295,nothing,dataset_original,csi_dog_dataset/nothing/txt/csi_nothing_164.txt,"[ 6018.159746] [AOA] Measurement: 0,1619027176.030537,48:8f:5a:df:02:3b,2,1,2,0,128,248,1021,868,864,899,989,397,549,995,84,998,81,763,957,26,306,921,21,517,889,596,1000,583,920,11,209,906,1016,275,881,329,922,69,57,62,50,54,59,61,29,50,64,61,62,37,52,50,50,47,62,50,49,61,50,57,50,59,39,53,41,60,54,57,49"
296,nothing,dataset_original,csi_dog_dataset/nothing/txt/csi_nothing_165.txt,"[ 6019.211898] [AOA] Measurement: 0,1619027177.082690,48:8f:5a:df:02:3b,2,1,2,0,128,219,1005,837,897,979,20,424,604,986,99,949,60,798,968,70,338,828,1006,479,855,660,70,601,931,476,1008,1016,51,234,849,853,458,69,62,68,62,68,67,72,44,66,68,69,71,65,69,68,63,74,65,75,65,75,64,79,73,72,71,74,66,77,77,75,69"
297,nothing,dataset_original,csi_dog_dataset/nothing/txt/csi_nothing_166.txt,"[ 6020.261812] [AOA] Measurement: 0,1619027178.132606,48:8f:5a:df:02:3b,2,1,2,0,128,285,45,827,858,968,1009,402,566,932,73,934,16,782,953,87,337,878,6,528,903,667,49,614,949,13,205,1018,73,182,802,980,609,66,59,67,59,67,66,68,41,64,64,66,68,62,66,66,62,74,61,72,61,71,62,76,69,69,69,70,65,76,76,74,66"
298,nothing,dataset_original,csi_dog_dataset/nothing/txt/csi_nothing_167.txt,"[ 6021.311506] [AOA] Measurement: 0,1619027179.182299,48:8f:5a:df:02:3b,2,1,2,0,128,291,57,816,875,970,13,402,609,955,90,247,798,839,989,67,367,904,16,441,799,654,58,604,972,24,187,960,62,281,864,445,172,66,59,64,58,64,64,67,42,61,63,65,66,62,66,64,59,72,61,71,61,69,61,75,70,69,70,69,63,77,76,74,67"
299,nothing,dataset_original,csi_dog_dataset/nothing/txt/csi_nothing_168.txt,"[ 6022.379018] [AOA] Measurement: 0,1619027180.249809,48:8f:5a:df:02:3b,2,1,2,0,128,238,33,789,861,945,9,390,574,1005,95,885,10,828,988,182,398,872,16,532,914,536,980,593,966,38,196,922,34,173,821,459,89,72,65,68,64,69,69,71,43,66,69,68,72,63,70,68,63,76,66,75,65,76,64,77,73,72,71,74,65,78,79,77,67"
300,nothing,dataset_original,csi_dog_dataset/nothing/txt/csi_nothing_169.txt,"[ 6023.430723] [AOA] Measurement: 0,1619027181.301516,48:8f:5a:df:02:3b,2,1,2,0,128,216,1014,273,655,960,980,398,559,4,126,916,63,827,976,83,371,844,975,513,853,549,1019,576,917,10,185,1014,59,261,862,948,521,70,63,67,63,69,67,70,45,66,66,68,70,63,69,69,64,76,65,74,64,75,63,77,72,70,69,73,66,78,78,77,69"
301,nothing,dataset_original,csi_dog_dataset/nothing/txt/csi_nothing_17.txt,"[ 5347.309542] [AOA] Measurement: 0,1619026505.180338,48:8f:5a:df:02:3b,2,1,2,0,128,700,893,860,874,921,980,874,341,146,200,911,32,792,1011,27,331,887,1010,494,867,645,24,642,997,970,161,995,58,288,858,154,833,58,52,56,51,57,56,60,37,56,56,56,60,54,58,58,53,63,51,62,53,62,53,64,62,61,61,60,55,64,66,64,58"
302,nothing,dataset_original,csi_dog_dataset/nothing/txt/csi_nothing_170.txt,"[ 6024.482059] [AOA] Measurement: 0,1619027182.352852,48:8f:5a:df:02:3b,2,1,2,0,128,195,13,903,932,930,982,440,619,56,155,923,47,871,1004,61,354,898,1012,459,856,581,16,703,1018,964,187,965,56,254,855,353,992,65,58,62,57,63,64,67,42,63,63,62,66,61,64,63,59,72,60,69,58,68,59,72,69,66,66,66,63,72,73,71,63"
303,nothing,dataset_original,csi_dog_dataset/nothing/txt/csi_nothing_171.txt,"[ 6025.538232] [AOA] Measurement: 0,1619027183.409027,48:8f:5a:df:02:3b,2,1,2,0,128,266,60,851,908,933,988,342,547,1002,87,921,4,823,985,116,403,914,35,436,854,641,18,643,1001,1023,150,989,72,267,896,226,927,64,57,64,58,63,63,67,43,61,61,62,65,61,65,64,59,72,58,70,61,69,60,74,70,68,69,70,62,73,75,72,66"
304,nothing,dataset_original,csi_dog_dataset/nothing/txt/csi_nothing_172.txt,"[ 6026.588199] [AOA] Measurement: 0,1619027184.458995,48:8f:5a:df:02:3b,2,1,2,0,128,216,40,835,877,999,18,432,627,941,69,937,38,851,1007,53,362,898,67,464,867,581,1021,666,958,14,193,986,54,241,827,828,496,59,54,61,53,60,62,63,40,58,57,60,64,58,61,63,57,68,57,67,56,66,58,69,67,64,66,66,59,69,72,69,62"
305,nothing,dataset_original,csi_dog_dataset/nothing/txt/csi_nothing_173.txt,"[ 6027.640955] [AOA] Measurement: 0,1619027185.511749,48:8f:5a:df:02:3b,2,1,2,0,128,253,64,803,854,986,31,361,525,17,127,907,46,819,1004,87,388,932,51,453,873,625,17,582,900,1016,194,900,10,311,869,409,5,72,62,69,63,68,68,72,44,67,69,70,71,63,68,66,63,73,65,74,65,74,62,77,72,74,69,74,67,79,79,76,70"
306,nothing,dataset_original,csi_dog_dataset/nothing/txt/csi_nothing_174.txt,"[ 6028.698744] [AOA] Measurement: 0,1619027186.569540,48:8f:5a:df:02:3b,2,1,2,0,128,265,24,770,845,946,1005,393,579,22,115,887,5,846,993,54,363,865,1011,419,823,52,839,603,920,953,122,393,852,289,864,349,991,67,60,65,60,64,65,69,42,64,65,66,69,63,66,66,63,75,62,74,63,74,63,76,72,68,70,72,65,76,78,76,68"
307,nothing,dataset_original,csi_dog_dataset/nothing/txt/csi_nothing_175.txt,"[ 6029.741243] [AOA] Measurement: 0,1619027187.612037,48:8f:5a:df:02:3b,2,1,2,0,128,250,8,827,867,915,972,415,522,990,131,925,28,207,709,534,115,916,1,495,873,576,989,552,883,69,247,964,32,253,865,397,42,72,57,62,53,56,59,64,31,52,64,62,63,39,53,52,51,48,61,53,50,61,51,57,50,59,38,54,41,59,54,58,47"
308,nothing,dataset_original,csi_dog_dataset/nothing/txt/csi_nothing_176.txt,"[ 6030.797860] [AOA] Measurement: 0,1619027188.668656,48:8f:5a:df:02:3b,2,1,2,0,128,181,996,822,873,982,28,392,579,1017,97,355,850,841,993,47,344,856,4,451,835,603,3,654,975,944,121,970,51,304,908,1004,642,69,63,68,63,67,68,71,43,65,67,69,72,64,70,67,64,76,66,75,64,75,62,77,73,73,70,73,65,78,77,76,69"
309,nothing,dataset_original,csi_dog_dataset/nothing/txt/csi_nothing_177.txt,"[ 6031.850806] [AOA] Measurement: 0,1619027189.721597,48:8f:5a:df:02:3b,2,1,2,0,128,254,46,745,799,404,826,396,574,984,105,843,1005,876,12,58,361,874,1020,462,848,651,56,645,958,985,132,983,39,259,861,898,519,74,66,70,65,71,69,74,46,67,70,71,75,64,71,68,67,74,67,76,66,77,65,78,75,72,70,73,67,79,79,77,68"
310,nothing,dataset_original,csi_dog_dataset/nothing/txt/csi_nothing_178.txt,"[ 6032.919216] [AOA] Measurement: 0,1619027190.790007,48:8f:5a:df:02:3b,2,1,2,0,128,129,973,831,862,380,807,367,539,997,99,914,1023,788,936,129,422,881,1001,473,860,667,54,602,928,987,134,21,111,293,876,325,935,68,61,67,61,67,68,71,42,64,66,67,70,63,67,65,65,75,64,74,64,76,63,77,72,73,67,73,67,77,78,76,67"
311,nothing,dataset_original,csi_dog_dataset/nothing/txt/csi_nothing_179.txt,"[ 6033.979100] [AOA] Measurement: 0,1619027191.849891,48:8f:5a:df:02:3b,2,1,2,0,128,293,60,776,878,916,963,394,548,466,970,873,30,832,979,104,381,895,12,408,844,662,58,597,929,1018,155,12,86,242,840,523,151,74,65,70,65,69,69,75,45,68,71,71,73,63,72,69,66,76,67,77,65,78,65,80,73,73,70,75,67,80,79,78,70"
312,nothing,dataset_original,csi_dog_dataset/nothing/txt/csi_nothing_18.txt,"[ 5348.370765] [AOA] Measurement: 0,1619026506.241563,48:8f:5a:df:02:3b,2,1,2,0,128,227,30,837,869,899,969,381,562,9,126,883,33,862,998,111,370,886,1023,474,861,606,0,658,993,944,117,52,140,249,882,919,540,61,54,59,55,59,58,61,38,57,58,60,63,55,62,59,56,65,57,65,58,64,55,66,62,61,60,63,56,66,67,65,59"
313,nothing,dataset_original,csi_dog_dataset/nothing/txt/csi_nothing_180.txt,"[ 6035.028858] [AOA] Measurement: 0,1619027192.899654,48:8f:5a:df:02:3b,2,1,2,0,128,198,998,824,893,990,36,400,571,1019,135,865,1023,823,993,122,391,879,996,511,870,611,14,626,940,17,172,978,41,246,869,825,382,80,73,76,70,76,76,81,49,74,77,76,81,71,77,76,71,87,72,84,72,84,72,86,81,80,79,82,76,88,91,86,78"
314,nothing,dataset_original,csi_dog_dataset/nothing/txt/csi_nothing_181.txt,"[ 6036.071763] [AOA] Measurement: 0,1619027193.942556,48:8f:5a:df:02:3b,2,1,2,0,128,231,35,826,839,936,999,339,527,46,114,885,14,823,981,137,381,909,15,490,883,591,4,629,973,1001,146,944,22,246,840,892,517,77,70,72,68,72,71,74,46,68,75,73,75,61,74,69,66,72,71,76,67,77,65,78,71,73,67,76,65,80,78,76,68"
315,nothing,dataset_original,csi_dog_dataset/nothing/txt/csi_nothing_182.txt,"[ 6037.121269] [AOA] Measurement: 0,1619027194.992060,48:8f:5a:df:02:3b,2,1,2,0,128,264,47,782,851,1012,1019,377,558,43,148,883,1,769,994,107,374,931,54,413,829,672,44,617,966,27,210,950,53,237,842,293,914,66,59,65,61,65,65,65,43,62,64,65,68,62,66,66,61,74,63,72,63,73,61,74,72,69,68,71,65,76,76,74,66"
316,nothing,dataset_original,csi_dog_dataset/nothing/txt/csi_nothing_183.txt,"[ 6038.171599] [AOA] Measurement: 0,1619027196.042389,48:8f:5a:df:02:3b,2,1,2,0,128,204,1013,835,901,1012,44,399,554,995,125,914,57,775,975,43,335,820,1011,498,860,640,37,602,975,981,169,1010,58,224,836,258,923,62,56,60,55,61,61,65,38,60,61,61,64,59,62,63,56,71,56,67,55,66,58,69,64,63,65,64,60,69,71,68,61"
317,nothing,dataset_original,csi_dog_dataset/nothing/txt/csi_nothing_184.txt,"[ 6039.230951] [AOA] Measurement: 0,1619027197.101742,48:8f:5a:df:02:3b,2,1,2,0,128,208,1019,855,889,938,980,336,513,64,160,940,53,851,997,110,384,859,998,512,903,627,12,607,952,976,145,938,24,290,865,870,497,78,67,73,66,71,71,75,44,66,71,72,73,60,71,66,65,72,70,73,64,76,62,75,69,73,64,72,63,79,75,73,66"
318,nothing,dataset_original,csi_dog_dataset/nothing/txt/csi_nothing_185.txt,"[ 6040.281581] [AOA] Measurement: 0,1619027198.152372,48:8f:5a:df:02:3b,2,1,2,0,128,241,20,827,889,984,23,387,605,972,100,974,60,866,1013,135,414,857,996,547,917,635,34,637,983,991,141,970,50,298,897,200,826,75,68,73,66,70,69,73,46,68,70,71,73,64,72,69,67,75,67,76,66,79,66,78,74,74,69,75,66,80,78,76,68"
319,nothing,dataset_original,csi_dog_dataset/nothing/txt/csi_nothing_186.txt,"[ 6041.331461] [AOA] Measurement: 0,1619027199.202253,48:8f:5a:df:02:3b,2,1,2,0,128,217,0,834,897,910,975,397,587,988,107,949,44,801,975,112,378,856,993,511,890,604,1020,588,938,970,141,994,111,206,792,182,787,75,62,67,57,62,63,67,36,56,69,65,67,46,59,57,57,56,66,62,55,69,56,65,59,63,48,63,51,69,63,67,57"
320,nothing,dataset_original,csi_dog_dataset/nothing/txt/csi_nothing_187.txt,"[ 6042.381922] [AOA] Measurement: 0,1619027200.252715,48:8f:5a:df:02:3b,2,1,2,0,128,272,82,761,832,926,1002,415,570,1019,129,892,20,773,953,142,387,922,13,456,830,669,35,589,918,1005,180,1011,87,219,806,6,645,71,57,62,51,54,58,62,29,50,63,59,61,39,52,50,51,46,62,53,48,61,52,56,50,57,37,52,43,60,54,57,48"
321,turtlebot,dataset_original,csi_dog_dataset/turtlebot/txt/csi_turtlebot_18.txt,"[ 3996.501581] [AOA] Measurement: 0,1619025154.372390,48:8f:5a:df:02:3b,2,1,2,0,128,243,167,797,876,11,1010,278,743,868,985,705,981,863,896,976,431,808,550,549,896,691,954,864,940,718,14,843,33,242,731,436,189,26,32,29,31,27,43,30,22,19,36,25,43,25,6,30,17,18,8,15,8,8,15,22,16,30,32,26,25,17,25,27,18"
322,turtlebot,dataset_original,csi_dog_dataset/turtlebot/txt/csi_turtlebot_180.txt,"[ 4167.519489] [AOA] Measurement: 0,1619025325.390296,48:8f:5a:df:02:3b,2,1,2,0,128,266,171,830,886,32,1002,321,783,912,1006,676,973,821,865,66,463,723,493,622,930,738,958,794,887,724,11,730,984,269,751,65,798,27,31,30,32,28,43,31,21,19,35,25,42,27,5,32,17,19,8,16,7,10,13,19,15,29,34,25,25,15,25,27,19"
323,turtlebot,dataset_original,csi_dog_dataset/turtlebot/txt/csi_turtlebot_181.txt,"[ 4168.578002] [AOA] Measurement: 0,1619025326.448813,48:8f:5a:df:02:3b,2,1,2,0,128,387,171,950,885,48,3,334,684,906,12,797,1019,253,765,108,307,947,57,589,891,607,35,675,970,880,102,892,68,231,834,95,714,42,46,44,41,45,48,28,33,37,35,46,53,55,45,55,44,39,42,40,47,42,41,54,33,44,33,41,24,48,58,60,45"
324,turtlebot,dataset_original,csi_dog_dataset/turtlebot/txt/csi_turtlebot_182.txt,"[ 4169.640460] [AOA] Measurement: 0,1619025327.511270,48:8f:5a:df:02:3b,2,1,2,0,128,382,169,956,948,409,790,971,567,894,36,237,847,825,956,112,338,981,72,623,936,14,848,674,971,894,156,857,78,198,769,976,700,47,52,48,45,51,53,32,36,38,39,49,59,59,48,61,47,41,45,41,51,47,43,58,37,49,34,45,27,49,61,63,46"
325,turtlebot,dataset_original,csi_dog_dataset/turtlebot/txt/csi_turtlebot_183.txt,"[ 4170.691329] [AOA] Measurement: 0,1619025328.562138,48:8f:5a:df:02:3b,2,1,2,0,128,311,135,410,747,991,985,497,762,885,38,823,43,834,987,1,285,966,89,654,897,658,101,697,972,846,111,782,25,177,757,405,105,45,48,45,43,47,48,31,34,37,35,47,56,56,44,57,42,38,43,39,47,44,41,54,33,46,31,43,26,46,57,59,42"
326,turtlebot,dataset_original,csi_dog_dataset/turtlebot/txt/csi_turtlebot_184.txt,"[ 4171.759471] [AOA] Measurement: 0,1619025329.630280,48:8f:5a:df:02:3b,2,1,2,0,128,371,183,996,977,993,1010,441,732,886,35,835,70,797,961,115,355,1007,100,591,939,708,111,593,945,947,151,854,91,246,795,698,369,45,53,47,41,47,47,29,29,31,34,48,58,52,40,51,35,34,50,37,44,41,37,54,30,38,29,39,28,35,49,48,32"
327,turtlebot,dataset_original,csi_dog_dataset/turtlebot/txt/csi_turtlebot_185.txt,"[ 4172.829530] [AOA] Measurement: 0,1619025330.700340,48:8f:5a:df:02:3b,2,1,2,0,128,320,174,1002,987,7,17,372,664,970,87,840,66,810,959,137,379,989,66,613,904,608,29,683,971,918,189,780,4,210,764,69,704,46,54,50,44,50,50,31,33,35,37,49,58,56,44,59,43,40,48,41,49,45,40,57,34,46,33,42,26,42,58,56,39"
328,turtlebot,dataset_original,csi_dog_dataset/turtlebot/txt/csi_turtlebot_186.txt,"[ 4173.890431] [AOA] Measurement: 0,1619025331.761238,48:8f:5a:df:02:3b,2,1,2,0,128,368,154,453,762,986,996,466,724,915,95,755,1007,847,1009,54,308,1014,116,687,973,611,75,675,983,917,181,794,21,237,805,879,520,44,51,47,42,47,49,30,30,33,35,49,56,54,42,54,37,35,46,38,46,44,39,55,32,41,31,41,25,38,52,51,36"
329,turtlebot,dataset_original,csi_dog_dataset/turtlebot/txt/csi_turtlebot_187.txt,"[ 4174.950547] [AOA] Measurement: 0,1619025332.821354,48:8f:5a:df:02:3b,2,1,2,0,128,323,129,974,964,962,976,455,755,877,37,774,13,851,1003,123,354,1010,93,572,875,651,76,672,956,855,125,835,51,244,787,131,820,47,53,48,45,48,50,32,32,37,37,48,58,56,46,59,43,39,47,41,50,46,42,56,34,45,34,44,28,43,58,57,40"
330,turtlebot,dataset_original,csi_dog_dataset/turtlebot/txt/csi_turtlebot_188.txt,"[ 4176.010060] [AOA] Measurement: 0,1619025333.880866,48:8f:5a:df:02:3b,2,1,2,0,128,349,156,469,801,400,791,571,777,883,41,760,1022,812,964,82,352,13,93,565,904,590,77,612,933,349,1011,887,79,274,816,262,938,40,52,46,38,43,44,28,27,29,33,45,56,48,35,48,32,31,49,35,42,39,34,52,29,33,29,36,28,31,46,43,28"
331,turtlebot,dataset_original,csi_dog_dataset/turtlebot/txt/csi_turtlebot_189.txt,"[ 4177.067827] [AOA] Measurement: 0,1619025334.938639,48:8f:5a:df:02:3b,2,1,2,0,128,356,148,998,981,24,993,428,728,898,85,834,67,796,962,568,166,41,121,596,923,637,103,615,898,951,185,816,56,244,799,631,248,48,54,50,45,50,49,31,31,33,36,49,60,54,42,57,39,37,50,40,47,45,38,55,35,43,33,41,28,38,53,54,36"
332,turtlebot,dataset_original,csi_dog_dataset/turtlebot/txt/csi_turtlebot_19.txt,"[ 3997.560615] [AOA] Measurement: 0,1619025155.431425,48:8f:5a:df:02:3b,2,1,2,0,128,249,148,845,896,28,7,367,768,911,1002,738,0,807,865,42,467,749,497,598,899,759,996,846,959,690,1011,784,1019,204,730,180,951,33,32,33,35,25,41,35,22,12,31,25,36,25,10,28,14,25,5,18,9,6,17,17,21,37,30,28,26,15,24,31,20"
333,turtlebot,dataset_original,csi_dog_dataset/turtlebot/txt/csi_turtlebot_190.txt,"[ 4178.121173] [AOA] Measurement: 0,1619025335.991980,48:8f:5a:df:02:3b,2,1,2,0,128,419,208,31,965,980,986,913,553,963,124,723,1019,867,9,133,333,5,82,608,962,584,44,680,925,908,158,802,24,226,805,1020,589,45,50,46,42,48,49,30,32,37,37,47,58,57,46,59,44,40,45,41,49,43,40,56,34,46,31,43,26,44,57,59,41"
334,turtlebot,dataset_original,csi_dog_dataset/turtlebot/txt/csi_turtlebot_191.txt,"[ 4179.179987] [AOA] Measurement: 0,1619025337.050794,48:8f:5a:df:02:3b,2,1,2,0,128,328,192,946,932,984,0,932,575,905,79,249,873,830,957,52,324,998,44,632,970,656,94,595,952,891,162,840,41,171,784,961,605,46,49,47,44,47,50,31,33,35,37,47,56,57,44,58,43,39,44,40,47,45,40,56,33,45,32,44,25,44,56,60,42"
335,turtlebot,dataset_original,csi_dog_dataset/turtlebot/txt/csi_turtlebot_192.txt,"[ 4180.231069] [AOA] Measurement: 0,1619025338.101874,48:8f:5a:df:02:3b,2,1,2,0,128,408,238,1015,959,960,991,488,759,889,80,841,45,773,967,61,313,1021,87,561,871,692,71,658,942,949,172,895,113,247,819,359,935,45,54,48,41,47,49,30,28,32,34,47,58,53,39,52,35,34,50,38,44,44,37,55,32,39,30,39,28,35,50,49,33"
336,turtlebot,dataset_original,csi_dog_dataset/turtlebot/txt/csi_turtlebot_193.txt,"[ 4181.281767] [AOA] Measurement: 0,1619025339.152574,48:8f:5a:df:02:3b,2,1,2,0,128,363,187,978,941,41,27,403,681,912,46,830,41,804,955,106,360,938,44,676,972,590,42,651,911,828,127,866,83,229,817,954,549,40,43,39,36,43,44,28,29,33,32,42,47,53,42,53,41,36,37,36,42,39,38,50,29,41,29,40,23,45,52,54,41"
337,turtlebot,dataset_original,csi_dog_dataset/turtlebot/txt/csi_turtlebot_194.txt,"[ 4182.331644] [AOA] Measurement: 0,1619025340.202451,48:8f:5a:df:02:3b,2,1,2,0,128,318,177,1021,982,5,1014,459,786,915,63,774,1022,757,917,108,347,11,93,595,944,645,73,642,988,869,166,824,63,242,809,620,293,45,49,47,44,50,50,31,33,37,35,49,55,57,46,58,45,39,43,40,49,46,41,56,34,45,32,44,25,47,57,57,42"
338,turtlebot,dataset_original,csi_dog_dataset/turtlebot/txt/csi_turtlebot_195.txt,"[ 4183.399963] [AOA] Measurement: 0,1619025341.270770,48:8f:5a:df:02:3b,2,1,2,0,128,368,191,1018,994,1009,1000,445,731,879,31,779,44,825,999,558,162,4,77,583,944,722,119,713,998,870,168,785,60,167,727,417,166,48,54,47,44,50,52,32,33,35,38,49,60,55,46,59,41,39,48,40,49,46,40,57,34,45,33,43,28,43,57,58,42"
339,turtlebot,dataset_original,csi_dog_dataset/turtlebot/txt/csi_turtlebot_196.txt,"[ 4184.454148] [AOA] Measurement: 0,1619025342.324956,48:8f:5a:df:02:3b,2,1,2,0,128,418,223,992,1006,1007,1009,536,758,946,73,779,48,866,1,107,324,934,42,656,967,578,34,705,981,855,137,847,33,679,584,353,70,42,53,46,40,46,47,29,29,31,34,48,58,51,40,51,35,37,49,37,43,42,36,55,31,40,30,40,29,34,52,49,31"
340,turtlebot,dataset_original,csi_dog_dataset/turtlebot/txt/csi_turtlebot_197.txt,"[ 4185.510315] [AOA] Measurement: 0,1619025343.381121,48:8f:5a:df:02:3b,2,1,2,0,128,335,170,941,959,1004,15,520,752,876,71,862,61,810,970,30,311,1016,84,613,910,569,20,641,949,914,174,863,51,210,812,571,147,46,51,48,44,50,49,30,34,38,38,48,58,57,45,57,43,40,46,39,48,45,41,56,33,45,34,43,27,43,57,58,41"
341,turtlebot,dataset_original,csi_dog_dataset/turtlebot/txt/csi_turtlebot_198.txt,"[ 4186.570075] [AOA] Measurement: 0,1619025344.440881,48:8f:5a:df:02:3b,2,1,2,0,128,340,142,991,957,945,994,898,535,892,57,822,56,262,778,129,336,943,49,628,928,605,1022,98,762,262,943,826,23,276,821,85,826,42,53,47,39,46,46,27,28,30,31,47,58,50,37,49,34,33,49,36,42,41,35,54,30,35,30,37,28,31,47,44,27"
342,turtlebot,dataset_original,csi_dog_dataset/turtlebot/txt/csi_turtlebot_199.txt,"[ 4187.621562] [AOA] Measurement: 0,1619025345.492368,48:8f:5a:df:02:3b,2,1,2,0,128,373,194,1016,963,988,978,439,696,933,85,796,61,794,963,122,342,1011,100,668,922,613,79,650,928,923,152,897,102,192,791,4,663,44,50,48,43,48,51,31,33,36,37,48,57,57,45,59,43,40,44,41,48,45,41,55,34,45,32,44,26,44,57,57,42"
343,turtlebot,dataset_original,csi_dog_dataset/turtlebot/txt/csi_turtlebot_1_1.txt,"[ 2747.394960] [AOA] Measurement: 0,1619023905.265781,48:8f:5a:df:02:3b,2,1,2,0,128,198,119,879,970,125,1014,270,818,406,992,309,870,996,551,56,121,753,747,403,671,360,871,407,878,695,35,788,4,875,406,465,245,58,33,57,51,29,45,33,35,16,22,13,21,4,11,9,3,72,51,54,40,29,46,19,48,40,31,33,36,39,41,52,41"
344,turtlebot,dataset_original,csi_dog_dataset/turtlebot/txt/csi_turtlebot_1_10.txt,"[ 2756.860250] [AOA] Measurement: 0,1619023914.731069,48:8f:5a:df:02:3b,2,1,2,0,128,413,170,1014,1013,28,994,466,711,881,78,838,68,854,0,40,291,26,134,699,984,627,75,668,977,868,153,788,64,241,835,354,15,44,47,44,48,47,44,32,34,27,35,40,50,56,45,55,41,35,41,27,43,41,31,51,30,34,30,34,21,36,49,48,33"
345,turtlebot,dataset_original,csi_dog_dataset/turtlebot/txt/csi_turtlebot_1_100.txt,"[ 2851.739963] [AOA] Measurement: 0,1619024009.610784,48:8f:5a:df:02:3b,2,1,2,0,128,337,158,974,967,459,828,443,745,899,54,807,42,826,940,140,380,968,45,669,958,626,21,716,997,877,110,885,84,138,730,966,640,50,54,53,48,53,53,34,34,38,39,54,64,60,48,62,44,42,49,41,53,49,40,60,35,48,34,47,28,44,60,59,41"
346,turtlebot,dataset_original,csi_dog_dataset/turtlebot/txt/csi_turtlebot_1_11.txt,"[ 2757.919072] [AOA] Measurement: 0,1619023915.789891,48:8f:5a:df:02:3b,2,1,2,0,128,425,205,994,977,965,989,437,748,931,92,830,30,855,1001,136,361,931,30,667,987,624,49,641,930,870,142,819,41,177,755,507,239,44,47,43,48,50,44,34,35,27,37,41,53,55,47,54,41,33,40,24,43,43,32,52,29,32,29,33,21,34,46,45,31"
347,turtlebot,dataset_original,csi_dog_dataset/turtlebot/txt/csi_turtlebot_1_12.txt,"[ 2758.961261] [AOA] Measurement: 0,1619023916.832082,48:8f:5a:df:02:3b,2,1,2,0,128,362,189,928,921,521,813,915,527,949,102,750,39,810,960,90,336,24,108,568,879,584,50,703,960,878,179,765,31,176,793,541,326,44,46,42,50,50,47,34,37,31,38,43,50,58,48,57,47,34,41,26,45,42,30,50,29,37,29,36,20,39,49,48,37"
348,turtlebot,dataset_original,csi_dog_dataset/turtlebot/txt/csi_turtlebot_1_13.txt,"[ 2760.010300] [AOA] Measurement: 0,1619023917.881120,48:8f:5a:df:02:3b,2,1,2,0,128,364,183,975,962,10,6,391,706,938,91,772,26,844,980,167,412,981,82,591,881,648,96,645,954,848,121,855,68,212,801,624,296,42,46,42,48,50,47,33,36,32,37,44,51,58,48,58,45,34,40,26,45,43,31,52,31,36,30,37,21,38,49,49,37"
349,turtlebot,dataset_original,csi_dog_dataset/turtlebot/txt/csi_turtlebot_1_14.txt,"[ 2761.050798] [AOA] Measurement: 0,1619023918.921619,48:8f:5a:df:02:3b,2,1,2,0,128,358,167,1021,957,965,976,451,741,936,135,829,41,795,970,146,368,1022,128,552,884,626,102,684,993,866,180,810,89,283,839,244,909,43,47,43,47,46,44,31,34,27,35,41,52,54,45,55,41,35,41,27,42,42,31,52,28,33,31,33,22,38,48,48,34"
350,turtlebot,dataset_original,csi_dog_dataset/turtlebot/txt/csi_turtlebot_1_15.txt,"[ 2762.110001] [AOA] Measurement: 0,1619023919.980819,48:8f:5a:df:02:3b,2,1,2,0,128,382,220,969,976,996,1017,439,749,907,81,811,36,784,955,97,358,9,59,607,947,687,143,652,985,850,164,773,15,264,866,951,604,45,49,44,49,50,44,35,36,29,36,42,54,58,48,57,44,33,41,24,44,42,31,51,30,34,31,33,21,36,49,48,33"
351,turtlebot,dataset_original,csi_dog_dataset/turtlebot/txt/csi_turtlebot_1_16.txt,"[ 2763.161050] [AOA] Measurement: 0,1619023921.031870,48:8f:5a:df:02:3b,2,1,2,0,128,215,114,901,975,144,998,347,853,609,34,755,1015,916,596,44,267,860,837,431,775,494,953,550,944,792,49,772,20,1022,610,114,721,46,49,42,48,52,45,33,37,31,38,42,54,59,49,59,45,34,40,26,44,42,32,52,32,36,31,35,21,37,50,49,36"
352,turtlebot,dataset_original,csi_dog_dataset/turtlebot/txt/csi_turtlebot_1_17.txt,"[ 2764.211027] [AOA] Measurement: 0,1619023922.081848,48:8f:5a:df:02:3b,2,1,2,0,128,828,982,452,778,3,1009,511,780,875,42,832,66,823,968,574,156,465,947,636,932,620,56,663,960,858,133,797,1023,242,799,971,623,43,46,43,47,50,45,35,36,30,38,41,52,58,49,59,45,35,41,27,45,44,31,52,30,36,31,36,21,39,50,49,38"
353,turtlebot,dataset_original,csi_dog_dataset/turtlebot/txt/csi_turtlebot_1_18.txt,"[ 2765.270388] [AOA] Measurement: 0,1619023923.141207,48:8f:5a:df:02:3b,2,1,2,0,128,395,202,932,942,487,841,357,682,886,96,843,56,756,900,147,384,13,104,621,918,642,79,664,965,838,110,839,68,264,833,457,151,44,48,44,49,51,46,34,36,31,38,42,53,60,49,58,45,35,39,26,44,43,31,52,30,37,30,37,20,38,50,48,36"
354,turtlebot,dataset_original,csi_dog_dataset/turtlebot/txt/csi_turtlebot_1_19.txt,"[ 2766.310988] [AOA] Measurement: 0,1619023924.181810,48:8f:5a:df:02:3b,2,1,2,0,128,377,211,968,949,467,814,929,549,894,37,279,890,341,838,131,361,28,115,641,928,629,60,666,990,863,145,871,81,176,781,263,980,44,47,42,48,48,44,33,34,27,36,42,52,55,47,54,42,33,40,24,43,43,32,52,30,32,29,30,22,35,45,45,30"
355,turtlebot,dataset_original,csi_dog_dataset/turtlebot/txt/csi_turtlebot_1_2.txt,"[ 2748.450061] [AOA] Measurement: 0,1619023906.320881,48:8f:5a:df:02:3b,2,1,2,0,128,308,202,834,893,52,1008,282,780,58,109,775,30,887,93,162,470,795,648,198,671,881,759,845,812,786,75,760,965,91,728,889,475,29,18,21,27,24,30,19,16,10,28,25,35,18,8,20,11,28,20,5,5,4,5,9,22,24,34,31,23,4,9,22,17"
356,turtlebot,dataset_original,csi_dog_dataset/turtlebot/txt/csi_turtlebot_1_20.txt,"[ 2767.361210] [AOA] Measurement: 0,1619023925.232029,48:8f:5a:df:02:3b,2,1,2,0,128,364,162,996,970,1000,1014,875,525,915,112,797,48,860,999,127,322,486,945,633,913,641,109,674,979,938,209,799,52,175,798,906,575,45,47,44,49,49,46,34,36,29,37,43,52,59,48,57,45,33,41,26,45,45,31,53,31,35,32,34,21,37,50,48,35"
357,turtlebot,dataset_original,csi_dog_dataset/turtlebot/txt/csi_turtlebot_1_21.txt,"[ 2768.420072] [AOA] Measurement: 0,1619023926.290891,48:8f:5a:df:02:3b,2,1,2,0,128,367,174,938,946,499,853,374,705,353,904,851,97,841,992,102,372,1013,120,680,947,569,55,720,998,864,175,832,69,157,746,606,296,45,48,42,50,52,45,34,36,30,37,42,53,59,49,59,43,33,42,26,45,44,32,52,32,34,31,34,20,38,50,48,32"
358,turtlebot,dataset_original,csi_dog_dataset/turtlebot/txt/csi_turtlebot_1_22.txt,"[ 2769.479705] [AOA] Measurement: 0,1619023927.350524,48:8f:5a:df:02:3b,2,1,2,0,128,347,170,959,956,61,43,449,762,848,53,864,75,809,974,105,340,960,111,657,971,666,107,629,947,891,172,852,99,184,769,441,97,46,49,43,50,51,44,34,37,30,36,42,53,57,48,56,44,33,40,25,44,44,32,53,30,33,31,32,21,37,47,48,34"
359,turtlebot,dataset_original,csi_dog_dataset/turtlebot/txt/csi_turtlebot_1_23.txt,"[ 2770.532458] [AOA] Measurement: 0,1619023928.403278,48:8f:5a:df:02:3b,2,1,2,0,128,410,189,963,950,44,39,387,690,902,77,792,54,841,994,135,342,1009,133,581,901,600,70,690,995,838,118,854,60,236,806,68,803,43,46,41,50,50,44,33,36,32,37,43,52,57,48,59,45,34,40,27,45,41,30,51,31,36,31,35,21,38,49,48,35"
360,turtlebot,dataset_original,csi_dog_dataset/turtlebot/txt/csi_turtlebot_1_24.txt,"[ 2771.581132] [AOA] Measurement: 0,1619023929.451953,48:8f:5a:df:02:3b,2,1,2,0,128,336,163,956,928,1011,2,459,736,873,71,804,76,860,1008,90,352,952,97,621,920,609,57,655,933,894,146,818,33,224,823,296,887,44,49,43,49,51,46,34,35,30,38,44,53,59,49,57,44,34,41,27,45,44,32,53,31,35,31,35,22,38,50,47,33"
361,nothing,dataset_original,csi_dog_dataset/nothing/txt/csi_nothing_188.txt,"[ 6043.440296] [AOA] Measurement: 0,1619027201.311090,48:8f:5a:df:02:3b,2,1,2,0,128,708,835,814,887,944,1002,879,401,967,78,896,31,864,998,62,362,901,30,484,850,631,47,636,976,966,145,962,15,274,856,436,53,72,65,69,65,68,70,74,44,65,70,69,73,63,69,68,65,75,68,76,66,75,63,77,72,72,69,73,65,78,78,75,68"
362,nothing,dataset_original,csi_dog_dataset/nothing/txt/csi_nothing_189.txt,"[ 6044.491728] [AOA] Measurement: 0,1619027202.362522,48:8f:5a:df:02:3b,2,1,2,0,128,235,34,851,893,995,1014,388,541,30,139,934,58,845,989,146,436,845,1013,466,833,630,1007,633,969,979,159,983,32,286,860,647,278,72,65,68,63,70,70,72,44,67,68,70,74,61,70,69,65,74,67,76,66,76,64,76,72,73,69,74,66,79,80,76,68"
363,nothing,dataset_original,csi_dog_dataset/nothing/txt/csi_nothing_19.txt,"[ 5349.420029] [AOA] Measurement: 0,1619026507.290826,48:8f:5a:df:02:3b,2,1,2,0,128,208,15,831,878,963,1012,828,336,499,964,935,22,844,990,526,143,932,42,449,858,559,1016,590,945,966,141,935,19,255,840,194,893,55,49,54,51,55,56,58,35,54,54,55,58,52,56,57,52,64,52,64,52,61,54,64,61,60,60,61,56,64,66,65,59"
364,nothing,dataset_original,csi_dog_dataset/nothing/txt/csi_nothing_190.txt,"[ 6070.143608] [AOA] Measurement: 0,1619027228.014405,48:8f:5a:df:02:3b,2,1,2,0,128,237,996,855,872,927,0,409,507,991,83,915,30,836,973,46,321,927,38,449,843,560,3,677,962,938,128,924,33,263,839,926,560,73,65,70,66,68,68,71,44,66,70,70,73,63,72,68,64,74,66,75,66,76,63,78,72,72,69,74,67,76,78,76,69"
365,nothing,dataset_original,csi_dog_dataset/nothing/txt/csi_nothing_191.txt,"[ 6071.190758] [AOA] Measurement: 0,1619027229.061550,48:8f:5a:df:02:3b,2,1,2,0,128,248,33,874,882,961,1001,439,591,976,108,880,20,871,5,0,353,931,18,436,865,634,22,681,1018,1017,169,942,52,210,844,964,683,69,63,68,63,68,69,73,45,67,68,70,71,65,70,70,66,75,65,76,66,76,64,77,73,73,70,74,66,78,80,76,67"
366,nothing,dataset_original,csi_dog_dataset/nothing/txt/csi_nothing_192.txt,"[ 6072.240600] [AOA] Measurement: 0,1619027230.111391,48:8f:5a:df:02:3b,2,1,2,0,128,170,998,839,871,932,978,345,516,27,142,894,20,803,984,39,334,997,51,358,788,626,1,633,978,972,173,954,71,259,825,244,923,69,61,66,62,67,66,71,45,64,68,66,70,63,70,67,63,74,64,75,65,73,62,77,72,73,68,74,66,78,77,75,68"
367,nothing,dataset_original,csi_dog_dataset/nothing/txt/csi_nothing_193.txt,"[ 6073.300520] [AOA] Measurement: 0,1619027231.171313,48:8f:5a:df:02:3b,2,1,2,0,128,242,3,847,846,950,1018,374,512,20,127,879,25,834,948,91,343,909,29,470,846,607,21,663,999,1005,149,958,54,205,789,267,1022,62,57,62,57,63,63,65,42,62,60,64,66,62,65,65,62,72,59,70,58,71,62,74,70,68,70,70,63,73,74,73,66"
368,nothing,dataset_original,csi_dog_dataset/nothing/txt/csi_nothing_194.txt,"[ 6074.341259] [AOA] Measurement: 0,1619027232.212048,48:8f:5a:df:02:3b,2,1,2,0,128,237,23,773,886,1001,22,412,579,33,156,885,9,827,1004,56,295,933,75,443,838,599,1011,644,962,1002,190,986,76,243,847,206,770,70,63,68,60,67,68,71,46,64,66,68,72,63,70,67,63,77,64,73,65,73,62,76,72,71,69,73,66,77,78,77,69"
369,nothing,dataset_original,csi_dog_dataset/nothing/txt/csi_nothing_195.txt,"[ 6075.391217] [AOA] Measurement: 0,1619027233.262008,48:8f:5a:df:02:3b,2,1,2,0,128,654,793,293,659,975,8,400,552,1012,107,942,40,839,984,64,366,909,1017,430,857,638,58,556,912,32,208,960,19,251,842,298,66,74,63,67,57,60,63,68,35,58,68,66,67,47,60,58,58,57,66,62,55,68,55,64,59,65,48,63,51,68,63,65,55"
370,nothing,dataset_original,csi_dog_dataset/nothing/txt/csi_nothing_196.txt,"[ 6076.459173] [AOA] Measurement: 0,1619027234.329964,48:8f:5a:df:02:3b,2,1,2,0,128,212,24,815,863,913,989,432,569,26,122,871,23,789,966,146,415,866,1017,431,827,609,1016,611,965,963,185,952,38,258,828,1014,732,65,60,64,61,66,66,69,44,64,63,66,68,62,67,65,61,72,61,74,63,73,62,75,71,70,69,70,65,76,78,74,68"
371,nothing,dataset_original,csi_dog_dataset/nothing/txt/csi_nothing_197.txt,"[ 6077.519360] [AOA] Measurement: 0,1619027235.390150,48:8f:5a:df:02:3b,2,1,2,0,128,663,835,891,912,923,1009,439,580,971,120,903,3,830,978,84,355,883,1015,467,857,659,63,532,892,19,203,11,60,200,807,932,576,71,64,70,63,68,69,71,45,67,68,69,71,64,70,68,66,76,65,76,64,75,63,77,73,72,69,71,65,77,78,74,68"
372,nothing,dataset_original,csi_dog_dataset/nothing/txt/csi_nothing_198.txt,"[ 6078.570503] [AOA] Measurement: 0,1619027236.441293,48:8f:5a:df:02:3b,2,1,2,0,128,216,18,840,879,904,999,811,370,1007,149,859,990,287,795,155,397,889,1012,501,879,554,978,607,980,1020,156,938,62,235,848,635,282,62,57,62,57,63,62,67,41,60,60,64,65,60,64,63,60,73,58,70,58,70,60,72,70,66,68,67,64,72,73,72,64"
373,nothing,dataset_original,csi_dog_dataset/nothing/txt/csi_nothing_199.txt,"[ 6079.630919] [AOA] Measurement: 0,1619027237.501711,48:8f:5a:df:02:3b,2,1,2,0,128,215,1008,831,825,911,0,349,487,985,84,937,1021,874,1017,132,354,882,18,429,820,567,1,622,924,941,138,942,58,236,843,675,308,73,65,70,65,70,67,73,45,67,70,70,73,65,70,68,66,74,66,75,66,74,65,76,74,73,67,75,67,80,79,77,68"
374,nothing,dataset_original,csi_dog_dataset/nothing/txt/csi_nothing_2.txt,"[ 5331.490741] [AOA] Measurement: 0,1619026489.361538,48:8f:5a:df:02:3b,2,1,2,0,128,211,37,259,664,969,1006,396,526,453,925,958,66,804,968,99,329,920,44,449,849,663,31,559,916,986,160,28,111,191,832,896,632,59,53,59,54,59,59,63,37,57,57,59,62,54,60,58,56,65,54,65,55,64,55,66,63,63,61,63,57,67,67,66,59"
375,nothing,dataset_original,csi_dog_dataset/nothing/txt/csi_nothing_20.txt,"[ 5350.471883] [AOA] Measurement: 0,1619026508.342680,48:8f:5a:df:02:3b,2,1,2,0,128,303,79,763,856,413,833,395,546,32,162,935,27,781,964,95,374,904,7,464,861,605,41,629,943,944,93,957,25,346,936,772,430,59,55,60,56,59,59,63,39,58,60,61,62,55,61,60,56,64,56,66,55,66,55,67,64,62,61,64,59,67,67,67,59"
376,nothing,dataset_original,csi_dog_dataset/nothing/txt/csi_nothing_200.txt,"[ 6080.680645] [AOA] Measurement: 0,1619027238.551436,48:8f:5a:df:02:3b,2,1,2,0,128,204,24,810,854,373,788,910,352,998,83,890,36,813,958,32,326,894,1022,430,833,616,8,626,978,1009,176,936,10,297,868,678,382,69,63,70,62,68,68,71,46,66,66,68,73,63,72,68,64,75,65,76,66,76,64,75,73,73,69,74,66,79,80,76,70"
377,nothing,dataset_original,csi_dog_dataset/nothing/txt/csi_nothing_201.txt,"[ 6081.739318] [AOA] Measurement: 0,1619027239.610109,48:8f:5a:df:02:3b,2,1,2,0,128,288,51,761,799,922,997,377,507,75,155,919,26,832,984,114,393,882,25,398,782,620,1014,620,936,974,159,996,60,237,854,989,657,71,57,64,53,58,60,65,32,54,65,63,64,42,55,53,53,53,63,57,52,64,53,60,54,62,43,58,47,64,59,60,52"
378,nothing,dataset_original,csi_dog_dataset/nothing/txt/csi_nothing_202.txt,"[ 6082.781468] [AOA] Measurement: 0,1619027240.652258,48:8f:5a:df:02:3b,2,1,2,0,128,226,10,861,897,924,976,278,515,991,73,879,10,788,962,128,357,931,34,495,867,675,22,594,917,24,191,977,53,204,806,423,79,69,57,62,52,55,58,65,30,51,63,62,62,40,55,51,50,50,61,55,51,63,53,59,51,57,40,56,43,60,56,58,51"
379,nothing,dataset_original,csi_dog_dataset/nothing/txt/csi_nothing_203.txt,"[ 6083.848994] [AOA] Measurement: 0,1619027241.719785,48:8f:5a:df:02:3b,2,1,2,0,128,198,1016,833,843,998,20,379,581,1015,94,935,67,784,965,134,389,851,1023,483,894,632,1021,585,957,1012,159,884,22,250,818,269,853,79,67,71,66,68,68,72,42,64,72,69,74,56,70,66,65,68,69,71,65,74,60,72,67,70,59,70,60,74,72,71,62"
380,nothing,dataset_original,csi_dog_dataset/nothing/txt/csi_nothing_204.txt,"[ 6084.891458] [AOA] Measurement: 0,1619027242.762251,48:8f:5a:df:02:3b,2,1,2,0,128,303,38,818,857,993,1010,426,593,1005,95,909,36,837,1006,63,343,885,10,468,871,692,81,590,902,1,190,959,42,309,903,436,31,75,64,69,61,65,65,71,39,61,70,69,69,51,64,61,60,62,65,65,60,71,59,68,64,67,53,67,55,71,67,67,59"
381,nothing,dataset_original,csi_dog_dataset/nothing/txt/csi_nothing_205.txt,"[ 6085.941456] [AOA] Measurement: 0,1619027243.812248,48:8f:5a:df:02:3b,2,1,2,0,128,201,3,835,868,994,6,371,534,1006,135,982,55,836,997,58,335,917,51,453,859,604,17,595,954,962,166,905,1018,266,847,6,621,66,58,64,59,64,64,67,42,62,63,63,68,60,67,64,61,73,60,70,61,70,60,73,71,69,67,70,63,73,77,73,66"
382,nothing,dataset_original,csi_dog_dataset/nothing/txt/csi_nothing_206.txt,"[ 6086.991827] [AOA] Measurement: 0,1619027244.862620,48:8f:5a:df:02:3b,2,1,2,0,128,325,71,824,898,966,10,410,617,12,130,892,7,915,26,149,412,920,65,463,833,612,24,651,979,975,172,1016,102,257,842,893,472,70,62,69,61,69,68,70,44,67,68,69,71,64,70,68,66,74,65,76,64,76,62,76,73,72,69,72,66,78,78,76,70"
383,nothing,dataset_original,csi_dog_dataset/nothing/txt/csi_nothing_207.txt,"[ 6088.041487] [AOA] Measurement: 0,1619027245.912280,48:8f:5a:df:02:3b,2,1,2,0,128,237,41,861,937,901,964,480,606,430,948,898,7,853,997,156,395,884,0,492,873,665,55,612,953,984,133,1003,71,210,824,487,147,67,59,67,60,65,66,70,44,63,64,65,69,64,67,67,62,74,60,71,61,71,61,73,71,68,67,71,63,75,75,72,67"
384,nothing,dataset_original,csi_dog_dataset/nothing/txt/csi_nothing_208.txt,"[ 6089.088241] [AOA] Measurement: 0,1619027246.959035,48:8f:5a:df:02:3b,2,1,2,0,128,242,25,859,886,975,7,341,561,1020,131,960,66,777,935,177,429,926,5,491,864,694,46,576,937,43,245,965,47,257,853,115,588,67,60,65,60,65,64,69,43,64,66,66,68,62,67,66,62,74,62,73,62,73,63,76,71,70,69,72,64,75,76,76,65"
385,nothing,dataset_original,csi_dog_dataset/nothing/txt/csi_nothing_209.txt,"[ 6090.131170] [AOA] Measurement: 0,1619027248.001961,48:8f:5a:df:02:3b,2,1,2,0,128,252,60,805,875,975,985,385,568,999,98,919,40,808,961,144,420,872,0,429,822,629,4,685,1015,943,154,924,33,238,840,882,502,77,67,72,67,73,71,74,47,67,71,71,74,62,72,68,67,74,67,76,67,78,64,76,74,73,70,74,68,80,79,76,69"
386,nothing,dataset_original,csi_dog_dataset/nothing/txt/csi_nothing_21.txt,"[ 5351.538888] [AOA] Measurement: 0,1619026509.409686,48:8f:5a:df:02:3b,2,1,2,0,128,244,15,828,873,1017,29,364,539,1017,116,909,12,843,1001,71,354,888,1023,465,844,680,45,571,940,956,112,1022,57,257,840,484,114,58,53,58,53,57,56,61,38,57,58,57,62,55,60,58,54,64,55,65,55,64,54,65,62,61,61,63,57,65,67,64,59"
387,nothing,dataset_original,csi_dog_dataset/nothing/txt/csi_nothing_210.txt,"[ 6091.190490] [AOA] Measurement: 0,1619027249.061280,48:8f:5a:df:02:3b,2,1,2,0,128,273,41,815,875,917,954,364,559,1021,101,907,1023,839,1008,15,309,869,1012,522,909,562,1003,597,958,1008,166,938,1023,275,875,174,745,70,64,67,61,68,66,71,46,66,66,66,70,63,69,66,63,75,64,75,65,75,64,77,72,71,69,71,67,76,77,77,66"
388,nothing,dataset_original,csi_dog_dataset/nothing/txt/csi_nothing_211.txt,"[ 6092.250559] [AOA] Measurement: 0,1619027250.121352,48:8f:5a:df:02:3b,2,1,2,0,128,229,14,836,908,945,1014,437,604,972,103,842,1006,861,988,117,397,881,19,888,627,664,31,591,953,936,149,904,1020,277,895,738,423,66,59,65,58,65,65,68,42,62,65,65,68,60,66,65,61,73,60,71,62,72,61,74,72,70,68,71,64,76,76,73,63"
389,nothing,dataset_original,csi_dog_dataset/nothing/txt/csi_nothing_212.txt,"[ 6093.311937] [AOA] Measurement: 0,1619027251.182727,48:8f:5a:df:02:3b,2,1,2,0,128,237,56,799,861,923,1012,377,520,17,155,878,15,858,10,160,415,844,1015,500,877,712,76,573,948,983,174,953,1023,255,849,610,251,61,54,60,54,62,60,62,40,58,59,59,65,59,63,61,54,69,57,68,56,68,58,70,69,63,66,64,61,72,72,70,64"
390,nothing,dataset_original,csi_dog_dataset/nothing/txt/csi_nothing_213.txt,"[ 6094.360988] [AOA] Measurement: 0,1619027252.231776,48:8f:5a:df:02:3b,2,1,2,0,128,197,1004,275,649,354,777,901,358,1007,84,918,30,831,1022,43,328,922,19,498,841,540,1000,599,921,10,178,952,49,222,824,449,142,67,61,64,59,65,65,69,42,62,62,66,67,62,66,66,60,73,62,71,62,71,61,72,70,69,69,71,64,75,75,75,67"
391,nothing,dataset_original,csi_dog_dataset/nothing/txt/csi_nothing_214.txt,"[ 6095.411050] [AOA] Measurement: 0,1619027253.281843,48:8f:5a:df:02:3b,2,1,2,0,128,190,1017,835,871,945,8,443,589,997,106,899,1017,714,918,157,411,862,1013,448,822,641,1006,584,938,1011,185,981,47,273,832,611,296,71,64,70,65,69,69,73,46,66,68,70,72,63,69,68,66,75,66,77,64,75,63,75,72,72,69,74,67,77,78,75,67"
392,nothing,dataset_original,csi_dog_dataset/nothing/txt/csi_nothing_215.txt,"[ 6096.461501] [AOA] Measurement: 0,1619027254.332292,48:8f:5a:df:02:3b,2,1,2,0,128,308,42,801,829,0,0,344,451,23,128,891,1015,818,987,110,333,921,1020,487,865,607,25,629,954,970,142,1001,77,247,851,750,332,59,54,61,56,61,60,64,42,58,60,61,67,59,63,64,59,72,59,70,60,68,59,72,68,67,68,66,62,74,73,70,63"
393,nothing,dataset_original,csi_dog_dataset/nothing/txt/csi_nothing_216.txt,"[ 6097.520759] [AOA] Measurement: 0,1619027255.391549,48:8f:5a:df:02:3b,2,1,2,0,128,245,33,746,805,371,818,412,502,0,122,889,19,241,755,100,339,864,1013,432,827,626,3,671,962,428,992,939,1,278,843,808,397,69,61,70,63,69,67,70,45,66,66,68,71,63,69,67,65,75,65,76,65,76,63,78,72,73,69,74,67,79,78,76,68"
394,nothing,dataset_original,csi_dog_dataset/nothing/txt/csi_nothing_217.txt,"[ 6098.589335] [AOA] Measurement: 0,1619027256.460124,48:8f:5a:df:02:3b,2,1,2,0,128,263,41,766,823,387,807,406,542,53,147,997,75,802,975,109,341,918,12,413,836,614,10,594,951,11,178,931,15,237,852,681,367,72,64,69,64,68,68,72,47,67,69,69,72,62,72,69,65,75,67,77,67,77,65,78,73,73,69,74,66,79,80,76,67"
395,nothing,dataset_original,csi_dog_dataset/nothing/txt/csi_nothing_218.txt,"[ 6099.643025] [AOA] Measurement: 0,1619027257.513815,48:8f:5a:df:02:3b,2,1,2,0,128,226,1023,848,930,908,981,403,555,0,125,870,1019,861,988,82,349,885,18,453,869,635,47,528,926,3,175,935,54,245,861,972,643,75,66,69,63,70,70,72,45,66,70,71,74,63,70,67,65,75,66,75,66,76,63,77,72,74,69,75,65,76,76,77,68"
396,nothing,dataset_original,csi_dog_dataset/nothing/txt/csi_nothing_219.txt,"[ 6100.691021] [AOA] Measurement: 0,1619027258.561811,48:8f:5a:df:02:3b,2,1,2,0,128,188,999,234,660,959,24,367,548,391,907,381,861,799,1004,70,377,894,28,481,856,574,965,16,744,43,194,965,58,200,839,971,603,72,65,67,63,68,65,71,43,64,68,68,72,62,69,68,64,75,65,73,67,75,64,76,73,74,68,75,65,77,77,74,66"
397,nothing,dataset_original,csi_dog_dataset/nothing/txt/csi_nothing_22.txt,"[ 5352.591147] [AOA] Measurement: 0,1619026510.461942,48:8f:5a:df:02:3b,2,1,2,0,128,223,5,794,872,933,1016,413,566,1001,102,940,63,823,985,101,377,821,999,424,794,638,2,694,979,1004,189,992,70,212,847,507,39,56,52,58,52,57,58,61,36,55,56,58,60,55,59,58,54,64,53,64,53,64,53,66,62,60,60,61,56,66,67,65,59"
398,nothing,dataset_original,csi_dog_dataset/nothing/txt/csi_nothing_220.txt,"[ 6101.749575] [AOA] Measurement: 0,1619027259.620365,48:8f:5a:df:02:3b,2,1,2,0,128,223,1018,815,884,933,1008,384,543,994,99,889,20,803,982,96,404,827,991,452,855,647,13,573,923,1016,148,954,23,185,827,971,707,65,57,65,57,64,64,68,42,62,64,64,65,61,66,65,62,72,61,72,60,72,61,74,71,68,69,68,64,74,77,75,66"
399,nothing,dataset_original,csi_dog_dataset/nothing/txt/csi_nothing_221.txt,"[ 6112.954253] [AOA] Measurement: 0,1619027270.825051,48:8f:5a:df:02:3b,2,1,2,0,128,219,1009,838,865,927,991,424,592,946,25,403,861,796,959,110,369,912,1,481,845,611,4,633,979,947,114,354,866,268,860,270,923,72,71,73,73,75,73,73,56,72,72,71,74,71,78,74,72,78,71,78,72,75,70,76,76,76,72,79,72,76,78,77,74"
400,nothing,dataset_original,csi_dog_dataset/nothing/txt/csi_nothing_222.txt,"[ 6114.019328] [AOA] Measurement: 0,1619027271.890117,48:8f:5a:df:02:3b,2,1,2,0,128,188,1012,790,820,974,981,417,503,411,959,969,33,771,971,114,338,940,1018,444,881,594,40,622,950,949,117,992,42,226,855,28,608,75,75,75,75,75,74,75,72,74,75,74,74,72,76,74,75,74,74,76,76,74,74,75,74,75,73,74,71,72,74,74,75"
