sample_index,expected_label,source_dataset,source_file,measurement_line
1,turtlebot,Pruebas,Pruebas/csi_dog_dataset/turtlebot/txt/csi_turtlebot_1001.txt,"[  530.788663] [AOA] Measurement: 0,1619021690.173177,48:8f:5a:df:02:3b,2,1,2,0,128,325,91,861,939,29,998,395,814,888,63,819,946,661,757,59,357,971,807,519,872,943,825,734,901,717,4,732,964,884,421,659,326,31,36,27,34,24,33,19,19,9,15,23,29,15,6,17,5,25,10,14,34,13,2,18,23,20,20,13,16,4,15,33,19"
2,turtlebot,Pruebas,Pruebas/csi_dog_dataset/turtlebot/txt/csi_turtlebot_1002.txt,"[  531.843817] [AOA] Measurement: 0,1619021691.228331,48:8f:5a:df:02:3b,2,1,2,0,128,893,977,926,864,248,787,942,219,55,242,953,169,651,840,68,394,67,338,748,188,964,256,27,190,250,341,195,399,635,224,56,736,32,37,25,34,25,32,20,18,8,14,24,29,16,6,15,4,25,11,15,33,13,3,18,23,19,20,13,17,5,14,31,16"
3,turtlebot,Pruebas,Pruebas/csi_dog_dataset/turtlebot/txt/csi_turtlebot_1003.txt,"[  532.900180] [AOA] Measurement: 0,1619021692.284694,48:8f:5a:df:02:3b,2,1,2,0,128,414,126,956,880,795,966,940,206,51,228,950,151,618,818,61,356,143,379,762,190,1021,324,1008,133,260,377,190,358,670,249,835,608,35,24,27,27,20,31,30,25,21,23,24,24,19,23,24,18,36,31,26,31,20,24,28,32,22,21,29,25,28,25,23,23"
4,turtlebot,Pruebas,Pruebas/csi_dog_dataset/turtlebot/txt/csi_turtlebot_1004.txt,"[  533.948107] [AOA] Measurement: 0,1619021693.332625,48:8f:5a:df:02:3b,2,1,2,0,128,397,123,998,924,840,1017,507,411,1004,205,932,105,650,871,110,387,169,453,715,158,17,383,45,175,255,342,148,304,745,297,547,225,37,25,27,27,21,31,30,23,19,22,26,25,19,22,25,17,38,33,28,33,21,25,28,31,22,23,27,27,28,25,24,24"
5,turtlebot,Pruebas,Pruebas/csi_dog_dataset/turtlebot/txt/csi_turtlebot_1005.txt,"[  535.009456] [AOA] Measurement: 0,1619021694.393972,48:8f:5a:df:02:3b,2,1,2,0,128,394,116,844,807,330,845,449,400,18,214,923,150,639,836,516,144,175,423,689,106,44,360,45,163,304,357,166,357,639,242,992,633,36,25,25,27,20,31,29,22,19,21,25,24,18,21,24,17,35,30,26,30,21,24,27,32,22,22,29,25,26,23,22,23"
6,turtlebot,Pruebas,Pruebas/csi_dog_dataset/turtlebot/txt/csi_turtlebot_1006.txt,"[  536.051615] [AOA] Measurement: 0,1619021695.436128,48:8f:5a:df:02:3b,2,1,2,0,128,866,935,362,660,389,890,421,334,464,1011,1003,157,662,877,481,153,160,368,699,146,17,320,30,177,212,324,188,374,702,267,512,167,35,26,26,27,19,32,29,23,20,22,25,24,19,21,25,18,38,33,26,31,21,24,29,31,21,23,28,26,28,25,23,25"
7,turtlebot,Pruebas,Pruebas/csi_dog_dataset/turtlebot/txt/csi_turtlebot_1007.txt,"[  537.119236] [AOA] Measurement: 0,1619021696.503752,48:8f:5a:df:02:3b,2,1,2,0,128,323,78,926,849,818,1008,477,384,22,199,961,168,632,825,54,370,181,441,707,145,987,305,68,219,293,385,178,371,723,308,725,317,35,23,25,25,18,30,27,23,18,20,22,23,18,22,23,16,32,31,24,28,21,22,25,29,20,20,28,23,27,24,20,22"
8,turtlebot,Pruebas,Pruebas/csi_dog_dataset/turtlebot/txt/csi_turtlebot_1008.txt,"[  538.171960] [AOA] Measurement: 0,1619021697.556474,48:8f:5a:df:02:3b,2,1,2,0,128,822,929,411,716,817,976,519,453,992,153,1016,173,628,863,486,142,172,407,681,104,997,332,1014,155,191,297,158,367,739,284,811,549,30,34,25,32,24,31,19,17,8,12,23,30,16,7,16,4,24,9,14,32,12,2,17,22,20,20,14,16,3,13,28,17"
9,turtlebot,Pruebas,Pruebas/csi_dog_dataset/turtlebot/txt/csi_turtlebot_1009.txt,"[  539.221797] [AOA] Measurement: 0,1619021698.606311,48:8f:5a:df:02:3b,2,1,2,0,128,277,114,878,967,483,802,352,773,899,46,290,725,807,844,88,413,949,772,463,799,957,784,798,947,681,991,676,917,857,364,174,871,37,24,28,27,21,32,28,22,20,23,24,25,19,23,25,17,36,33,28,31,21,25,27,33,22,23,27,26,28,25,23,25"
10,turtlebot,Pruebas,Pruebas/csi_dog_dataset/turtlebot/txt/csi_turtlebot_1010.txt,"[  540.271428] [AOA] Measurement: 0,1619021699.655942,48:8f:5a:df:02:3b,2,1,2,0,128,410,129,976,918,785,966,963,185,45,236,968,154,704,898,5,313,161,411,707,108,1008,321,35,172,259,353,226,409,681,282,800,359,30,34,25,33,24,30,18,19,6,13,25,30,18,6,16,4,25,9,14,33,14,2,20,20,22,20,14,17,4,13,29,16"
11,turtlebot,Pruebas,Pruebas/csi_dog_dataset/turtlebot/txt/csi_turtlebot_1011.txt,"[  541.321706] [AOA] Measurement: 0,1619021700.706221,48:8f:5a:df:02:3b,2,1,2,0,128,432,163,928,868,302,818,454,386,14,181,929,133,609,804,581,204,199,445,698,110,13,347,38,191,641,97,694,134,683,276,533,198,34,24,24,26,19,30,26,23,19,20,21,22,19,22,22,17,35,31,24,28,20,22,26,29,21,20,25,24,27,22,20,22"
12,turtlebot,Pruebas,Pruebas/csi_dog_dataset/turtlebot/txt/csi_turtlebot_1012.txt,"[  542.381328] [AOA] Measurement: 0,1619021701.765843,48:8f:5a:df:02:3b,2,1,2,0,128,374,90,941,867,813,998,920,189,13,191,978,120,599,799,72,373,147,398,753,123,982,290,32,180,257,335,678,191,719,281,824,535,32,23,25,24,18,29,28,21,19,20,23,21,18,21,25,15,32,28,21,25,21,23,24,28,20,19,26,24,27,23,20,20"
13,turtlebot,Pruebas,Pruebas/csi_dog_dataset/turtlebot/txt/csi_turtlebot_1013.txt,"[  543.431532] [AOA] Measurement: 0,1619021702.816046,48:8f:5a:df:02:3b,2,1,2,0,128,411,139,942,893,835,0,460,349,1010,183,975,142,668,855,490,150,661,252,737,168,987,278,43,175,264,363,195,384,653,266,5,739,36,25,25,28,20,31,29,23,19,23,25,26,20,22,25,17,36,32,30,34,21,27,29,33,22,24,29,26,28,25,24,25"
14,turtlebot,Pruebas,Pruebas/csi_dog_dataset/turtlebot/txt/csi_turtlebot_1014.txt,"[  544.490804] [AOA] Measurement: 0,1619021703.875317,48:8f:5a:df:02:3b,2,1,2,0,128,325,44,399,677,314,838,492,378,985,177,985,179,657,858,60,353,600,180,191,995,969,309,34,156,280,372,176,339,742,301,653,326,36,24,25,26,18,31,30,22,20,20,24,23,17,23,24,14,34,29,27,29,20,24,27,30,19,22,26,25,27,23,20,23"
15,turtlebot,Pruebas,Pruebas/csi_dog_dataset/turtlebot/txt/csi_turtlebot_1015.txt,"[  545.540907] [AOA] Measurement: 0,1619021704.925421,48:8f:5a:df:02:3b,2,1,2,0,128,391,101,948,883,821,1004,426,371,5,202,947,140,623,803,67,387,187,396,691,153,984,310,93,226,250,343,152,339,690,243,491,217,36,25,27,27,19,31,29,23,19,21,25,25,19,21,24,18,36,32,27,30,20,24,26,31,21,22,27,24,27,23,21,23"
16,turtlebot,Pruebas,Pruebas/csi_dog_dataset/turtlebot/txt/csi_turtlebot_1016.txt,"[  546.591490] [AOA] Measurement: 0,1619021705.976002,48:8f:5a:df:02:3b,2,1,2,0,128,807,924,913,884,826,993,434,369,483,1008,383,951,723,864,117,421,87,332,694,119,9,332,10,127,739,131,246,406,689,268,931,583,35,25,27,27,18,30,30,23,20,22,24,24,18,22,25,18,38,32,28,32,20,25,28,32,21,22,30,26,27,25,23,24"
17,turtlebot,Pruebas,Pruebas/csi_dog_dataset/turtlebot/txt/csi_turtlebot_1017.txt,"[  547.648016] [AOA] Measurement: 0,1619021707.032534,48:8f:5a:df:02:3b,2,1,2,0,128,845,931,397,702,240,775,989,226,9,171,933,125,662,843,108,419,553,154,670,94,1016,303,101,187,236,306,250,400,613,226,758,498,35,24,27,27,20,32,31,23,19,23,23,25,19,23,25,17,37,33,28,32,21,25,28,33,22,24,28,27,28,25,23,24"
18,turtlebot,Pruebas,Pruebas/csi_dog_dataset/turtlebot/txt/csi_turtlebot_1018.txt,"[  548.691508] [AOA] Measurement: 0,1619021708.076021,48:8f:5a:df:02:3b,2,1,2,0,128,395,124,907,922,871,1014,482,399,1021,243,981,168,587,779,156,457,93,330,698,101,15,356,64,188,196,311,216,346,707,308,591,224,35,24,26,23,18,32,28,22,20,19,23,21,19,22,23,17,32,29,24,27,20,23,24,29,20,18,26,20,26,21,18,20"
19,turtlebot,Pruebas,Pruebas/csi_dog_dataset/turtlebot/txt/csi_turtlebot_1019.txt,"[  549.750387] [AOA] Measurement: 0,1619021709.134901,48:8f:5a:df:02:3b,2,1,2,0,128,413,153,897,862,278,804,524,436,957,164,965,162,635,836,43,338,604,153,725,99,988,344,18,109,251,361,173,345,702,273,512,266,34,23,24,26,21,30,27,23,20,21,22,21,19,21,24,17,35,31,24,28,20,23,26,31,21,21,26,25,27,23,21,22"
20,turtlebot,Pruebas,Pruebas/csi_dog_dataset/turtlebot/txt/csi_turtlebot_1020.txt,"[  550.797823] [AOA] Measurement: 0,1619021710.182342,48:8f:5a:df:02:3b,2,1,2,0,128,421,124,880,839,803,999,548,461,1016,186,899,134,642,844,1019,305,214,429,768,139,932,278,510,0,321,394,285,412,708,294,600,218,41,29,29,29,21,36,33,28,23,24,27,26,22,26,29,19,40,37,28,33,24,26,29,35,25,24,32,28,31,28,24,26"
21,turtlebot,Pruebas,Pruebas/csi_dog_dataset/turtlebot/txt/csi_turtlebot_1021.txt,"[  551.841777] [AOA] Measurement: 0,1619021711.226291,48:8f:5a:df:02:3b,2,1,2,0,128,409,138,883,805,866,1009,464,405,41,150,387,945,679,843,80,386,121,374,724,114,995,355,73,195,250,340,143,353,779,352,814,450,42,28,31,30,23,39,34,28,24,25,28,28,23,25,29,20,41,37,29,35,25,29,33,36,25,26,32,29,32,30,25,27"
22,turtlebot,Pruebas,Pruebas/csi_dog_dataset/turtlebot/txt/csi_turtlebot_1022.txt,"[  552.901049] [AOA] Measurement: 0,1619021712.285563,48:8f:5a:df:02:3b,2,1,2,0,128,377,131,962,905,870,20,522,443,978,197,1004,136,696,854,35,355,123,375,766,169,27,357,22,146,340,387,198,364,615,221,82,826,34,23,27,25,20,29,27,22,20,21,24,22,18,21,23,16,33,31,24,29,19,23,27,31,22,22,28,25,26,24,21,23"
23,turtlebot,Pruebas,Pruebas/csi_dog_dataset/turtlebot/txt/csi_turtlebot_1023.txt,"[  553.960537] [AOA] Measurement: 0,1619021713.345051,48:8f:5a:df:02:3b,2,1,2,0,128,361,73,371,677,287,805,950,199,518,33,435,998,95,638,536,163,86,346,123,894,12,326,15,184,252,376,221,406,690,261,798,490,41,28,30,31,22,37,34,28,21,24,28,28,22,27,29,19,40,35,29,33,24,30,31,38,25,26,33,31,34,30,27,28"
24,turtlebot,Pruebas,Pruebas/csi_dog_dataset/turtlebot/txt/csi_turtlebot_1024.txt,"[  555.001805] [AOA] Measurement: 0,1619021714.386320,48:8f:5a:df:02:3b,2,1,2,0,128,394,143,927,907,814,982,525,419,6,209,25,202,669,864,25,378,204,471,682,133,1015,301,50,168,329,426,123,336,680,244,667,275,33,22,25,25,20,31,28,23,19,19,21,21,18,21,24,17,33,29,23,27,19,21,25,29,21,18,25,22,26,22,17,20"
25,turtlebot,Pruebas,Pruebas/csi_dog_dataset/turtlebot/txt/csi_turtlebot_1025.txt,"[  556.051298] [AOA] Measurement: 0,1619021715.435812,48:8f:5a:df:02:3b,2,1,2,0,128,337,97,359,687,860,1011,503,401,927,133,976,204,661,853,44,337,175,412,678,92,1021,325,1022,156,270,339,232,400,640,237,334,5,30,35,25,32,23,31,19,18,8,13,24,30,17,6,16,3,23,7,14,32,13,2,20,20,22,18,13,15,5,13,29,16"
26,turtlebot,Pruebas,Pruebas/csi_dog_dataset/turtlebot/txt/csi_turtlebot_1026.txt,"[  557.101863] [AOA] Measurement: 0,1619021716.486376,48:8f:5a:df:02:3b,2,1,2,0,128,404,150,910,856,835,997,491,402,20,209,994,157,677,861,54,377,200,458,717,147,1017,320,51,159,276,361,194,343,729,305,391,67,33,24,23,24,18,29,27,22,18,21,21,22,18,20,24,15,33,28,21,26,20,22,25,29,20,18,26,21,27,22,19,19"
27,turtlebot,Pruebas,Pruebas/csi_dog_dataset/turtlebot/txt/csi_turtlebot_1027.txt,"[  558.151682] [AOA] Measurement: 0,1619021717.536196,48:8f:5a:df:02:3b,2,1,2,0,128,388,123,880,835,343,866,917,181,527,1013,460,5,661,842,59,391,150,394,658,80,992,339,57,188,212,306,170,345,156,119,753,428,40,28,28,28,21,37,32,26,23,23,26,25,21,25,27,18,37,33,25,32,23,27,30,36,25,23,31,26,33,28,24,25"
28,turtlebot,Pruebas,Pruebas/csi_dog_dataset/turtlebot/txt/csi_turtlebot_1028.txt,"[  559.201829] [AOA] Measurement: 0,1619021718.586342,48:8f:5a:df:02:3b,2,1,2,0,128,423,184,879,852,867,21,492,410,996,178,952,142,642,830,80,387,164,384,690,128,995,306,101,221,211,332,156,331,717,265,671,269,42,29,29,30,23,38,33,27,23,25,28,27,23,26,29,19,42,36,31,35,25,29,31,36,25,26,32,29,31,29,26,27"
29,turtlebot,Pruebas,Pruebas/csi_dog_dataset/turtlebot/txt/csi_turtlebot_1029.txt,"[  560.260754] [AOA] Measurement: 0,1619021719.645268,48:8f:5a:df:02:3b,2,1,2,0,128,324,54,924,844,868,1019,439,381,976,145,393,1002,60,615,24,351,222,461,645,105,46,362,45,158,181,337,217,377,702,279,90,836,41,28,31,32,23,37,34,26,24,24,27,28,22,27,27,21,40,34,29,34,25,30,30,36,27,25,32,28,32,28,25,26"
30,turtlebot,Pruebas,Pruebas/csi_dog_dataset/turtlebot/txt/csi_turtlebot_1030.txt,"[  561.320324] [AOA] Measurement: 0,1619021720.704839,48:8f:5a:df:02:3b,2,1,2,0,128,308,69,987,914,804,1003,457,375,66,248,924,141,65,644,95,414,187,432,695,106,13,345,9,132,253,322,245,393,677,291,180,867,34,23,26,26,19,31,27,22,19,21,21,23,19,21,23,15,34,30,28,29,20,24,26,30,20,21,26,25,27,24,21,22"
31,turtlebot,Pruebas,Pruebas/csi_dog_dataset/turtlebot/txt/csi_turtlebot_1031.txt,"[  562.371584] [AOA] Measurement: 0,1619021721.756098,48:8f:5a:df:02:3b,2,1,2,0,128,296,66,891,879,293,822,517,424,1014,186,964,168,658,843,78,396,159,426,698,106,1012,326,14,146,310,380,175,357,696,279,655,308,34,25,26,26,20,31,28,23,20,20,23,22,18,22,24,17,34,30,25,29,21,24,25,30,21,22,28,24,27,22,21,22"
32,turtlebot,Pruebas,Pruebas/csi_dog_dataset/turtlebot/txt/csi_turtlebot_1032.txt,"[  563.430745] [AOA] Measurement: 0,1619021722.815259,48:8f:5a:df:02:3b,2,1,2,0,128,372,113,882,879,806,978,472,406,995,190,942,131,722,894,96,384,172,435,667,100,12,320,48,185,298,374,206,365,711,312,158,867,41,28,29,29,24,37,34,27,22,24,27,25,23,27,29,19,39,35,29,33,23,29,31,35,26,25,33,29,32,28,25,26"
33,turtlebot,Pruebas,Pruebas/csi_dog_dataset/turtlebot/txt/csi_turtlebot_1033.txt,"[  564.481808] [AOA] Measurement: 0,1619021723.866323,48:8f:5a:df:02:3b,2,1,2,0,128,399,125,951,889,840,1006,455,407,1015,193,964,130,684,852,131,425,171,410,697,105,1011,308,175,251,230,356,214,395,724,249,145,874,34,23,26,25,19,30,28,21,19,19,23,22,18,20,25,15,35,30,24,28,20,24,24,29,19,20,27,24,25,22,21,22"
34,turtlebot,Pruebas,Pruebas/csi_dog_dataset/turtlebot/txt/csi_turtlebot_1034.txt,"[  565.531738] [AOA] Measurement: 0,1619021724.916251,48:8f:5a:df:02:3b,2,1,2,0,128,354,109,909,877,799,979,465,405,1020,228,924,117,661,864,91,417,172,404,630,79,1016,323,115,245,198,343,253,388,662,286,72,665,40,28,30,29,22,37,33,26,22,23,26,27,22,25,29,19,40,35,27,33,24,27,32,34,24,24,32,27,32,27,24,27"
35,turtlebot,Pruebas,Pruebas/csi_dog_dataset/turtlebot/txt/csi_turtlebot_1035.txt,"[  566.588026] [AOA] Measurement: 0,1619021725.972543,48:8f:5a:df:02:3b,2,1,2,0,128,371,110,940,899,799,978,943,253,1022,202,942,175,647,851,19,379,123,401,748,144,986,298,50,172,295,342,222,392,699,293,493,58,37,24,26,26,20,31,29,22,20,21,24,24,19,22,25,16,36,30,28,30,20,26,28,30,20,23,28,25,27,25,23,25"
36,turtlebot,Pruebas,Pruebas/csi_dog_dataset/turtlebot/txt/csi_turtlebot_1036.txt,"[  567.631701] [AOA] Measurement: 0,1619021727.016214,48:8f:5a:df:02:3b,2,1,2,0,128,359,108,296,632,358,831,4,224,982,168,995,174,649,865,65,356,94,338,632,93,967,265,84,197,245,319,176,397,725,301,341,34,41,30,30,30,23,37,34,27,25,26,29,28,22,26,28,21,42,37,31,37,24,30,32,37,26,26,33,31,34,30,26,26"
37,turtlebot,Pruebas,Pruebas/csi_dog_dataset/turtlebot/txt/csi_turtlebot_1037.txt,"[  568.690908] [AOA] Measurement: 0,1619021728.075423,48:8f:5a:df:02:3b,2,1,2,0,128,389,142,952,930,735,941,469,407,1018,236,950,115,93,647,69,374,187,410,691,123,1023,302,49,171,166,303,151,332,668,231,52,741,32,22,24,25,17,29,26,22,19,17,21,21,17,19,22,16,31,28,20,25,19,21,24,28,19,20,24,22,25,21,19,21"
38,turtlebot,Pruebas,Pruebas/csi_dog_dataset/turtlebot/txt/csi_turtlebot_1038.txt,"[  569.760146] [AOA] Measurement: 0,1619021729.144660,48:8f:5a:df:02:3b,2,1,2,0,128,799,888,0,943,783,962,952,176,32,214,891,67,681,863,124,406,137,363,688,133,947,223,62,195,241,356,689,174,649,249,968,634,35,24,25,26,18,29,29,22,20,21,23,22,17,21,24,17,34,29,26,29,18,24,27,29,21,22,27,24,26,24,21,23"
39,turtlebot,Pruebas,Pruebas/csi_dog_dataset/turtlebot/txt/csi_turtlebot_1039.txt,"[  570.801276] [AOA] Measurement: 0,1619021730.185791,48:8f:5a:df:02:3b,2,1,2,0,128,371,86,883,822,879,5,495,422,977,166,921,157,671,871,119,435,174,414,736,146,1016,328,107,209,230,351,221,389,676,278,627,338,37,41,27,37,29,36,22,20,9,16,26,35,20,10,20,5,27,8,17,37,15,2,22,24,24,22,16,18,3,12,30,17"
40,turtlebot,Pruebas,Pruebas/csi_dog_dataset/turtlebot/txt/csi_turtlebot_1040.txt,"[  571.857944] [AOA] Measurement: 0,1619021731.242462,48:8f:5a:df:02:3b,2,1,2,0,128,885,982,928,877,862,1011,444,389,440,1009,4,178,625,840,66,379,154,435,753,90,970,312,50,186,286,356,161,355,722,289,397,134,40,27,28,29,21,35,33,28,23,24,27,26,22,25,28,19,39,34,27,32,23,28,31,35,23,24,31,28,29,25,21,24"
41,nothing,Pruebas,Pruebas/csi_dog_dataset/nothing/txt/csi_nothing_1002.txt,"[  119.638325] [AOA] Measurement: 0,1619021279.022850,48:8f:5a:df:02:3b,2,1,2,0,128,197,1,830,877,980,13,410,513,955,90,921,17,786,993,122,399,944,20,431,845,70,841,648,977,966,135,957,40,229,803,210,904,61,63,63,62,62,62,63,58,64,63,63,63,62,63,61,62,62,62,63,64,64,64,62,63,64,63,63,60,61,64,62,62"
42,nothing,Pruebas,Pruebas/csi_dog_dataset/nothing/txt/csi_nothing_1003.txt,"[  120.699595] [AOA] Measurement: 0,1619021280.084113,48:8f:5a:df:02:3b,2,1,2,0,128,184,14,852,907,884,954,401,529,8,112,881,988,290,781,111,396,855,1000,486,884,583,1013,645,979,1008,171,921,1005,290,847,783,493,78,80,81,76,80,81,80,75,81,80,80,81,79,79,79,80,80,79,83,79,81,79,81,79,80,82,78,79,80,83,83,81"
43,nothing,Pruebas,Pruebas/csi_dog_dataset/nothing/txt/csi_nothing_1004.txt,"[  121.759854] [AOA] Measurement: 0,1619021281.144376,48:8f:5a:df:02:3b,2,1,2,0,128,281,54,832,864,971,972,425,571,981,103,927,14,771,979,100,351,982,23,442,838,657,31,576,963,974,172,1022,78,291,878,625,210,58,59,60,55,60,59,59,56,61,59,61,60,62,61,61,58,63,58,61,59,62,63,61,61,61,64,60,60,61,64,63,62"
44,nothing,Pruebas,Pruebas/csi_dog_dataset/nothing/txt/csi_nothing_1005.txt,"[  122.801083] [AOA] Measurement: 0,1619021282.185601,48:8f:5a:df:02:3b,2,1,2,0,128,174,1007,781,870,994,1010,849,302,32,152,949,53,769,941,100,344,863,987,453,846,612,1017,597,941,32,163,997,42,264,884,973,694,57,56,58,53,59,60,58,55,59,58,59,60,60,60,60,57,62,57,62,59,61,62,61,61,62,63,60,60,61,64,63,61"
45,nothing,Pruebas,Pruebas/csi_dog_dataset/nothing/txt/csi_nothing_1006.txt,"[  123.850929] [AOA] Measurement: 0,1619021283.235448,48:8f:5a:df:02:3b,2,1,2,0,128,285,33,823,844,982,1017,433,558,1006,138,887,11,792,978,117,385,944,18,435,870,623,20,630,986,39,251,908,1,319,835,262,901,61,61,62,57,62,60,61,57,60,62,60,61,60,63,60,61,61,60,60,61,63,60,62,61,62,61,62,60,61,63,61,62"
46,nothing,Pruebas,Pruebas/csi_dog_dataset/nothing/txt/csi_nothing_1007.txt,"[  124.910193] [AOA] Measurement: 0,1619021284.294711,48:8f:5a:df:02:3b,2,1,2,0,128,661,802,866,895,986,1,385,522,933,65,924,23,830,954,30,318,864,980,933,663,658,29,629,908,19,170,956,4,237,817,491,149,62,60,62,59,62,60,61,57,61,61,62,62,61,63,61,61,63,61,63,61,63,61,62,62,62,61,60,59,63,64,61,61"
47,nothing,Pruebas,Pruebas/csi_dog_dataset/nothing/txt/csi_nothing_1008.txt,"[  125.970292] [AOA] Measurement: 0,1619021285.354809,48:8f:5a:df:02:3b,2,1,2,0,128,207,19,886,940,908,954,435,556,24,111,876,1008,813,991,169,416,828,976,455,836,661,9,627,971,17,212,917,4,247,842,356,1003,61,60,62,59,61,61,62,58,62,63,62,62,61,63,62,61,62,61,62,61,62,61,62,62,63,61,62,59,62,63,63,61"
48,nothing,Pruebas,Pruebas/csi_dog_dataset/nothing/txt/csi_nothing_1009.txt,"[  127.030453] [AOA] Measurement: 0,1619021286.414971,48:8f:5a:df:02:3b,2,1,2,0,128,170,989,906,899,944,1002,356,504,37,124,882,17,848,967,117,408,950,41,367,779,629,35,649,974,1007,180,993,62,281,845,777,349,61,62,62,62,62,61,63,58,61,62,61,63,60,63,61,61,60,61,63,61,63,60,62,60,63,60,61,60,62,62,62,61"
49,nothing,Pruebas,Pruebas/csi_dog_dataset/nothing/txt/csi_nothing_1010.txt,"[  128.099076] [AOA] Measurement: 0,1619021287.483595,48:8f:5a:df:02:3b,2,1,2,0,128,232,38,850,899,888,977,425,553,20,117,892,3,869,996,46,321,910,1018,393,809,647,14,612,935,993,170,953,30,215,818,1003,694,61,59,62,59,61,61,62,58,62,62,61,62,61,63,62,60,62,59,63,60,61,61,63,62,63,61,60,60,63,63,63,60"
50,nothing,Pruebas,Pruebas/csi_dog_dataset/nothing/txt/csi_nothing_1011.txt,"[  129.160353] [AOA] Measurement: 0,1619021288.544871,48:8f:5a:df:02:3b,2,1,2,0,128,241,39,767,818,990,4,382,499,51,165,906,20,813,954,97,355,837,987,481,843,693,39,599,931,967,176,934,1009,194,794,519,34,62,61,62,59,62,61,61,59,61,61,60,63,61,63,62,59,63,59,63,61,63,62,64,62,62,62,60,61,62,64,64,63"
51,nothing,Pruebas,Pruebas/csi_dog_dataset/nothing/txt/csi_nothing_1012.txt,"[  130.220220] [AOA] Measurement: 0,1619021289.604737,48:8f:5a:df:02:3b,2,1,2,0,128,236,40,815,842,935,1021,370,514,987,119,868,28,815,994,72,365,898,1002,466,892,642,15,608,919,1022,152,987,64,284,853,733,307,71,71,75,69,74,74,75,68,75,73,73,74,77,76,77,72,81,73,79,73,79,78,78,76,77,81,76,74,77,80,80,80"
52,nothing,Pruebas,Pruebas/csi_dog_dataset/nothing/txt/csi_nothing_1013.txt,"[  131.271517] [AOA] Measurement: 0,1619021290.656037,48:8f:5a:df:02:3b,2,1,2,0,128,230,14,838,869,914,1012,398,501,45,155,851,988,289,786,87,368,859,996,468,856,607,1004,635,1000,1003,178,19,76,251,831,566,262,55,53,49,53,50,51,53,47,48,54,51,50,44,50,47,53,43,52,47,51,50,43,45,45,46,37,45,41,48,43,43,43"
53,nothing,Pruebas,Pruebas/csi_dog_dataset/nothing/txt/csi_nothing_1014.txt,"[  132.320966] [AOA] Measurement: 0,1619021291.705484,48:8f:5a:df:02:3b,2,1,2,0,128,196,9,798,846,948,16,358,494,1014,134,864,1019,895,1016,172,435,847,1005,414,842,600,14,606,960,967,145,1013,86,287,872,154,758,64,63,62,61,61,61,62,58,60,63,63,63,60,63,61,62,60,60,62,63,61,60,62,60,61,57,61,59,60,62,60,59"
54,nothing,Pruebas,Pruebas/csi_dog_dataset/nothing/txt/csi_nothing_1015.txt,"[  133.371112] [AOA] Measurement: 0,1619021292.755631,48:8f:5a:df:02:3b,2,1,2,0,128,217,1001,852,881,950,996,337,492,968,113,868,994,803,966,62,365,951,1023,431,834,582,961,614,963,998,142,932,46,256,873,695,395,58,57,59,55,59,59,59,54,60,59,58,60,61,61,59,58,62,56,62,58,62,60,62,60,61,62,60,61,62,63,65,63"
55,nothing,Pruebas,Pruebas/csi_dog_dataset/nothing/txt/csi_nothing_1016.txt,"[  134.421097] [AOA] Measurement: 0,1619021293.805616,48:8f:5a:df:02:3b,2,1,2,0,128,237,1013,831,863,1007,0,386,503,954,101,920,26,858,1015,56,320,926,13,446,893,614,28,623,973,968,157,979,84,264,847,927,568,61,62,62,58,60,62,63,58,61,62,62,63,60,63,61,61,61,61,62,62,63,60,62,60,62,60,60,60,63,63,62,60"
56,nothing,Pruebas,Pruebas/csi_dog_dataset/nothing/txt/csi_nothing_1017.txt,"[  135.471044] [AOA] Measurement: 0,1619021294.855562,48:8f:5a:df:02:3b,2,1,2,0,128,243,36,852,897,942,993,372,541,13,140,905,31,770,966,176,400,836,979,444,839,579,1014,666,978,994,186,903,24,267,817,854,577,80,81,82,80,78,78,80,76,80,81,80,79,75,80,77,79,75,78,77,79,80,76,79,77,77,73,76,73,79,77,77,74"
57,nothing,Pruebas,Pruebas/csi_dog_dataset/nothing/txt/csi_nothing_1018.txt,"[  136.521242] [AOA] Measurement: 0,1619021295.905760,48:8f:5a:df:02:3b,2,1,2,0,128,164,1016,806,838,997,7,376,512,982,75,899,8,866,999,59,327,876,997,447,824,654,38,604,932,963,150,984,52,253,837,669,416,61,60,60,59,62,61,62,58,60,62,61,62,62,62,60,61,62,61,63,61,62,61,63,61,62,62,61,61,63,64,64,61"
58,nothing,Pruebas,Pruebas/csi_dog_dataset/nothing/txt/csi_nothing_1019.txt,"[  137.571180] [AOA] Measurement: 0,1619021296.955698,48:8f:5a:df:02:3b,2,1,2,0,128,248,41,779,811,443,824,355,479,998,89,914,1016,875,975,50,324,893,1013,459,870,620,0,613,930,926,97,967,44,277,858,984,552,59,59,59,56,60,61,60,55,60,59,60,60,61,61,61,59,62,58,62,59,61,60,62,61,61,63,59,61,60,64,62,60"
59,nothing,Pruebas,Pruebas/csi_dog_dataset/nothing/txt/csi_nothing_1020.txt,"[  138.621072] [AOA] Measurement: 0,1619021298.005589,48:8f:5a:df:02:3b,2,1,2,0,128,250,27,219,652,440,835,824,278,497,982,931,1013,780,980,90,316,858,968,497,853,582,1019,613,968,1002,191,917,1019,270,861,225,891,72,73,77,71,76,75,76,71,75,76,74,76,80,79,78,76,80,75,80,76,78,79,81,79,78,83,78,79,78,80,82,79"
60,nothing,Pruebas,Pruebas/csi_dog_dataset/nothing/txt/csi_nothing_1021.txt,"[  139.671076] [AOA] Measurement: 0,1619021299.055594,48:8f:5a:df:02:3b,2,1,2,0,128,157,1001,760,829,998,15,398,531,994,70,949,34,833,983,68,354,792,926,497,906,601,1020,638,943,962,112,954,18,215,823,134,833,60,61,61,59,62,61,62,56,61,62,62,62,62,60,61,60,62,60,63,60,62,62,64,61,61,63,61,61,62,64,62,60"
61,nothing,Pruebas,Pruebas/csi_dog_dataset/nothing/txt/csi_nothing_1022.txt,"[  140.730403] [AOA] Measurement: 0,1619021300.114920,48:8f:5a:df:02:3b,2,1,2,0,128,199,13,869,916,933,1003,401,521,8,142,937,30,737,928,131,383,907,9,392,843,550,1013,593,947,1022,166,984,74,331,901,916,595,59,60,61,56,60,59,59,56,60,60,60,60,60,62,60,58,62,58,63,60,61,61,62,61,62,63,60,61,62,65,62,60"
62,nothing,Pruebas,Pruebas/csi_dog_dataset/nothing/txt/csi_nothing_1023.txt,"[  141.781104] [AOA] Measurement: 0,1619021301.165621,48:8f:5a:df:02:3b,2,1,2,0,128,226,998,918,921,992,1016,322,457,436,943,913,16,810,987,519,139,888,965,447,843,638,41,577,919,1001,186,916,1018,245,830,8,687,53,55,55,51,57,56,58,52,57,56,57,56,58,59,58,55,60,56,60,56,58,59,60,60,59,63,59,58,59,63,62,60"
63,nothing,Pruebas,Pruebas/csi_dog_dataset/nothing/txt/csi_nothing_1024.txt,"[  142.831221] [AOA] Measurement: 0,1619021302.215738,48:8f:5a:df:02:3b,2,1,2,0,128,136,956,283,704,957,1006,341,482,28,151,887,1001,846,993,49,308,923,1014,414,838,602,6,617,970,936,111,1012,70,276,869,298,960,61,62,61,59,61,61,62,58,61,62,63,63,60,63,62,62,61,60,63,62,61,61,62,61,62,61,61,58,64,63,61,59"
64,nothing,Pruebas,Pruebas/csi_dog_dataset/nothing/txt/csi_nothing_1025.txt,"[  143.890627] [AOA] Measurement: 0,1619021303.275145,48:8f:5a:df:02:3b,2,1,2,0,128,245,54,823,875,905,993,459,564,955,85,928,15,797,974,84,357,860,975,498,930,611,28,531,868,17,224,959,57,248,876,307,883,62,61,61,61,62,61,63,58,60,63,62,62,59,63,60,62,59,60,60,62,61,59,60,59,62,58,61,59,62,61,60,59"
65,nothing,Pruebas,Pruebas/csi_dog_dataset/nothing/txt/csi_nothing_1026.txt,"[  144.948068] [AOA] Measurement: 0,1619021304.332591,48:8f:5a:df:02:3b,2,1,2,0,128,216,12,847,911,927,993,361,490,3,149,913,32,861,1001,66,322,885,1015,512,920,586,1023,613,952,19,206,10,82,222,798,878,544,59,59,60,57,61,61,59,55,60,60,60,60,61,61,60,59,62,58,61,58,61,62,62,61,60,63,60,60,61,65,63,61"
66,nothing,Pruebas,Pruebas/csi_dog_dataset/nothing/txt/csi_nothing_1027.txt,"[  146.000548] [AOA] Measurement: 0,1619021305.385067,48:8f:5a:df:02:3b,2,1,2,0,128,249,0,821,866,950,1022,381,485,1013,98,865,1014,886,1011,71,316,915,1020,440,841,617,34,537,855,1002,182,11,80,216,814,466,142,62,61,63,58,62,62,62,57,62,61,62,63,62,64,60,62,61,62,62,62,63,62,63,62,63,62,59,59,63,64,62,61"
67,nothing,Pruebas,Pruebas/csi_dog_dataset/nothing/txt/csi_nothing_1028.txt,"[  147.052351] [AOA] Measurement: 0,1619021306.436869,48:8f:5a:df:02:3b,2,1,2,0,128,168,5,236,652,21,67,379,532,94,167,910,29,833,991,96,339,891,1,498,895,593,1019,687,1004,1016,203,908,21,284,865,869,527,63,61,60,58,61,61,63,59,62,62,61,61,62,62,60,62,60,62,62,62,61,60,62,60,64,62,60,60,62,62,61,60"
68,nothing,Pruebas,Pruebas/csi_dog_dataset/nothing/txt/csi_nothing_1029.txt,"[  148.109936] [AOA] Measurement: 0,1619021307.494454,48:8f:5a:df:02:3b,2,1,2,0,128,196,994,841,874,927,971,878,312,32,166,883,17,797,939,124,391,905,1015,397,811,1006,807,646,959,1009,150,902,987,338,893,13,761,77,77,79,75,79,79,79,72,80,79,80,77,80,81,79,77,81,78,82,77,80,80,80,81,81,81,81,78,78,81,82,80"
69,nothing,Pruebas,Pruebas/csi_dog_dataset/nothing/txt/csi_nothing_1030.txt,"[  149.161273] [AOA] Measurement: 0,1619021308.545791,48:8f:5a:df:02:3b,2,1,2,0,128,203,43,933,923,878,954,426,559,955,96,936,19,851,985,102,341,879,997,449,850,621,27,625,964,24,160,969,39,255,846,868,506,62,60,62,59,60,60,62,58,62,61,62,62,60,61,60,61,60,60,62,61,63,60,62,60,63,58,59,58,59,61,60,60"
70,nothing,Pruebas,Pruebas/csi_dog_dataset/nothing/txt/csi_nothing_1031.txt,"[  150.211232] [AOA] Measurement: 0,1619021309.595750,48:8f:5a:df:02:3b,2,1,2,0,128,219,21,859,894,962,1017,368,521,1013,98,977,54,821,955,569,196,921,27,427,832,589,2,621,919,0,197,970,75,212,816,960,592,61,61,63,58,61,62,62,56,60,60,62,61,60,63,61,59,63,59,63,60,62,61,61,59,63,61,61,58,62,63,63,61"
71,nothing,Pruebas,Pruebas/csi_dog_dataset/nothing/txt/csi_nothing_1032.txt,"[  168.193294] [AOA] Measurement: 0,1619021327.577812,48:8f:5a:df:02:3b,2,1,2,0,128,195,1016,267,690,932,1000,383,554,986,76,898,981,286,822,46,342,887,1002,470,884,623,1016,607,936,452,1020,971,14,258,828,485,173,62,55,60,53,61,61,65,40,61,61,61,65,59,65,64,59,71,61,70,58,69,58,73,68,67,68,68,63,72,75,69,64"
72,nothing,Pruebas,Pruebas/csi_dog_dataset/nothing/txt/csi_nothing_1033.txt,"[  169.241128] [AOA] Measurement: 0,1619021328.625646,48:8f:5a:df:02:3b,2,1,2,0,128,182,978,825,895,954,988,835,297,469,984,931,43,838,980,89,351,866,1022,453,813,571,997,601,937,929,115,969,60,240,801,67,819,68,68,69,63,70,69,71,63,68,69,70,69,69,71,69,67,71,67,73,69,71,70,74,71,70,72,69,67,71,74,73,70"
73,nothing,Pruebas,Pruebas/csi_dog_dataset/nothing/txt/csi_nothing_1034.txt,"[  170.290690] [AOA] Measurement: 0,1619021329.675208,48:8f:5a:df:02:3b,2,1,2,0,128,224,9,808,874,936,1003,357,497,1015,84,950,16,805,979,90,346,898,1019,459,833,640,57,604,953,959,134,982,45,272,873,825,383,67,60,63,59,65,66,68,43,65,65,66,67,61,66,65,64,74,64,71,59,71,61,73,71,70,66,72,64,74,74,73,66"
74,nothing,Pruebas,Pruebas/csi_dog_dataset/nothing/txt/csi_nothing_1035.txt,"[  171.350099] [AOA] Measurement: 0,1619021330.734616,48:8f:5a:df:02:3b,2,1,2,0,128,201,1000,771,862,999,15,351,543,994,109,988,98,797,961,95,350,335,844,452,857,584,10,595,942,1002,185,981,84,248,853,146,762,61,53,59,51,60,60,61,40,58,59,61,62,57,63,63,59,72,59,67,57,68,58,70,67,66,67,69,60,71,72,72,64"
75,nothing,Pruebas,Pruebas/csi_dog_dataset/nothing/txt/csi_nothing_1036.txt,"[  172.409529] [AOA] Measurement: 0,1619021331.794047,48:8f:5a:df:02:3b,2,1,2,0,128,251,41,788,829,909,972,456,618,1,122,971,49,779,966,105,373,909,20,447,892,596,4,633,962,1003,154,997,61,234,830,1022,615,67,60,64,59,66,65,68,43,64,66,65,70,62,67,66,61,73,63,72,60,73,60,74,71,70,67,71,65,74,76,71,66"
76,nothing,Pruebas,Pruebas/csi_dog_dataset/nothing/txt/csi_nothing_1037.txt,"[  173.460554] [AOA] Measurement: 0,1619021332.845072,48:8f:5a:df:02:3b,2,1,2,0,128,188,1007,878,876,910,975,346,520,967,54,372,890,855,985,57,335,843,967,544,914,578,1006,597,943,7,168,1012,94,157,775,619,276,62,57,60,57,63,62,64,41,62,61,62,65,58,65,65,60,71,61,69,58,69,59,73,68,65,67,68,63,72,74,70,64"
77,nothing,Pruebas,Pruebas/csi_dog_dataset/nothing/txt/csi_nothing_1038.txt,"[  174.519915] [AOA] Measurement: 0,1619021333.904433,48:8f:5a:df:02:3b,2,1,2,0,128,247,18,805,878,934,1008,346,549,39,140,962,60,880,975,88,378,910,31,442,843,587,4,704,991,983,141,902,10,231,819,610,216,74,65,67,62,68,65,70,41,64,68,69,71,57,67,64,63,69,66,70,60,73,61,71,68,69,60,70,60,73,72,70,63"
78,nothing,Pruebas,Pruebas/csi_dog_dataset/nothing/txt/csi_nothing_1039.txt,"[  175.579879] [AOA] Measurement: 0,1619021334.964397,48:8f:5a:df:02:3b,2,1,2,0,128,705,848,771,855,1005,40,366,519,958,69,998,64,799,963,97,402,889,9,427,865,566,999,667,995,917,95,1014,58,255,820,633,324,64,59,62,58,64,63,67,43,62,61,65,66,60,65,64,62,72,62,71,59,69,60,74,70,69,67,70,61,73,75,70,63"
79,nothing,Pruebas,Pruebas/csi_dog_dataset/nothing/txt/csi_nothing_1040.txt,"[  176.630829] [AOA] Measurement: 0,1619021336.015350,48:8f:5a:df:02:3b,2,1,2,0,128,276,38,790,846,1019,1017,354,560,51,147,899,23,796,960,108,370,869,15,426,869,677,29,629,954,22,180,900,13,241,830,984,662,68,54,59,51,54,55,62,30,49,62,60,61,37,51,49,46,46,56,48,47,59,47,55,48,52,35,50,39,55,51,52,44"
80,nothing,Pruebas,Pruebas/csi_dog_dataset/nothing/txt/csi_nothing_1041.txt,"[  177.690684] [AOA] Measurement: 0,1619021337.075201,48:8f:5a:df:02:3b,2,1,2,0,128,189,1011,827,880,910,986,351,546,1018,128,903,7,817,969,71,350,946,67,497,874,568,1005,550,930,975,135,1002,20,214,850,704,347,74,65,68,62,67,66,69,41,61,68,69,71,56,65,62,62,67,66,67,60,71,57,70,66,68,59,70,59,71,69,68,61"
81,person_1,dataset_original,csi_dog_dataset/person_1/txt/csi_person_1_1.txt,"[23963.218125] [AOA] Measurement: 0,1619045122.602442,48:8f:5a:df:02:3b,2,1,2,0,128,55,910,622,957,707,790,153,952,269,37,906,1014,69,295,129,632,788,877,738,381,430,954,372,861,796,77,831,115,1022,624,1023,763,37,28,35,36,17,53,36,47,8,39,48,53,27,22,43,34,11,71,25,22,41,62,34,21,58,23,43,23,65,40,66,32"
82,person_1,dataset_original,csi_dog_dataset/person_1/txt/csi_person_1_10.txt,"[23972.671930] [AOA] Measurement: 0,1619045132.056243,48:8f:5a:df:02:3b,2,1,2,0,128,231,22,476,940,45,998,452,811,15,901,811,986,901,11,116,389,563,638,66,429,298,797,194,850,601,874,677,98,901,407,259,781,11,16,3,44,59,49,16,45,4,45,30,35,52,29,55,25,16,54,38,23,32,32,28,22,76,43,56,17,29,66,60,38"
83,person_1,dataset_original,csi_dog_dataset/person_1/txt/csi_person_1_100.txt,"[24067.719920] [AOA] Measurement: 0,1619045227.104232,48:8f:5a:df:02:3b,2,1,2,0,128,779,744,950,905,36,1013,319,932,75,492,876,659,359,252,577,714,654,807,235,206,504,19,716,921,558,324,118,865,834,172,256,796,38,69,59,39,51,67,52,63,65,74,75,80,70,76,79,51,45,68,67,2,33,52,25,39,87,78,89,81,88,81,90,73"
84,person_1,dataset_original,csi_dog_dataset/person_1/txt/csi_person_1_1000.txt,"[25598.509601] [AOA] Measurement: 0,1619046757.893903,48:8f:5a:df:02:3b,2,1,2,0,128,393,610,479,275,639,959,163,48,997,785,461,574,188,255,475,774,425,519,968,177,695,852,974,951,907,592,173,220,698,173,650,204,17,50,16,3,30,51,51,28,23,45,65,46,65,61,28,39,59,65,40,52,19,44,25,12,21,66,42,32,42,78,65,40"
85,person_1,dataset_original,csi_dog_dataset/person_1/txt/csi_person_1_1001.txt,"[25599.571517] [AOA] Measurement: 0,1619046758.955815,48:8f:5a:df:02:3b,2,1,2,0,128,288,57,840,893,995,990,901,335,857,977,741,25,784,907,1003,231,889,996,414,773,623,1020,572,987,782,86,694,65,205,668,805,480,65,64,49,54,53,58,55,24,36,31,30,66,57,48,65,40,52,54,24,48,47,34,30,36,31,34,25,34,69,41,79,56"
86,person_1,dataset_original,csi_dog_dataset/person_1/txt/csi_person_1_1002.txt,"[25600.631194] [AOA] Measurement: 0,1619046760.015495,48:8f:5a:df:02:3b,2,1,2,0,128,356,104,894,956,991,1003,418,698,975,95,813,1001,794,983,996,371,909,3,600,928,658,50,615,964,898,127,937,51,210,728,726,354,87,67,74,70,56,67,54,31,52,66,57,78,62,66,75,54,75,81,70,54,59,58,61,56,67,64,55,41,58,65,83,72"
87,person_1,dataset_original,csi_dog_dataset/person_1/txt/csi_person_1_1003.txt,"[25601.690624] [AOA] Measurement: 0,1619046761.074925,48:8f:5a:df:02:3b,2,1,2,0,128,253,62,902,913,421,805,394,634,978,87,791,971,837,978,1015,306,953,46,477,792,600,47,648,963,892,157,861,6,216,781,771,430,80,59,63,67,64,70,60,34,50,53,62,71,57,58,63,49,62,58,52,61,67,58,64,58,59,49,65,48,59,44,79,62"
88,person_1,dataset_original,csi_dog_dataset/person_1/txt/csi_person_1_1004.txt,"[25602.751036] [AOA] Measurement: 0,1619046762.135336,48:8f:5a:df:02:3b,2,1,2,0,128,265,33,910,890,977,1007,450,484,844,72,826,68,772,899,127,315,936,51,503,759,608,1003,589,958,800,168,754,139,237,718,582,104,91,76,78,72,51,60,53,29,48,46,52,59,51,55,62,53,67,66,69,61,59,43,62,36,41,40,32,45,65,32,76,46"
89,person_1,dataset_original,csi_dog_dataset/person_1/txt/csi_person_1_1005.txt,"[25603.801783] [AOA] Measurement: 0,1619046763.186081,48:8f:5a:df:02:3b,2,1,2,0,128,270,989,749,854,935,1008,420,742,883,974,925,971,645,828,879,210,928,934,303,685,652,72,585,967,770,934,936,6,117,602,945,468,65,57,64,38,56,62,66,9,36,57,53,75,65,34,66,41,62,72,57,31,46,50,16,49,35,52,30,26,56,62,63,54"
90,person_1,dataset_original,csi_dog_dataset/person_1/txt/csi_person_1_1006.txt,"[25604.851537] [AOA] Measurement: 0,1619046764.235835,48:8f:5a:df:02:3b,2,1,2,0,128,357,151,852,896,905,986,938,421,869,60,828,48,855,988,38,341,976,43,548,801,616,36,582,976,893,164,841,119,233,712,726,363,85,58,63,68,61,76,63,23,43,53,53,78,52,47,69,39,69,57,60,48,52,51,51,50,51,51,43,50,55,54,79,58"
91,person_1,dataset_original,csi_dog_dataset/person_1/txt/csi_person_1_1007.txt,"[25605.901870] [AOA] Measurement: 0,1619046765.286171,48:8f:5a:df:02:3b,2,1,2,0,128,336,78,812,840,976,1002,507,655,903,52,705,950,751,931,16,323,896,981,456,776,558,914,587,970,767,60,787,6,215,734,937,552,86,90,84,62,23,52,55,23,39,69,39,63,58,75,79,66,63,88,70,66,38,8,53,20,57,68,40,20,70,64,67,79"
92,person_1,dataset_original,csi_dog_dataset/person_1/txt/csi_person_1_1008.txt,"[25606.970253] [AOA] Measurement: 0,1619046766.354552,48:8f:5a:df:02:3b,2,1,2,0,128,221,5,848,863,952,966,481,502,852,4,769,1015,678,856,1002,302,836,994,501,800,642,40,508,967,797,83,756,92,252,751,739,347,97,89,94,77,30,46,47,36,54,64,57,60,49,68,68,69,73,85,69,67,38,20,57,28,66,65,48,17,58,67,58,78"
93,person_1,dataset_original,csi_dog_dataset/person_1/txt/csi_person_1_1009.txt,"[25608.021884] [AOA] Measurement: 0,1619046767.406182,48:8f:5a:df:02:3b,2,1,2,0,128,451,206,1001,981,28,1010,456,712,959,237,840,104,878,4,68,409,112,209,674,23,684,102,780,22,27,273,952,119,315,921,811,539,77,66,79,61,59,60,43,36,51,56,53,98,67,56,83,49,58,74,73,49,43,36,55,40,40,57,34,58,68,67,93,70"
94,person_1,dataset_original,csi_dog_dataset/person_1/txt/csi_person_1_101.txt,"[24068.771616] [AOA] Measurement: 0,1619045228.155928,48:8f:5a:df:02:3b,2,1,2,0,128,836,770,507,1000,971,977,306,929,67,469,972,696,437,291,634,788,725,834,204,893,494,994,677,849,182,630,159,890,843,161,97,543,26,69,52,25,42,61,62,55,72,75,77,83,75,81,83,53,46,61,63,22,56,56,52,48,87,80,90,85,88,83,89,75"
95,person_1,dataset_original,csi_dog_dataset/person_1/txt/csi_person_1_1010.txt,"[25609.081704] [AOA] Measurement: 0,1619046768.466003,48:8f:5a:df:02:3b,2,1,2,0,128,211,25,824,886,965,985,412,578,832,3,781,1018,714,896,29,308,906,37,514,831,681,35,604,922,842,112,813,57,233,716,976,653,94,74,76,80,68,69,54,40,51,51,62,64,63,58,67,53,83,72,69,75,65,60,70,54,64,54,59,37,59,53,76,63"
96,person_1,dataset_original,csi_dog_dataset/person_1/txt/csi_person_1_1011.txt,"[25610.131512] [AOA] Measurement: 0,1619046769.515811,48:8f:5a:df:02:3b,2,1,2,0,128,336,144,918,918,2,1012,484,814,877,139,844,64,805,950,168,446,975,159,638,947,663,60,625,955,951,221,820,110,348,937,321,910,85,58,69,71,57,62,33,36,39,28,45,67,56,40,51,35,65,63,63,70,49,50,56,49,27,41,24,38,49,49,56,42"
97,person_1,dataset_original,csi_dog_dataset/person_1/txt/csi_person_1_1012.txt,"[25611.191202] [AOA] Measurement: 0,1619046770.575499,48:8f:5a:df:02:3b,2,1,2,0,128,873,9,48,23,971,16,438,735,952,188,865,112,933,91,96,422,10,156,745,984,708,106,648,981,967,285,934,190,263,842,166,839,48,64,66,43,12,50,25,55,28,57,5,31,58,52,22,45,46,57,50,53,18,30,32,20,32,80,40,19,60,76,53,35"
98,person_1,dataset_original,csi_dog_dataset/person_1/txt/csi_person_1_1013.txt,"[25612.250548] [AOA] Measurement: 0,1619046771.634847,48:8f:5a:df:02:3b,2,1,2,0,128,222,56,367,811,1000,1009,395,712,980,74,847,990,776,958,80,427,959,929,482,829,605,1018,586,910,827,106,884,24,125,652,327,31,44,16,26,50,48,58,45,40,29,17,38,51,22,14,24,11,26,23,15,14,47,53,28,44,28,14,28,34,30,23,46,14"
99,person_1,dataset_original,csi_dog_dataset/person_1/txt/csi_person_1_102.txt,"[24069.821917] [AOA] Measurement: 0,1619045229.206231,48:8f:5a:df:02:3b,2,1,2,0,128,879,803,601,52,963,973,334,948,120,490,996,715,380,250,670,799,640,756,303,941,484,1,741,858,168,561,109,851,886,215,599,52,15,46,38,38,42,55,41,55,48,65,56,66,54,60,63,60,22,45,42,20,51,51,24,47,68,72,69,72,71,73,80,74"
100,person_1,dataset_original,csi_dog_dataset/person_1/txt/csi_person_1_103.txt,"[24070.881062] [AOA] Measurement: 0,1619045230.265377,48:8f:5a:df:02:3b,2,1,2,0,128,835,730,750,38,910,983,417,935,173,567,62,849,532,372,774,868,906,772,510,53,597,37,805,906,343,751,193,968,994,314,81,636,26,39,11,55,54,66,67,62,66,84,70,85,76,80,82,75,38,37,31,50,78,74,62,70,81,87,85,86,86,88,90,84"
101,person_1,dataset_original,csi_dog_dataset/person_1/txt/csi_person_1_104.txt,"[24071.940704] [AOA] Measurement: 0,1619045231.325018,48:8f:5a:df:02:3b,2,1,2,0,128,357,863,131,905,2,34,369,912,189,577,63,828,453,335,748,867,879,763,520,96,591,10,863,956,223,669,260,987,958,305,595,1001,22,45,16,54,51,65,67,59,68,81,71,84,76,81,84,73,44,39,37,51,76,74,64,72,85,85,88,87,89,86,94,86"
102,person_1,dataset_original,csi_dog_dataset/person_1/txt/csi_person_1_105.txt,"[24073.000539] [AOA] Measurement: 0,1619045232.384853,48:8f:5a:df:02:3b,2,1,2,0,128,874,811,567,114,1004,986,333,951,47,465,977,699,361,234,602,800,680,839,296,44,501,9,721,860,162,600,94,835,851,218,739,88,36,80,71,38,55,76,64,75,81,91,90,98,85,90,98,74,52,77,81,10,60,64,35,54,105,101,108,104,108,104,114,101"
103,person_1,dataset_original,csi_dog_dataset/person_1/txt/csi_person_1_106.txt,"[24074.069322] [AOA] Measurement: 0,1619045233.453634,48:8f:5a:df:02:3b,2,1,2,0,128,200,504,472,177,1018,996,364,986,926,316,899,609,349,233,540,704,518,795,195,399,936,117,110,1019,1014,408,1016,705,724,46,311,771,67,79,77,59,69,71,40,70,69,70,82,71,55,67,73,33,70,82,85,56,27,50,35,23,89,66,91,63,86,71,84,69"
104,person_1,dataset_original,csi_dog_dataset/person_1/txt/csi_person_1_107.txt,"[24075.131715] [AOA] Measurement: 0,1619045234.516026,48:8f:5a:df:02:3b,2,1,2,0,128,583,514,435,163,962,985,461,950,803,177,785,432,306,22,384,465,474,749,60,257,748,52,975,62,979,301,801,561,676,958,935,372,72,76,76,73,76,71,41,73,69,70,78,47,20,41,46,23,72,78,80,72,66,65,64,53,80,58,79,23,53,42,36,55"
105,person_1,dataset_original,csi_dog_dataset/person_1/txt/csi_person_1_108.txt,"[24076.190749] [AOA] Measurement: 0,1619045235.575063,48:8f:5a:df:02:3b,2,1,2,0,128,704,645,407,197,1006,1010,428,938,872,205,853,528,144,50,501,543,456,728,183,388,875,90,139,203,925,296,986,634,757,56,542,37,73,80,80,67,69,63,20,70,78,77,85,73,47,64,73,39,78,85,88,72,46,46,54,26,92,74,90,63,89,74,85,75"
106,person_1,dataset_original,csi_dog_dataset/person_1/txt/csi_person_1_109.txt,"[24077.250640] [AOA] Measurement: 0,1619045236.634954,48:8f:5a:df:02:3b,2,1,2,0,128,723,707,499,237,1017,1007,422,970,896,251,821,520,304,201,540,636,527,814,152,385,925,108,149,113,986,414,987,655,751,93,400,785,83,85,82,69,69,64,26,66,78,74,85,73,54,65,75,23,83,84,87,75,53,49,51,32,86,66,88,56,83,66,78,61"
107,person_1,dataset_original,csi_dog_dataset/person_1/txt/csi_person_1_11.txt,"[23973.730569] [AOA] Measurement: 0,1619045133.114883,48:8f:5a:df:02:3b,2,1,2,0,128,861,934,575,976,45,998,457,761,793,846,142,854,928,46,79,348,447,604,82,402,243,741,141,837,632,886,695,215,970,406,339,748,6,17,17,26,59,47,13,38,12,44,37,29,52,29,60,32,23,47,43,26,22,25,27,13,69,31,55,22,17,43,50,19"
108,person_1,dataset_original,csi_dog_dataset/person_1/txt/csi_person_1_110.txt,"[24078.301321] [AOA] Measurement: 0,1619045237.685633,48:8f:5a:df:02:3b,2,1,2,0,128,645,633,404,142,479,800,455,981,869,309,857,616,306,197,511,785,534,806,168,355,888,182,28,11,7,481,919,739,653,9,800,324,64,69,72,67,72,71,42,71,58,53,70,37,31,47,43,15,70,75,78,73,55,61,63,49,78,44,80,15,63,40,50,48"
109,person_1,dataset_original,csi_dog_dataset/person_1/txt/csi_person_1_111.txt,"[24079.358393] [AOA] Measurement: 0,1619045238.742710,48:8f:5a:df:02:3b,2,1,2,0,128,673,601,417,196,1017,17,385,863,282,1014,205,200,92,22,330,416,417,724,130,290,838,84,12,110,895,269,914,593,641,990,570,18,65,67,70,64,66,65,27,68,66,68,73,59,17,51,53,36,66,70,74,59,39,42,49,34,76,61,77,52,69,63,66,67"
110,person_1,dataset_original,csi_dog_dataset/person_1/txt/csi_person_1_112.txt,"[24080.429480] [AOA] Measurement: 0,1619045239.813791,48:8f:5a:df:02:3b,2,1,2,0,128,616,592,414,134,418,808,469,898,257,15,737,416,111,14,342,484,372,674,67,247,863,121,900,62,835,225,911,601,634,960,41,475,70,74,72,66,70,64,25,64,70,70,73,57,23,52,56,33,65,74,78,52,46,47,45,37,74,65,73,45,66,60,53,63"
111,person_1,dataset_original,csi_dog_dataset/person_1/txt/csi_person_1_113.txt,"[24081.490666] [AOA] Measurement: 0,1619045240.874977,48:8f:5a:df:02:3b,2,1,2,0,128,623,520,364,213,997,982,168,959,854,230,805,458,68,4,339,538,429,592,535,179,376,149,223,248,409,114,903,579,631,31,304,768,52,57,59,35,47,53,7,29,40,36,40,38,42,41,37,25,50,54,50,49,9,6,35,34,36,27,36,35,38,29,34,23"
112,person_1,dataset_original,csi_dog_dataset/person_1/txt/csi_person_1_114.txt,"[24082.559572] [AOA] Measurement: 0,1619045241.943884,48:8f:5a:df:02:3b,2,1,2,0,128,520,401,114,26,965,1009,393,874,320,697,123,889,541,449,830,939,98,652,784,100,633,60,902,997,449,804,344,59,98,445,887,303,68,12,40,74,73,74,75,72,65,80,54,81,79,79,81,74,63,58,55,72,79,78,76,77,77,77,78,82,83,79,83,74"
113,person_1,dataset_original,csi_dog_dataset/person_1/txt/csi_person_1_115.txt,"[24083.620648] [AOA] Measurement: 0,1619045243.004961,48:8f:5a:df:02:3b,2,1,2,0,128,754,742,1009,80,956,993,433,904,237,659,111,905,532,440,815,907,986,782,648,129,596,39,848,943,351,737,266,13,9,380,218,789,45,40,24,62,57,70,73,61,75,85,75,87,80,81,84,78,56,28,51,55,82,79,72,78,86,88,87,89,89,88,92,84"
114,person_1,dataset_original,csi_dog_dataset/person_1/txt/csi_person_1_116.txt,"[24084.680722] [AOA] Measurement: 0,1619045244.065036,48:8f:5a:df:02:3b,2,1,2,0,128,661,669,404,155,1015,988,352,959,6,374,809,537,220,166,537,730,508,779,129,357,879,136,112,12,1001,427,3,762,707,58,896,381,58,63,65,58,61,64,39,63,58,54,66,49,37,56,52,24,62,68,71,57,29,50,34,33,72,51,73,38,67,57,62,52"
115,person_1,dataset_original,csi_dog_dataset/person_1/txt/csi_person_1_117.txt,"[24085.734252] [AOA] Measurement: 0,1619045245.118562,48:8f:5a:df:02:3b,2,1,2,0,128,633,627,333,120,942,962,443,924,843,204,801,307,505,19,0,101,392,691,38,310,844,148,20,87,883,228,837,186,673,956,864,310,66,65,67,67,65,66,51,66,58,50,66,24,33,10,10,23,65,67,69,62,58,59,53,53,67,39,67,14,46,34,20,42"
116,person_1,dataset_original,csi_dog_dataset/person_1/txt/csi_person_1_118.txt,"[24086.791952] [AOA] Measurement: 0,1619045246.176263,48:8f:5a:df:02:3b,2,1,2,0,128,615,570,324,97,1018,2,463,930,762,136,809,381,545,963,297,293,295,655,75,292,756,105,1001,61,902,245,873,481,608,919,353,751,63,63,64,64,63,66,45,66,58,48,64,25,25,20,11,15,61,67,67,62,53,57,55,50,70,43,69,6,49,40,27,45"
117,person_1,dataset_original,csi_dog_dataset/person_1/txt/csi_person_1_119.txt,"[24087.841552] [AOA] Measurement: 0,1619045247.225863,48:8f:5a:df:02:3b,2,1,2,0,128,620,541,305,114,965,1002,1008,826,817,181,633,323,1008,963,317,426,346,577,80,232,59,848,945,273,838,221,808,571,538,932,737,188,99,109,106,84,82,75,26,70,107,104,104,100,90,103,101,74,92,101,112,31,13,12,20,46,108,97,107,93,98,92,92,92"
118,person_1,dataset_original,csi_dog_dataset/person_1/txt/csi_person_1_12.txt,"[23974.799304] [AOA] Measurement: 0,1619045134.183619,48:8f:5a:df:02:3b,2,1,2,0,128,92,63,797,889,115,21,339,701,84,107,904,88,969,64,136,427,701,834,244,552,289,842,319,891,777,95,825,123,998,591,964,625,42,43,55,45,50,45,29,35,33,52,54,47,59,53,67,54,34,56,57,58,39,34,56,18,74,50,70,17,34,57,49,43"
119,person_1,dataset_original,csi_dog_dataset/person_1/txt/csi_person_1_120.txt,"[24088.900758] [AOA] Measurement: 0,1619045248.285073,48:8f:5a:df:02:3b,2,1,2,0,128,627,568,299,43,375,809,255,794,286,1007,132,173,62,978,716,217,401,609,1000,239,700,66,870,176,891,199,828,604,611,1006,807,184,74,87,87,68,68,63,12,59,82,82,79,71,58,76,73,55,61,80,88,19,6,17,18,27,83,75,79,65,74,66,63,70"
120,person_1,dataset_original,csi_dog_dataset/person_1/txt/csi_person_1_121.txt,"[24089.960318] [AOA] Measurement: 0,1619045249.344630,48:8f:5a:df:02:3b,2,1,2,0,128,695,580,376,228,947,958,333,607,793,116,687,346,1006,955,280,391,471,681,10,333,47,588,213,291,846,200,741,412,581,967,751,112,102,112,109,79,67,39,50,38,111,112,106,100,102,107,107,89,97,103,119,53,43,18,35,64,110,105,107,94,104,96,95,95"
121,turtlebot,Pruebas,Pruebas/csi_dog_dataset/turtlebot/txt/csi_turtlebot_1041.txt,"[  572.910790] [AOA] Measurement: 0,1619021732.295303,48:8f:5a:df:02:3b,2,1,2,0,128,334,137,877,968,986,954,484,852,882,34,829,925,658,707,476,157,431,618,480,845,962,795,750,950,741,1006,683,943,890,368,22,716,39,28,29,28,22,36,32,26,24,22,27,25,23,25,28,20,38,36,28,33,23,25,28,34,24,24,30,27,31,26,23,24"
122,turtlebot,Pruebas,Pruebas/csi_dog_dataset/turtlebot/txt/csi_turtlebot_1042.txt,"[  573.970335] [AOA] Measurement: 0,1619021733.354849,48:8f:5a:df:02:3b,2,1,2,0,128,369,124,915,862,829,980,467,332,69,217,928,101,774,935,1002,296,181,409,741,123,1014,319,25,188,220,383,151,342,682,286,189,877,35,24,26,27,19,30,28,21,19,22,23,23,18,22,24,16,37,30,26,28,19,24,27,31,22,21,27,25,26,23,21,23"
123,turtlebot,Pruebas,Pruebas/csi_dog_dataset/turtlebot/txt/csi_turtlebot_1043.txt,"[  575.030836] [AOA] Measurement: 0,1619021734.415349,48:8f:5a:df:02:3b,2,1,2,0,128,370,117,965,904,805,986,905,191,28,219,964,157,719,879,10,317,148,426,685,99,989,312,32,173,252,369,216,370,108,44,101,890,33,24,26,26,18,31,29,22,18,21,23,24,17,22,25,17,36,31,27,30,20,25,26,30,21,23,28,25,26,24,21,23"
124,turtlebot,Pruebas,Pruebas/csi_dog_dataset/turtlebot/txt/csi_turtlebot_1044.txt,"[  576.090319] [AOA] Measurement: 0,1619021735.474833,48:8f:5a:df:02:3b,2,1,2,0,128,347,52,384,668,850,6,555,432,990,182,917,113,671,849,38,357,133,401,676,121,486,137,80,204,169,287,752,237,695,268,50,772,34,25,28,26,18,32,29,22,18,21,24,23,18,22,24,17,35,30,26,31,19,25,26,31,19,22,26,25,25,23,21,21"
125,turtlebot,Pruebas,Pruebas/csi_dog_dataset/turtlebot/txt/csi_turtlebot_1045.txt,"[  577.141305] [AOA] Measurement: 0,1619021736.525821,48:8f:5a:df:02:3b,2,1,2,0,128,396,97,967,913,827,998,445,382,1022,162,955,165,675,874,31,347,646,194,700,129,7,319,38,197,239,348,184,348,697,265,963,621,39,28,30,31,23,39,34,27,23,23,28,27,22,26,30,20,39,36,29,33,26,29,31,38,23,25,32,29,32,28,24,26"
126,turtlebot,Pruebas,Pruebas/csi_dog_dataset/turtlebot/txt/csi_turtlebot_1046.txt,"[  578.209961] [AOA] Measurement: 0,1619021737.594473,48:8f:5a:df:02:3b,2,1,2,0,128,375,87,971,902,786,993,451,395,1018,200,419,970,648,832,472,146,206,424,697,137,975,285,110,246,158,274,180,376,672,250,830,469,41,28,30,30,23,38,34,27,23,24,29,27,23,26,28,19,40,36,29,36,23,29,30,36,26,23,32,29,33,27,24,27"
127,turtlebot,Pruebas,Pruebas/csi_dog_dataset/turtlebot/txt/csi_turtlebot_1047.txt,"[  579.270878] [AOA] Measurement: 0,1619021738.655390,48:8f:5a:df:02:3b,2,1,2,0,128,328,84,880,870,829,999,439,402,30,192,903,104,698,860,462,109,678,278,722,137,991,303,24,180,211,345,116,324,697,277,728,390,39,27,30,29,21,36,32,27,22,22,26,27,22,24,27,18,37,33,26,30,22,26,29,34,25,23,31,27,31,27,22,25"
128,turtlebot,Pruebas,Pruebas/csi_dog_dataset/turtlebot/txt/csi_turtlebot_1048.txt,"[  580.330851] [AOA] Measurement: 0,1619021739.715365,48:8f:5a:df:02:3b,2,1,2,0,128,359,115,889,845,813,17,898,207,20,185,392,971,654,847,428,80,644,211,717,83,998,276,42,133,322,362,154,343,711,293,148,834,38,29,28,28,22,35,33,26,22,22,25,26,21,26,28,20,37,36,27,30,23,28,27,34,24,24,31,26,30,27,23,24"
129,turtlebot,Pruebas,Pruebas/csi_dog_dataset/turtlebot/txt/csi_turtlebot_1049.txt,"[  581.390703] [AOA] Measurement: 0,1619021740.775215,48:8f:5a:df:02:3b,2,1,2,0,128,422,127,955,894,846,1010,483,413,981,172,967,133,682,896,89,332,172,419,700,124,947,289,52,179,205,315,189,358,727,289,646,249,41,30,29,30,24,38,32,28,25,24,27,29,23,25,28,20,38,35,29,34,25,28,32,37,25,25,32,30,33,29,25,28"
130,turtlebot,Pruebas,Pruebas/csi_dog_dataset/turtlebot/txt/csi_turtlebot_1050.txt,"[  582.441298] [AOA] Measurement: 0,1619021741.825812,48:8f:5a:df:02:3b,2,1,2,0,128,364,110,909,861,907,1,520,423,6,204,902,125,701,871,25,363,228,433,752,183,36,340,69,199,169,291,229,426,681,273,317,966,34,25,26,27,20,33,30,22,20,22,25,23,19,21,25,18,37,32,28,34,21,25,29,33,22,23,29,27,27,26,25,25"
131,turtlebot,Pruebas,Pruebas/csi_dog_dataset/turtlebot/txt/csi_turtlebot_1051.txt,"[  593.094278] [AOA] Measurement: 0,1619021752.478798,48:8f:5a:df:02:3b,2,1,2,0,128,898,980,913,871,768,962,981,250,3,207,362,913,672,868,17,359,136,374,141,918,491,165,34,214,224,355,190,363,725,283,994,758,33,23,24,23,17,30,25,21,19,20,22,21,18,20,24,16,32,30,24,26,20,21,23,27,20,19,25,22,25,21,19,21"
132,turtlebot,Pruebas,Pruebas/csi_dog_dataset/turtlebot/txt/csi_turtlebot_1052.txt,"[  603.787449] [AOA] Measurement: 0,1619021763.171967,48:8f:5a:df:02:3b,2,1,2,0,128,392,97,342,688,940,44,438,379,984,206,943,128,695,899,56,391,190,417,695,100,99,370,48,168,166,317,177,417,679,263,872,480,38,26,27,28,21,34,30,24,20,24,27,27,21,23,25,18,38,33,28,32,22,25,29,33,24,24,29,27,28,26,23,25"
133,turtlebot,Pruebas,Pruebas/csi_dog_dataset/turtlebot/txt/csi_turtlebot_1053.txt,"[  604.840425] [AOA] Measurement: 0,1619021764.224939,48:8f:5a:df:02:3b,2,1,2,0,128,341,79,901,836,262,810,920,202,517,44,431,985,677,868,18,342,178,394,641,78,975,275,43,193,177,300,216,351,713,274,317,122,37,25,28,28,21,34,30,25,22,21,26,24,21,22,26,18,33,32,27,30,22,26,27,32,23,22,28,25,29,24,21,22"
134,turtlebot,Pruebas,Pruebas/csi_dog_dataset/turtlebot/txt/csi_turtlebot_1054.txt,"[  605.881297] [AOA] Measurement: 0,1619021765.265810,48:8f:5a:df:02:3b,2,1,2,0,128,468,186,820,802,858,1002,1001,211,13,187,961,150,700,886,70,347,133,366,679,68,1010,300,111,228,244,356,147,341,699,295,890,570,37,24,28,27,20,33,29,24,21,23,25,25,20,24,26,17,38,33,27,32,20,24,29,33,23,24,28,26,29,25,24,26"
135,turtlebot,Pruebas,Pruebas/csi_dog_dataset/turtlebot/txt/csi_turtlebot_1055.txt,"[  606.940382] [AOA] Measurement: 0,1619021766.324894,48:8f:5a:df:02:3b,2,1,2,0,128,386,102,890,858,866,10,476,407,979,165,19,157,621,841,538,213,139,351,710,129,1,343,100,234,226,364,194,386,669,256,371,76,38,27,30,28,21,35,32,25,21,24,26,26,20,23,26,17,39,33,29,34,22,27,28,33,24,24,30,27,30,26,24,26"
136,turtlebot,Pruebas,Pruebas/csi_dog_dataset/turtlebot/txt/csi_turtlebot_1056.txt,"[  607.998046] [AOA] Measurement: 0,1619021767.382564,48:8f:5a:df:02:3b,2,1,2,0,128,344,78,395,697,899,1023,469,367,452,8,996,160,668,844,1022,354,181,402,144,969,6,337,34,171,231,336,640,135,150,56,606,403,37,24,28,28,21,33,30,24,21,23,25,25,19,24,26,18,38,34,29,32,22,25,28,33,22,25,28,25,29,25,24,25"
137,turtlebot,Pruebas,Pruebas/csi_dog_dataset/turtlebot/txt/csi_turtlebot_1057.txt,"[  609.050694] [AOA] Measurement: 0,1619021768.435209,48:8f:5a:df:02:3b,2,1,2,0,128,363,73,903,875,270,827,507,435,7,184,922,138,630,835,516,191,164,415,710,188,992,323,42,194,211,324,195,382,667,235,956,588,39,25,28,28,19,33,30,24,21,23,27,26,19,23,27,17,38,33,30,33,23,25,29,33,23,25,30,27,30,26,24,25"
138,turtlebot,Pruebas,Pruebas/csi_dog_dataset/turtlebot/txt/csi_turtlebot_1058.txt,"[  610.110474] [AOA] Measurement: 0,1619021769.494988,48:8f:5a:df:02:3b,2,1,2,0,128,320,63,916,891,931,30,482,441,976,210,992,155,602,816,517,188,134,378,767,156,976,315,8,135,271,367,160,336,679,288,383,47,39,27,29,29,19,34,32,23,22,24,27,27,21,23,26,18,38,34,30,31,21,27,29,32,22,23,30,28,29,25,23,23"
139,turtlebot,Pruebas,Pruebas/csi_dog_dataset/turtlebot/txt/csi_turtlebot_1059.txt,"[  611.161698] [AOA] Measurement: 0,1619021770.546210,48:8f:5a:df:02:3b,2,1,2,0,128,388,112,881,818,856,1015,449,394,56,227,882,102,690,847,1016,320,658,241,689,103,3,331,66,185,225,365,193,379,680,274,785,453,37,26,28,27,19,33,30,24,21,23,25,25,20,24,26,18,37,35,28,30,22,25,28,33,22,25,29,27,28,26,23,24"
140,turtlebot,Pruebas,Pruebas/csi_dog_dataset/turtlebot/txt/csi_turtlebot_1060.txt,"[  612.220531] [AOA] Measurement: 0,1619021771.605043,48:8f:5a:df:02:3b,2,1,2,0,128,414,119,949,890,815,1000,451,352,76,273,912,105,626,836,125,450,62,319,686,123,1007,321,66,192,229,322,186,352,635,211,772,420,35,25,28,27,19,32,29,24,20,22,24,25,21,23,26,17,34,31,25,28,21,24,26,30,22,22,28,26,29,24,23,23"
141,turtlebot,Pruebas,Pruebas/csi_dog_dataset/turtlebot/txt/csi_turtlebot_1061.txt,"[  613.280274] [AOA] Measurement: 0,1619021772.664789,48:8f:5a:df:02:3b,2,1,2,0,128,346,86,971,885,836,997,955,217,21,219,974,185,594,823,539,171,612,208,147,920,406,85,71,193,686,115,666,154,156,69,753,428,38,25,29,28,20,34,30,24,20,24,25,27,19,24,27,18,37,34,29,30,22,26,29,33,24,24,30,25,28,26,25,27"
142,turtlebot,Pruebas,Pruebas/csi_dog_dataset/turtlebot/txt/csi_turtlebot_1062.txt,"[  295.899994] [AOA] Measurement: 0,1619021455.284511,48:8f:5a:df:02:3b,2,1,2,0,128,710,867,907,923,965,1001,827,336,41,147,903,4,761,960,110,322,940,51,486,888,633,17,642,968,3,161,1005,101,261,878,436,192,58,53,55,51,56,57,58,37,55,57,56,60,54,58,59,53,66,55,63,51,60,52,66,62,61,61,61,57,65,67,65,59"
143,turtlebot,dataset_original,csi_dog_dataset/turtlebot/txt/csi_turtlebot_1.txt,"[ 3978.588241] [AOA] Measurement: 0,1619025136.459056,48:8f:5a:df:02:3b,2,1,2,0,128,207,114,836,891,42,1010,384,827,882,1007,648,997,855,923,32,439,786,523,594,870,729,913,819,912,727,1021,748,1017,212,716,228,964,31,33,33,33,29,45,32,22,18,37,27,42,26,7,30,17,18,7,17,11,9,15,20,19,34,33,29,26,15,26,31,20"
144,turtlebot,dataset_original,csi_dog_dataset/turtlebot/txt/csi_turtlebot_10.txt,"[ 3988.089899] [AOA] Measurement: 0,1619025145.960708,48:8f:5a:df:02:3b,2,1,2,0,128,345,194,800,898,1010,11,302,752,906,1004,733,1004,846,856,981,388,800,639,662,892,718,919,783,898,744,1023,721,992,165,686,374,176,31,33,33,36,28,41,34,22,15,35,27,39,25,9,28,15,23,4,18,10,8,16,18,19,36,32,29,27,14,24,31,21"
145,turtlebot,dataset_original,csi_dog_dataset/turtlebot/txt/csi_turtlebot_100.txt,"[ 4082.981680] [AOA] Measurement: 0,1619025240.852488,48:8f:5a:df:02:3b,2,1,2,0,128,808,1014,54,1021,1008,1001,356,646,321,839,283,866,844,992,106,336,20,107,665,992,577,48,665,989,890,140,877,74,194,736,772,450,40,43,40,36,44,45,27,30,33,34,42,49,55,41,53,42,36,37,36,44,40,36,51,30,40,29,38,22,45,53,55,40"
146,turtlebot,dataset_original,csi_dog_dataset/turtlebot/txt/csi_turtlebot_1000.txt,"[ 5244.491701] [AOA] Measurement: 0,1619026402.362498,48:8f:5a:df:02:3b,2,1,2,0,128,367,165,964,960,936,985,455,729,954,7,821,21,813,988,150,366,979,82,579,893,635,55,607,902,942,130,833,23,223,823,662,166,45,43,44,38,40,36,21,30,25,32,40,56,45,33,47,31,42,46,32,45,39,30,54,28,33,28,29,21,35,46,45,29"
147,turtlebot,dataset_original,csi_dog_dataset/turtlebot/txt/csi_turtlebot_101.txt,"[ 4084.040614] [AOA] Measurement: 0,1619025241.911424,48:8f:5a:df:02:3b,2,1,2,0,128,375,188,909,909,1020,35,359,677,941,88,829,54,809,982,41,308,31,103,620,949,620,87,612,932,889,126,849,76,145,739,79,838,47,55,50,44,49,50,31,32,35,36,48,61,56,44,57,41,36,50,40,47,46,39,58,34,42,32,43,28,40,54,54,38"
148,turtlebot,dataset_original,csi_dog_dataset/turtlebot/txt/csi_turtlebot_101_1.txt,"[ 3536.767768] [AOA] Measurement: 0,1619024694.638581,48:8f:5a:df:02:3b,2,1,2,0,128,690,992,865,898,29,944,800,618,458,37,799,13,691,628,26,928,663,644,926,511,276,855,353,811,96,845,710,995,427,315,131,777,51,31,50,49,24,40,32,31,10,25,18,31,5,10,12,6,62,50,37,30,21,31,16,37,33,34,28,31,23,25,42,26"
149,turtlebot,dataset_original,csi_dog_dataset/turtlebot/txt/csi_turtlebot_101_2.txt,"[ 3537.811237] [AOA] Measurement: 0,1619024695.682051,48:8f:5a:df:02:3b,2,1,2,0,128,191,134,794,960,142,15,319,816,258,34,855,60,510,273,147,686,775,769,314,623,167,687,817,605,697,81,764,992,899,421,598,305,42,31,49,44,18,32,26,26,10,15,11,17,6,17,13,4,48,32,28,24,18,33,13,32,32,25,20,23,21,22,35,18"
150,turtlebot,dataset_original,csi_dog_dataset/turtlebot/txt/csi_turtlebot_101_3.txt,"[ 3538.861668] [AOA] Measurement: 0,1619024696.732480,48:8f:5a:df:02:3b,2,1,2,0,128,271,134,804,913,96,4,245,778,558,1012,741,992,600,662,1011,258,764,718,952,525,293,847,381,807,678,15,217,879,936,461,266,873,50,35,48,46,19,42,34,24,11,18,11,20,5,19,13,3,52,36,36,27,14,34,11,28,29,29,14,25,33,30,47,29"
151,turtlebot,dataset_original,csi_dog_dataset/turtlebot/txt/csi_turtlebot_101_4.txt,"[ 3539.911952] [AOA] Measurement: 0,1619024697.782764,48:8f:5a:df:02:3b,2,1,2,0,128,163,80,849,950,87,10,252,746,533,54,736,995,550,604,976,259,739,689,921,519,257,881,393,864,639,998,769,1016,934,506,594,322,51,36,48,46,18,42,34,24,11,17,12,19,6,20,13,2,50,35,35,26,14,33,9,28,31,29,16,24,31,29,47,29"
152,turtlebot,dataset_original,csi_dog_dataset/turtlebot/txt/csi_turtlebot_101_5.txt,"[ 3540.970311] [AOA] Measurement: 0,1619024698.841125,48:8f:5a:df:02:3b,2,1,2,0,128,668,961,852,917,34,1000,266,756,555,1019,755,1022,566,641,947,198,741,771,458,699,241,890,415,835,639,991,789,44,917,497,77,816,44,32,43,40,15,35,29,20,10,14,9,16,8,17,12,3,44,31,31,21,12,29,7,23,27,23,14,22,27,25,41,25"
153,turtlebot,dataset_original,csi_dog_dataset/turtlebot/txt/csi_turtlebot_101_6.txt,"[ 3542.011359] [AOA] Measurement: 0,1619024699.882171,48:8f:5a:df:02:3b,2,1,2,0,128,231,103,830,949,88,3,239,775,924,774,757,988,600,592,473,82,722,716,451,693,251,827,371,828,702,38,711,1003,943,483,3,795,51,35,49,46,19,41,34,25,10,17,11,20,7,20,13,2,52,37,36,27,15,34,9,28,31,28,16,24,34,30,48,29"
154,turtlebot,dataset_original,csi_dog_dataset/turtlebot/txt/csi_turtlebot_101_7.txt,"[ 3543.071207] [AOA] Measurement: 0,1619024700.942018,48:8f:5a:df:02:3b,2,1,2,0,128,255,151,830,917,56,1005,280,799,949,808,820,1018,565,622,997,269,750,720,909,491,308,898,451,858,621,1001,182,792,964,511,149,859,50,35,49,47,17,40,36,23,12,17,11,18,8,19,14,3,51,34,37,26,14,34,9,29,31,28,17,24,32,30,48,29"
155,turtlebot,dataset_original,csi_dog_dataset/turtlebot/txt/csi_turtlebot_101_8.txt,"[ 3544.121524] [AOA] Measurement: 0,1619024701.992338,48:8f:5a:df:02:3b,2,1,2,0,128,201,124,872,954,136,50,245,763,498,995,683,976,652,728,931,179,765,743,543,716,279,898,417,821,651,1006,814,51,884,461,37,768,50,34,50,46,18,40,34,23,12,16,11,18,6,21,15,4,52,34,35,24,15,34,9,27,33,27,16,26,31,29,49,30"
156,turtlebot,dataset_original,csi_dog_dataset/turtlebot/txt/csi_turtlebot_102.txt,"[ 4085.091868] [AOA] Measurement: 0,1619025242.962678,48:8f:5a:df:02:3b,2,1,2,0,128,379,215,26,967,1004,998,448,729,983,123,798,7,812,992,87,333,972,66,691,953,666,109,645,975,870,137,906,122,220,791,306,986,45,52,50,46,50,52,33,33,35,37,49,60,56,45,58,41,38,50,42,49,45,39,58,33,44,34,43,27,43,56,55,39"
157,turtlebot,dataset_original,csi_dog_dataset/turtlebot/txt/csi_turtlebot_103.txt,"[ 4086.141585] [AOA] Measurement: 0,1619025244.012394,48:8f:5a:df:02:3b,2,1,2,0,128,344,183,8,1014,1,1023,414,703,973,123,849,89,803,946,56,313,3,76,651,943,551,22,706,999,862,125,277,844,229,796,74,733,47,55,49,44,50,51,32,33,36,37,51,59,56,45,56,41,40,49,41,48,46,40,58,33,45,33,43,27,42,56,56,40"
158,turtlebot,dataset_original,csi_dog_dataset/turtlebot/txt/csi_turtlebot_104.txt,"[ 4087.210128] [AOA] Measurement: 0,1619025245.080938,48:8f:5a:df:02:3b,2,1,2,0,128,421,219,8,1014,1015,996,395,711,923,80,785,1006,817,979,64,283,13,100,595,881,672,105,664,948,917,152,920,56,129,739,204,924,46,52,48,43,49,51,31,33,36,36,48,59,58,46,57,43,39,47,40,49,46,43,55,34,45,33,43,27,44,58,59,40"
159,turtlebot,dataset_original,csi_dog_dataset/turtlebot/txt/csi_turtlebot_105.txt,"[ 4088.268272] [AOA] Measurement: 0,1619025246.139084,48:8f:5a:df:02:3b,2,1,2,0,128,368,193,405,748,1022,13,417,731,885,39,710,976,298,792,88,330,949,46,558,823,608,31,677,971,866,134,853,63,186,810,208,904,46,55,49,46,49,50,31,33,35,36,50,60,54,43,54,39,38,48,39,46,45,38,56,32,41,32,41,28,39,54,53,35"
160,turtlebot,dataset_original,csi_dog_dataset/turtlebot/txt/csi_turtlebot_106.txt,"[ 4089.330670] [AOA] Measurement: 0,1619025247.201479,48:8f:5a:df:02:3b,2,1,2,0,128,368,205,967,944,1000,986,417,741,919,52,872,36,802,983,122,334,13,153,608,962,566,65,682,977,903,122,782,1,276,859,1014,636,47,53,49,45,51,51,32,32,37,38,50,59,57,46,57,41,38,50,41,47,45,40,58,34,46,33,43,27,44,56,56,38"
161,nothing,Pruebas,Pruebas/csi_dog_dataset/nothing/txt/csi_nothing_1042.txt,"[  178.740978] [AOA] Measurement: 0,1619021338.125495,48:8f:5a:df:02:3b,2,1,2,0,128,221,1009,853,871,916,980,375,520,1016,123,932,54,740,952,120,369,810,970,426,845,631,43,597,968,17,176,969,44,308,885,477,72,69,56,62,53,56,57,64,32,50,65,60,61,41,52,50,51,50,59,56,50,62,50,57,52,59,40,56,45,59,55,57,50"
162,nothing,Pruebas,Pruebas/csi_dog_dataset/nothing/txt/csi_nothing_1043.txt,"[  179.799453] [AOA] Measurement: 0,1619021339.183970,48:8f:5a:df:02:3b,2,1,2,0,128,222,8,236,666,910,957,866,331,1013,113,899,42,807,953,64,351,909,1018,465,852,655,23,601,940,1004,161,922,18,265,882,359,1006,70,63,66,61,67,64,70,43,64,66,66,71,61,69,65,64,70,66,73,61,74,62,73,71,70,65,71,63,76,75,71,64"
163,nothing,Pruebas,Pruebas/csi_dog_dataset/nothing/txt/csi_nothing_1044.txt,"[  180.857763] [AOA] Measurement: 0,1619021340.242286,48:8f:5a:df:02:3b,2,1,2,0,128,202,2,886,899,903,979,478,574,923,96,930,39,816,983,58,346,891,1023,431,836,664,16,603,963,958,130,965,17,249,826,746,405,60,55,56,51,60,59,61,40,58,58,57,63,56,62,61,57,68,56,65,56,66,57,69,67,65,65,67,61,72,72,68,63"
164,nothing,Pruebas,Pruebas/csi_dog_dataset/nothing/txt/csi_nothing_1045.txt,"[  181.900732] [AOA] Measurement: 0,1619021341.285249,48:8f:5a:df:02:3b,2,1,2,0,128,247,40,787,851,941,1006,381,577,1001,128,901,4,799,974,128,414,845,991,515,893,652,1021,613,949,1004,173,973,49,212,833,396,1012,61,55,59,54,61,62,63,40,61,58,61,65,60,61,64,60,70,59,68,55,68,58,71,68,66,67,69,61,72,72,70,65"
165,nothing,Pruebas,Pruebas/csi_dog_dataset/nothing/txt/csi_nothing_1046.txt,"[  182.950565] [AOA] Measurement: 0,1619021342.335085,48:8f:5a:df:02:3b,2,1,2,0,128,274,27,840,870,903,984,425,516,42,160,967,83,796,952,96,358,916,27,514,865,597,16,605,949,994,169,966,48,233,848,429,62,70,63,66,61,66,66,68,43,64,66,65,69,60,69,66,62,72,65,73,62,73,61,73,70,70,66,73,63,75,74,73,65"
166,nothing,Pruebas,Pruebas/csi_dog_dataset/nothing/txt/csi_nothing_1047.txt,"[  184.018371] [AOA] Measurement: 0,1619021343.402889,48:8f:5a:df:02:3b,2,1,2,0,128,189,36,768,817,979,54,330,502,7,120,970,34,770,973,79,338,917,40,476,875,611,50,623,949,1002,151,916,38,288,871,510,72,68,53,59,51,54,56,62,29,50,62,60,59,36,49,49,48,46,59,48,46,57,46,54,47,54,34,51,38,53,49,53,45"
167,nothing,Pruebas,Pruebas/csi_dog_dataset/nothing/txt/csi_nothing_1048.txt,"[  185.068084] [AOA] Measurement: 0,1619021344.452606,48:8f:5a:df:02:3b,2,1,2,0,128,239,1023,769,869,954,0,355,529,23,124,910,38,778,957,106,396,899,1012,435,838,605,1004,654,966,975,114,1012,77,266,854,849,455,64,57,61,56,63,61,65,42,61,61,61,65,59,64,63,61,72,60,69,57,70,61,71,69,66,66,69,63,74,75,71,63"
168,nothing,Pruebas,Pruebas/csi_dog_dataset/nothing/txt/csi_nothing_1049.txt,"[  186.120201] [AOA] Measurement: 0,1619021345.504719,48:8f:5a:df:02:3b,2,1,2,0,128,644,815,785,868,922,1014,391,472,994,100,907,10,771,931,54,347,885,2,423,809,597,1000,668,986,944,130,923,1016,251,821,964,554,63,56,60,56,62,63,65,42,62,63,62,67,59,65,65,60,71,60,70,59,71,60,72,69,66,65,67,63,72,73,70,64"
169,nothing,Pruebas,Pruebas/csi_dog_dataset/nothing/txt/csi_nothing_1050.txt,"[  187.179826] [AOA] Measurement: 0,1619021346.564344,48:8f:5a:df:02:3b,2,1,2,0,128,312,72,832,870,932,1006,402,558,56,150,912,11,787,974,30,381,891,1017,487,896,543,7,650,963,1020,179,992,82,200,837,147,765,66,60,63,58,65,64,67,42,63,62,64,66,60,65,64,60,71,62,71,59,69,62,72,68,68,66,69,63,73,74,70,64"
170,nothing,Pruebas,Pruebas/csi_dog_dataset/nothing/txt/csi_nothing_1051.txt,"[  188.239314] [AOA] Measurement: 0,1619021347.623831,48:8f:5a:df:02:3b,2,1,2,0,128,208,34,785,818,958,5,393,541,60,168,914,28,799,994,166,405,913,5,465,869,589,984,592,925,22,186,930,11,195,825,29,670,66,61,62,57,66,65,68,42,63,64,65,68,60,67,63,61,71,61,72,59,70,60,73,69,66,66,69,63,73,74,71,65"
171,nothing,Pruebas,Pruebas/csi_dog_dataset/nothing/txt/csi_nothing_1052.txt,"[  189.309234] [AOA] Measurement: 0,1619021348.693752,48:8f:5a:df:02:3b,2,1,2,0,128,188,995,776,809,930,988,436,509,436,930,873,1017,779,942,109,354,920,29,429,821,649,10,651,1000,981,147,996,63,257,845,876,462,61,55,59,55,62,61,63,41,62,62,62,64,58,62,62,60,69,60,68,57,67,59,70,67,67,66,67,62,72,73,69,63"
172,nothing,Pruebas,Pruebas/csi_dog_dataset/nothing/txt/csi_nothing_1053.txt,"[  190.360607] [AOA] Measurement: 0,1619021349.745124,48:8f:5a:df:02:3b,2,1,2,0,128,215,1009,821,856,880,956,875,318,1006,117,894,21,798,981,34,296,933,17,425,815,596,4,560,936,982,173,1012,68,227,852,192,896,60,54,58,53,59,61,62,40,59,57,60,61,59,61,62,58,70,57,67,55,68,59,71,66,64,66,66,60,71,73,68,63"
173,nothing,Pruebas,Pruebas/csi_dog_dataset/nothing/txt/csi_nothing_1054.txt,"[  191.429221] [AOA] Measurement: 0,1619021350.813738,48:8f:5a:df:02:3b,2,1,2,0,128,153,980,267,701,439,820,405,560,1001,98,853,1023,841,976,75,374,838,1020,419,809,636,8,614,949,970,152,983,28,286,870,766,387,66,58,62,57,63,63,65,41,63,61,62,67,60,66,63,59,71,59,69,60,69,59,71,68,67,66,68,62,72,74,70,64"
174,nothing,Pruebas,Pruebas/csi_dog_dataset/nothing/txt/csi_nothing_1055.txt,"[  192.489908] [AOA] Measurement: 0,1619021351.874426,48:8f:5a:df:02:3b,2,1,2,0,128,288,49,862,909,914,995,384,580,992,109,913,6,803,962,102,402,887,1013,474,848,637,10,627,968,20,175,12,109,252,893,256,821,70,63,67,63,68,66,69,42,64,67,67,70,61,67,64,63,71,64,71,62,72,59,74,70,70,65,70,63,74,74,71,65"
175,nothing,Pruebas,Pruebas/csi_dog_dataset/nothing/txt/csi_nothing_1056.txt,"[  193.541434] [AOA] Measurement: 0,1619021352.925953,48:8f:5a:df:02:3b,2,1,2,0,128,231,29,813,854,964,994,331,552,984,81,926,22,785,980,61,370,923,1018,440,840,584,3,607,943,40,203,937,21,286,876,410,1007,64,59,62,56,61,63,67,42,62,62,62,65,60,65,63,59,70,60,71,58,69,60,72,69,68,67,66,61,72,74,69,61"
176,nothing,Pruebas,Pruebas/csi_dog_dataset/nothing/txt/csi_nothing_1057.txt,"[  194.590787] [AOA] Measurement: 0,1619021353.975305,48:8f:5a:df:02:3b,2,1,2,0,128,707,838,290,670,409,827,404,571,1020,89,890,1015,815,955,100,361,841,992,467,879,687,59,649,980,978,127,971,49,250,815,112,782,71,59,65,57,60,61,67,35,55,66,65,66,46,59,55,55,56,63,59,54,65,53,61,58,61,46,60,50,64,59,61,53"
177,nothing,Pruebas,Pruebas/csi_dog_dataset/nothing/txt/csi_nothing_1058.txt,"[  195.650083] [AOA] Measurement: 0,1619021355.034600,48:8f:5a:df:02:3b,2,1,2,0,128,211,22,800,806,971,3,346,530,8,139,867,996,851,1023,114,363,887,26,436,846,586,1015,559,937,1000,157,958,52,280,853,977,539,58,52,55,51,58,57,61,39,56,56,57,61,56,61,61,54,69,56,65,54,65,56,69,65,64,65,64,60,70,73,69,62"
178,nothing,Pruebas,Pruebas/csi_dog_dataset/nothing/txt/csi_nothing_1059.txt,"[  196.700977] [AOA] Measurement: 0,1619021356.085495,48:8f:5a:df:02:3b,2,1,2,0,128,238,33,789,852,423,826,364,513,480,944,940,56,770,950,175,424,872,27,413,795,602,1022,591,966,1000,162,965,73,247,809,956,614,59,54,55,50,58,59,62,38,56,56,56,60,56,59,60,54,68,54,64,51,63,56,67,64,61,64,63,59,65,67,64,58"
179,nothing,Pruebas,Pruebas/csi_dog_dataset/nothing/txt/csi_nothing_1060.txt,"[  197.759910] [AOA] Measurement: 0,1619021357.144427,48:8f:5a:df:02:3b,2,1,2,0,128,708,844,874,877,902,1013,357,540,1004,120,898,36,837,996,94,410,957,36,452,904,542,978,626,924,21,175,935,14,745,684,466,167,67,54,60,52,55,57,61,29,49,61,60,60,37,51,49,47,46,59,50,47,58,48,53,48,53,36,50,39,54,51,52,44"
180,nothing,Pruebas,Pruebas/csi_dog_dataset/nothing/txt/csi_nothing_1061.txt,"[  198.819545] [AOA] Measurement: 0,1619021358.204062,48:8f:5a:df:02:3b,2,1,2,0,128,195,1009,825,884,337,778,885,383,1023,135,915,24,841,1010,84,344,981,70,438,869,602,14,652,975,968,129,955,51,266,865,182,920,64,57,61,56,64,62,63,40,60,61,61,66,57,65,63,60,72,62,69,59,69,59,72,69,67,65,67,61,73,73,71,62"
181,nothing,Pruebas,Pruebas/csi_dog_dataset/nothing/txt/csi_nothing_1062.txt,"[  199.870622] [AOA] Measurement: 0,1619021359.255138,48:8f:5a:df:02:3b,2,1,2,0,128,264,1,806,835,426,860,337,501,1017,83,907,21,209,764,92,385,932,38,470,845,608,1018,631,933,981,147,904,19,263,856,454,0,69,56,61,54,58,58,62,32,52,65,61,63,41,54,53,49,49,58,54,50,60,51,56,50,58,40,54,43,60,56,56,49"
182,nothing,dataset_original,csi_dog_dataset/nothing/txt/csi_nothing_1.txt,"[ 5330.440199] [AOA] Measurement: 0,1619026488.310997,48:8f:5a:df:02:3b,2,1,2,0,128,215,13,812,791,975,1013,370,541,1017,112,871,1022,834,952,103,393,841,996,500,858,638,25,593,952,947,135,976,51,223,821,966,537,59,52,60,53,57,57,60,37,57,58,58,61,56,60,59,55,66,55,65,55,64,54,67,63,61,60,63,57,66,69,64,57"
183,nothing,dataset_original,csi_dog_dataset/nothing/txt/csi_nothing_10.txt,"[ 5339.921244] [AOA] Measurement: 0,1619026497.792042,48:8f:5a:df:02:3b,2,1,2,0,128,230,21,291,700,443,817,378,545,969,80,892,19,856,1018,104,385,905,1019,456,847,601,9,610,917,997,189,897,32,262,832,383,125,63,57,60,55,60,59,63,38,58,60,60,64,56,62,59,56,64,56,65,56,66,55,67,63,63,61,63,57,67,69,65,60"
184,nothing,dataset_original,csi_dog_dataset/nothing/txt/csi_nothing_100.txt,"[ 5796.671593] [AOA] Measurement: 0,1619026954.542386,48:8f:5a:df:02:3b,2,1,2,0,128,219,25,805,889,966,997,395,555,1001,77,908,1006,829,1017,86,405,923,11,409,851,598,7,617,939,1004,176,954,33,201,798,133,831,66,54,57,49,49,55,58,26,48,61,57,57,34,50,48,47,46,58,50,48,60,48,55,47,56,36,52,43,58,54,57,48"
185,nothing,dataset_original,csi_dog_dataset/nothing/txt/csi_nothing_1000.txt,"[ 7490.270730] [AOA] Measurement: 0,1619028648.141509,48:8f:5a:df:02:3b,2,1,2,0,128,237,20,810,826,953,1015,298,464,0,90,919,37,812,994,28,293,870,12,488,875,552,965,618,964,0,190,872,5,298,863,767,458,76,72,66,71,61,70,66,45,62,70,68,68,45,58,63,64,56,72,57,59,62,56,63,58,68,51,63,51,63,52,59,60"
186,nothing,dataset_original,csi_dog_dataset/nothing/txt/csi_nothing_101.txt,"[ 5797.721399] [AOA] Measurement: 0,1619026955.592193,48:8f:5a:df:02:3b,2,1,2,0,128,271,19,794,811,932,977,364,486,3,118,859,1015,828,964,147,355,823,952,378,772,575,979,599,959,984,161,920,22,230,839,702,347,59,52,58,52,59,59,62,37,58,58,57,62,55,60,62,56,68,53,63,54,64,58,67,65,61,64,64,59,68,71,67,59"
187,nothing,dataset_original,csi_dog_dataset/nothing/txt/csi_nothing_102.txt,"[ 5798.771393] [AOA] Measurement: 0,1619026956.642188,48:8f:5a:df:02:3b,2,1,2,0,128,242,26,887,883,954,997,322,515,1011,114,923,38,814,983,39,341,952,56,436,833,630,19,585,918,996,141,960,46,215,823,133,809,75,65,71,64,69,67,71,44,64,70,70,73,62,70,68,65,72,67,75,65,76,63,76,73,71,67,73,65,77,78,74,65"
188,nothing,dataset_original,csi_dog_dataset/nothing/txt/csi_nothing_103.txt,"[ 5799.820331] [AOA] Measurement: 0,1619026957.691124,48:8f:5a:df:02:3b,2,1,2,0,128,171,984,850,913,925,1001,401,582,7,117,938,36,850,1022,159,421,897,33,461,860,612,52,638,935,1006,177,998,79,230,844,119,860,65,59,65,59,65,64,67,42,62,65,63,68,60,66,64,60,74,62,72,62,71,62,73,70,70,68,70,64,75,76,73,67"
189,nothing,dataset_original,csi_dog_dataset/nothing/txt/csi_nothing_104.txt,"[ 5800.861601] [AOA] Measurement: 0,1619026958.732397,48:8f:5a:df:02:3b,2,1,2,0,128,218,52,787,876,925,988,373,549,15,159,902,7,771,976,149,429,841,990,893,639,667,38,587,947,1008,214,990,62,248,861,574,258,76,65,71,64,68,69,74,45,65,71,68,73,62,71,67,66,72,67,74,65,75,63,76,71,73,64,73,64,77,77,74,67"
190,nothing,dataset_original,csi_dog_dataset/nothing/txt/csi_nothing_105.txt,"[ 5801.910357] [AOA] Measurement: 0,1619026959.781152,48:8f:5a:df:02:3b,2,1,2,0,128,161,989,833,898,938,1015,376,564,33,151,840,990,854,1018,72,379,868,1020,489,902,677,29,601,964,5,208,940,34,712,639,626,265,63,58,62,57,63,62,65,41,61,62,64,67,59,65,65,59,71,58,70,58,69,60,73,68,69,67,70,62,72,75,72,65"
191,nothing,dataset_original,csi_dog_dataset/nothing/txt/csi_nothing_106.txt,"[ 5802.951789] [AOA] Measurement: 0,1619026960.822581,48:8f:5a:df:02:3b,2,1,2,0,128,237,16,776,805,423,826,484,593,928,59,918,27,855,991,85,367,880,1006,457,880,556,1011,608,961,966,103,428,896,256,840,291,3,67,62,64,61,66,66,67,43,64,67,65,70,61,67,66,61,74,65,73,63,72,61,75,72,71,68,72,65,75,77,74,68"
192,nothing,dataset_original,csi_dog_dataset/nothing/txt/csi_nothing_107.txt,"[ 5804.001746] [AOA] Measurement: 0,1619026961.872538,48:8f:5a:df:02:3b,2,1,2,0,128,217,21,708,801,382,774,401,563,64,129,867,1009,839,1013,56,352,894,12,424,809,696,24,607,950,1007,158,918,9,224,818,670,366,68,61,64,60,65,65,70,43,63,67,66,70,61,66,66,62,73,63,72,63,72,59,76,70,70,69,72,65,75,74,75,66"
193,nothing,dataset_original,csi_dog_dataset/nothing/txt/csi_nothing_108.txt,"[ 5805.051271] [AOA] Measurement: 0,1619026962.922066,48:8f:5a:df:02:3b,2,1,2,0,128,236,21,808,817,931,999,383,519,1014,103,957,62,824,990,97,357,902,1,469,806,631,45,583,926,984,176,952,38,339,918,527,133,69,61,66,61,65,65,67,43,64,64,66,69,61,67,66,62,72,60,73,62,72,62,74,71,70,67,70,63,73,75,71,66"
194,nothing,dataset_original,csi_dog_dataset/nothing/txt/csi_nothing_109.txt,"[ 5806.100572] [AOA] Measurement: 0,1619026963.971366,48:8f:5a:df:02:3b,2,1,2,0,128,250,35,781,865,968,988,416,580,1001,118,919,39,815,979,85,379,880,6,515,876,611,0,673,1000,5,175,970,33,338,907,932,441,61,56,61,56,63,62,64,41,60,61,61,66,59,62,62,57,70,58,69,59,67,59,72,68,66,66,64,61,73,73,70,64"
195,nothing,dataset_original,csi_dog_dataset/nothing/txt/csi_nothing_11.txt,"[ 5340.971645] [AOA] Measurement: 0,1619026498.842444,48:8f:5a:df:02:3b,2,1,2,0,128,206,1019,796,846,902,990,435,518,7,98,844,1016,829,941,105,374,868,6,445,846,630,14,673,991,985,154,951,46,291,890,742,246,60,52,58,54,59,57,61,36,56,57,59,61,55,59,57,55,64,56,64,56,65,54,68,63,62,61,64,57,67,68,67,58"
196,nothing,dataset_original,csi_dog_dataset/nothing/txt/csi_nothing_110.txt,"[ 5807.141325] [AOA] Measurement: 0,1619026965.012118,48:8f:5a:df:02:3b,2,1,2,0,128,233,10,833,862,907,1001,365,538,34,95,853,6,785,971,123,407,906,12,428,856,571,1016,632,971,13,181,958,50,285,880,55,657,70,64,68,62,68,68,70,43,65,68,68,71,62,68,68,64,75,64,74,64,73,63,76,72,72,69,70,65,74,76,75,68"
197,nothing,dataset_original,csi_dog_dataset/nothing/txt/csi_nothing_111.txt,"[ 5808.181526] [AOA] Measurement: 0,1619026966.052321,48:8f:5a:df:02:3b,2,1,2,0,128,127,983,879,942,955,0,390,576,1009,140,973,95,770,975,67,371,938,46,392,813,655,47,571,936,999,162,990,73,252,833,234,883,71,61,69,62,66,67,72,42,65,67,67,71,62,70,67,65,71,66,75,65,76,63,76,71,72,66,72,64,77,76,75,66"
198,nothing,dataset_original,csi_dog_dataset/nothing/txt/csi_nothing_112.txt,"[ 5809.231742] [AOA] Measurement: 0,1619026967.102535,48:8f:5a:df:02:3b,2,1,2,0,128,272,60,825,878,992,2,418,610,10,173,843,991,829,981,87,367,866,1,445,884,642,17,626,969,1004,191,901,9,236,849,930,572,63,57,61,55,62,62,64,40,59,61,61,66,59,63,61,57,70,57,68,58,67,59,72,67,68,67,68,61,72,73,72,65"
199,nothing,dataset_original,csi_dog_dataset/nothing/txt/csi_nothing_113.txt,"[ 5810.290325] [AOA] Measurement: 0,1619026968.161120,48:8f:5a:df:02:3b,2,1,2,0,128,251,10,816,850,407,827,373,530,997,89,931,48,764,955,55,313,908,1004,539,883,623,6,615,944,351,924,1006,79,238,854,24,635,68,62,66,63,68,67,69,44,65,67,68,69,63,68,67,63,73,64,74,63,74,61,76,72,70,67,71,65,76,76,72,67"
200,nothing,dataset_original,csi_dog_dataset/nothing/txt/csi_nothing_114.txt,"[ 5811.331785] [AOA] Measurement: 0,1619026969.202577,48:8f:5a:df:02:3b,2,1,2,0,128,233,31,910,944,934,1013,331,558,10,180,892,13,869,1021,73,367,866,11,409,813,652,3,582,920,988,177,1001,87,238,839,192,819,68,59,64,61,64,66,68,43,65,65,67,69,62,68,65,63,74,62,71,62,70,61,75,70,69,68,71,63,75,76,73,67"
201,person_1,dataset_original,csi_dog_dataset/person_1/txt/csi_person_1_122.txt,"[24091.011559] [AOA] Measurement: 0,1619045250.395870,48:8f:5a:df:02:3b,2,1,2,0,128,497,387,111,47,959,1022,496,920,524,855,274,980,651,553,876,22,201,720,753,133,754,148,906,1,418,842,406,84,88,511,458,896,66,44,49,67,66,66,67,63,62,68,50,68,67,68,69,66,57,60,57,63,69,67,65,68,68,69,68,68,69,67,70,68"
202,person_1,dataset_original,csi_dog_dataset/person_1/txt/csi_person_1_123.txt,"[24092.082399] [AOA] Measurement: 0,1619045251.466712,48:8f:5a:df:02:3b,2,1,2,0,128,525,514,183,80,11,10,818,621,730,92,516,200,982,919,240,361,195,305,984,723,141,542,331,321,783,155,729,478,536,954,611,35,83,118,116,74,60,45,72,42,112,106,101,100,106,111,105,83,69,77,119,23,65,62,36,68,111,98,107,91,98,92,83,93"
203,person_1,dataset_original,csi_dog_dataset/person_1/txt/csi_person_1_124.txt,"[24093.132004] [AOA] Measurement: 0,1619045252.516318,48:8f:5a:df:02:3b,2,1,2,0,128,161,73,876,188,60,1006,466,143,418,809,322,1012,80,365,948,33,851,1022,622,688,803,188,339,7,428,856,403,90,108,564,219,742,28,57,53,19,31,47,61,76,87,108,94,113,99,101,105,113,67,81,80,71,53,53,71,59,104,112,112,116,115,117,127,119"
204,person_1,dataset_original,csi_dog_dataset/person_1/txt/csi_person_1_125.txt,"[24094.190967] [AOA] Measurement: 0,1619045253.575279,48:8f:5a:df:02:3b,2,1,2,0,128,287,67,956,1001,973,994,430,995,394,777,282,963,563,545,902,2,964,1001,634,58,749,136,1008,1021,378,820,379,42,139,496,592,1014,77,64,59,72,61,82,87,65,102,111,103,112,100,105,110,108,80,47,81,41,92,79,74,94,111,116,110,113,113,116,117,112"
205,person_1,dataset_original,csi_dog_dataset/person_1/txt/csi_person_1_126.txt,"[24095.241535] [AOA] Measurement: 0,1619045254.625847,48:8f:5a:df:02:3b,2,1,2,0,128,600,669,381,108,920,966,524,934,269,629,986,902,599,523,836,980,413,772,113,257,792,162,31,58,59,714,108,106,997,395,533,1015,52,46,45,69,72,73,61,75,36,57,50,74,74,72,74,64,44,77,63,73,71,74,71,69,55,51,73,71,63,55,75,49"
206,person_1,dataset_original,csi_dog_dataset/person_1/txt/csi_person_1_127.txt,"[24096.309559] [AOA] Measurement: 0,1619045255.693872,48:8f:5a:df:02:3b,2,1,2,0,128,645,609,365,129,1021,5,331,892,910,311,823,501,172,74,418,612,336,642,107,261,655,1014,6,944,1014,423,912,658,668,33,91,558,67,69,72,69,61,63,30,67,65,64,70,52,22,57,48,41,60,68,72,62,25,47,45,20,73,61,76,46,67,61,56,66"
207,person_1,dataset_original,csi_dog_dataset/person_1/txt/csi_person_1_128.txt,"[24097.361480] [AOA] Measurement: 0,1619045256.745793,48:8f:5a:df:02:3b,2,1,2,0,128,978,819,661,201,22,995,264,991,134,536,26,747,829,100,681,881,746,961,462,640,502,1,425,755,214,661,185,875,884,224,633,171,44,70,55,22,64,65,49,75,70,88,79,83,65,74,82,62,76,75,84,60,41,39,61,55,90,84,91,77,90,77,89,83"
208,person_1,dataset_original,csi_dog_dataset/person_1/txt/csi_person_1_129.txt,"[24098.420211] [AOA] Measurement: 0,1619045257.804523,48:8f:5a:df:02:3b,2,1,2,0,128,483,445,682,888,540,887,448,919,400,761,425,972,539,444,303,822,180,605,900,165,657,4,988,29,399,827,290,36,36,478,772,250,67,64,64,68,67,70,67,68,54,64,22,67,68,66,68,66,66,67,67,67,69,68,67,69,59,67,59,68,66,60,70,57"
209,person_1,dataset_original,csi_dog_dataset/person_1/txt/csi_person_1_13.txt,"[23975.851083] [AOA] Measurement: 0,1619045135.235395,48:8f:5a:df:02:3b,2,1,2,0,128,60,33,689,887,75,1019,413,746,39,18,818,33,890,26,216,460,334,656,94,412,327,825,223,894,656,2,718,117,979,465,523,204,2,11,2,19,47,37,14,35,6,25,24,26,47,35,49,34,20,35,18,19,4,23,17,25,55,16,21,35,28,25,58,19"
210,person_1,dataset_original,csi_dog_dataset/person_1/txt/csi_person_1_130.txt,"[24099.471557] [AOA] Measurement: 0,1619045258.855871,48:8f:5a:df:02:3b,2,1,2,0,128,643,614,183,87,919,974,488,956,393,757,406,951,539,521,836,20,244,729,964,230,677,67,944,33,386,845,306,65,12,465,590,150,67,63,65,68,69,70,66,68,53,62,23,66,68,66,67,66,46,66,62,59,66,67,61,68,56,64,55,66,65,54,70,58"
211,person_1,dataset_original,csi_dog_dataset/person_1/txt/csi_person_1_131.txt,"[24100.521296] [AOA] Measurement: 0,1619045259.905607,48:8f:5a:df:02:3b,2,1,2,0,128,368,219,78,65,1016,1021,425,924,386,735,191,899,621,545,898,5,14,874,668,146,676,62,917,978,424,846,303,38,94,491,67,471,70,27,41,71,73,77,73,72,71,81,72,81,76,79,79,79,62,27,55,51,74,73,63,76,77,83,81,81,79,79,83,79"
212,person_1,dataset_original,csi_dog_dataset/person_1/txt/csi_person_1_132.txt,"[24101.571245] [AOA] Measurement: 0,1619045260.955557,48:8f:5a:df:02:3b,2,1,2,0,128,174,976,874,9,6,25,314,941,172,550,125,843,427,351,753,907,868,977,485,781,551,85,820,920,247,663,274,971,998,341,863,349,39,53,46,38,54,66,60,70,84,95,90,90,78,91,86,96,60,76,67,19,64,57,21,59,94,105,96,99,92,100,100,100"
213,person_1,dataset_original,csi_dog_dataset/person_1/txt/csi_person_1_133.txt,"[24102.639234] [AOA] Measurement: 0,1619045262.023547,48:8f:5a:df:02:3b,2,1,2,0,128,995,823,687,148,50,51,379,988,180,552,58,742,459,396,711,875,729,943,353,605,914,978,337,894,195,610,166,885,919,239,624,44,52,79,67,14,63,72,53,69,90,105,100,104,92,101,105,93,85,99,102,64,5,49,13,27,110,107,112,104,107,94,111,94"
214,person_1,dataset_original,csi_dog_dataset/person_1/txt/csi_person_1_134.txt,"[24103.692021] [AOA] Measurement: 0,1619045263.076333,48:8f:5a:df:02:3b,2,1,2,0,128,74,856,718,33,1019,999,814,754,247,600,524,623,456,381,127,666,232,727,414,677,543,119,843,889,212,642,217,940,957,307,186,672,32,57,42,32,58,65,56,58,73,86,82,85,80,81,88,71,67,76,76,36,18,38,15,38,89,84,92,83,86,69,92,74"
215,person_1,dataset_original,csi_dog_dataset/person_1/txt/csi_person_1_135.txt,"[24104.750441] [AOA] Measurement: 0,1619045264.134754,48:8f:5a:df:02:3b,2,1,2,0,128,689,734,447,114,1,1004,330,914,220,560,923,706,902,96,767,941,638,848,267,394,713,135,937,941,205,646,124,923,835,187,314,714,38,57,42,58,64,65,48,67,44,66,59,65,63,62,68,48,38,68,63,34,29,53,20,41,69,66,72,62,72,51,75,53"
216,person_1,dataset_original,csi_dog_dataset/person_1/txt/csi_person_1_136.txt,"[24105.804428] [AOA] Measurement: 0,1619045265.188741,48:8f:5a:df:02:3b,2,1,2,0,128,6,412,977,1001,17,11,513,982,177,546,964,833,1010,223,775,894,489,820,209,328,776,74,16,1015,112,651,44,938,896,324,845,260,48,51,41,70,74,73,50,74,48,66,65,69,70,69,71,64,30,75,61,68,62,69,63,61,71,63,78,67,59,47,71,57"
217,person_1,dataset_original,csi_dog_dataset/person_1/txt/csi_person_1_137.txt,"[24106.867926] [AOA] Measurement: 0,1619045266.252241,48:8f:5a:df:02:3b,2,1,2,0,128,786,739,537,227,6,976,379,978,1023,432,935,653,394,271,602,743,623,833,283,465,929,130,222,50,108,556,26,809,857,190,51,523,74,94,91,70,80,81,34,86,87,94,100,97,75,84,93,67,90,102,103,87,38,61,60,17,109,96,112,84,103,92,107,94"
218,person_1,dataset_original,csi_dog_dataset/person_1/txt/csi_person_1_138.txt,"[24107.940269] [AOA] Measurement: 0,1619045267.324582,48:8f:5a:df:02:3b,2,1,2,0,128,729,679,543,195,9,983,303,917,476,195,1017,719,412,260,657,816,494,779,212,424,924,182,160,59,44,522,38,800,819,176,363,790,58,74,71,64,73,72,41,74,62,78,79,69,61,68,73,48,68,84,85,72,42,59,50,30,86,67,89,57,82,62,82,66"
219,person_1,dataset_original,csi_dog_dataset/person_1/txt/csi_person_1_139.txt,"[24108.991266] [AOA] Measurement: 0,1619045268.375581,48:8f:5a:df:02:3b,2,1,2,0,128,634,582,272,100,1003,1019,411,873,718,101,686,884,63,268,863,57,268,635,947,195,724,85,951,2,783,74,872,83,844,611,336,190,64,62,64,64,64,65,57,66,44,25,60,24,56,27,32,24,62,68,68,65,62,62,60,62,59,16,61,42,26,13,37,20"
220,person_1,dataset_original,csi_dog_dataset/person_1/txt/csi_person_1_14.txt,"[23976.910773] [AOA] Measurement: 0,1619045136.295086,48:8f:5a:df:02:3b,2,1,2,0,128,14,179,974,814,520,993,37,964,916,768,855,934,331,540,211,676,331,88,918,42,252,89,251,343,130,664,530,574,21,519,251,90,61,35,23,38,30,50,63,27,10,25,37,42,36,51,25,22,59,66,56,41,37,45,28,38,41,65,33,39,70,66,61,36"
221,person_1,dataset_original,csi_dog_dataset/person_1/txt/csi_person_1_140.txt,"[24110.050763] [AOA] Measurement: 0,1619045269.435074,48:8f:5a:df:02:3b,2,1,2,0,128,615,556,784,924,5,1005,849,667,826,130,743,934,405,260,183,933,362,682,1017,229,783,125,920,955,866,146,843,57,815,568,383,200,65,61,65,64,65,65,58,64,48,33,63,17,47,29,23,11,61,67,67,65,65,64,59,60,60,15,63,38,25,10,30,16"
222,person_1,dataset_original,csi_dog_dataset/person_1/txt/csi_person_1_141.txt,"[24111.111012] [AOA] Measurement: 0,1619045270.495322,48:8f:5a:df:02:3b,2,1,2,0,128,616,571,316,163,955,975,801,799,789,129,634,326,982,948,284,387,241,540,963,152,792,1011,803,101,817,157,796,470,498,900,212,661,100,108,108,79,67,61,12,61,113,115,114,110,96,105,112,96,103,109,116,76,40,37,55,58,117,112,117,102,107,102,109,108"
223,person_1,dataset_original,csi_dog_dataset/person_1/txt/csi_person_1_142.txt,"[24112.189592] [AOA] Measurement: 0,1619045271.573904,48:8f:5a:df:02:3b,2,1,2,0,128,506,423,669,927,427,809,992,747,429,782,381,971,3,305,338,857,170,626,929,206,709,72,897,1015,472,830,848,906,5,487,77,669,70,62,65,68,68,71,68,67,58,66,45,68,68,68,67,67,65,66,68,66,67,68,66,71,59,69,60,68,69,64,70,66"
224,person_1,dataset_original,csi_dog_dataset/person_1/txt/csi_person_1_143.txt,"[24113.242367] [AOA] Measurement: 0,1619045272.626679,48:8f:5a:df:02:3b,2,1,2,0,128,555,475,159,66,1018,1016,484,907,432,801,382,1004,592,560,966,69,110,563,845,161,777,110,891,22,420,843,374,58,59,497,1023,559,68,56,59,69,68,69,65,67,63,68,57,68,69,68,68,67,64,47,64,61,64,64,64,68,66,67,68,66,66,60,66,64"
225,person_1,dataset_original,csi_dog_dataset/person_1/txt/csi_person_1_144.txt,"[24114.298064] [AOA] Measurement: 0,1619045273.682380,48:8f:5a:df:02:3b,2,1,2,0,128,611,570,333,134,920,1023,434,781,833,162,659,318,32,1010,351,464,393,655,1015,196,812,40,26,242,870,204,805,485,468,891,834,368,108,115,115,84,76,47,24,64,118,119,119,116,91,112,116,91,110,114,123,94,64,39,57,51,122,116,123,94,114,105,116,111"
226,person_1,dataset_original,csi_dog_dataset/person_1/txt/csi_person_1_145.txt,"[24155.295539] [AOA] Measurement: 0,1619045314.679855,48:8f:5a:df:02:3b,2,1,2,0,128,614,791,189,961,677,1003,134,42,517,470,995,193,425,446,212,416,220,599,646,387,91,1000,562,612,833,883,546,720,685,86,622,207,17,6,11,13,20,31,12,29,9,13,1,31,13,6,12,13,14,24,35,8,14,5,20,9,7,24,32,14,14,26,7,16"
227,person_1,dataset_original,csi_dog_dataset/person_1/txt/csi_person_1_146.txt,"[24156.350107] [AOA] Measurement: 0,1619045315.734419,48:8f:5a:df:02:3b,2,1,2,0,128,904,47,160,995,986,1002,569,774,261,300,60,68,878,86,127,613,449,443,820,297,27,809,42,871,304,318,395,81,571,264,606,342,26,67,55,36,67,41,27,50,23,23,6,51,84,56,84,25,25,69,57,20,18,15,32,7,32,10,15,20,53,56,21,9"
228,person_1,dataset_original,csi_dog_dataset/person_1/txt/csi_person_1_147.txt,"[24157.413449] [AOA] Measurement: 0,1619045316.797760,48:8f:5a:df:02:3b,2,1,2,0,128,292,345,247,999,4,957,474,832,204,647,960,234,903,163,193,783,852,709,994,624,608,975,276,909,494,690,634,360,530,264,443,222,43,35,50,49,40,46,39,41,13,26,7,30,20,13,26,6,49,70,56,20,20,39,12,33,29,46,20,26,35,42,36,38"
229,person_1,dataset_original,csi_dog_dataset/person_1/txt/csi_person_1_148.txt,"[24158.479990] [AOA] Measurement: 0,1619045317.864302,48:8f:5a:df:02:3b,2,1,2,0,128,428,136,967,935,7,0,435,712,569,926,948,934,842,1023,24,461,230,428,780,222,873,1,971,919,350,73,109,979,255,106,466,78,28,36,27,34,47,46,40,32,40,50,25,65,71,61,76,46,36,39,34,42,23,16,36,17,18,32,7,50,33,6,51,20"
230,person_1,dataset_original,csi_dog_dataset/person_1/txt/csi_person_1_149.txt,"[24159.521682] [AOA] Measurement: 0,1619045318.905993,48:8f:5a:df:02:3b,2,1,2,0,128,349,98,957,896,1009,13,457,670,76,67,824,885,274,865,30,381,142,415,782,153,881,10,910,884,313,53,136,981,342,109,118,558,38,50,41,49,64,51,39,51,36,42,26,48,79,68,73,45,14,42,33,32,28,15,44,27,28,12,5,32,26,39,17,8"
231,person_1,dataset_original,csi_dog_dataset/person_1/txt/csi_person_1_15.txt,"[23977.961975] [AOA] Measurement: 0,1619045137.346289,48:8f:5a:df:02:3b,2,1,2,0,128,936,134,500,968,530,0,988,949,407,934,888,1004,301,505,239,751,272,112,857,11,311,122,231,298,203,711,488,524,5,517,705,523,67,31,28,34,32,54,66,31,12,23,37,44,37,53,28,27,69,62,61,43,38,45,23,44,44,72,30,43,66,57,58,42"
232,person_1,dataset_original,csi_dog_dataset/person_1/txt/csi_person_1_150.txt,"[24160.561861] [AOA] Measurement: 0,1619045319.946171,48:8f:5a:df:02:3b,2,1,2,0,128,689,769,743,803,443,810,413,543,948,987,767,798,658,906,935,234,982,258,880,9,745,63,848,997,214,907,171,662,813,980,204,554,37,47,34,41,63,57,49,45,48,57,29,35,66,72,59,64,18,17,14,27,40,14,47,26,17,29,1,13,25,14,8,20"
233,person_1,dataset_original,csi_dog_dataset/person_1/txt/csi_person_1_151.txt,"[24161.620307] [AOA] Measurement: 0,1619045321.004618,48:8f:5a:df:02:3b,2,1,2,0,128,349,63,866,881,949,943,474,641,1002,984,785,864,692,940,1002,310,991,244,699,4,709,979,730,884,150,29,920,987,267,110,848,432,34,32,26,33,45,50,42,29,32,45,26,39,45,41,49,36,19,29,22,7,19,17,16,22,15,25,10,18,22,20,26,18"
234,person_1,dataset_original,csi_dog_dataset/person_1/txt/csi_person_1_152.txt,"[24162.661361] [AOA] Measurement: 0,1619045322.045672,48:8f:5a:df:02:3b,2,1,2,0,128,304,31,806,885,967,980,390,542,946,967,232,593,726,924,979,244,956,133,913,1000,831,162,803,33,985,877,868,645,367,135,692,909,59,46,35,51,70,66,67,51,51,51,39,11,52,59,43,54,42,12,16,35,48,24,52,42,14,31,22,9,39,16,17,19"
235,person_1,dataset_original,csi_dog_dataset/person_1/txt/csi_person_1_153.txt,"[24163.721236] [AOA] Measurement: 0,1619045323.105546,48:8f:5a:df:02:3b,2,1,2,0,128,142,918,714,818,998,3,392,480,846,928,777,183,719,800,58,270,794,415,975,916,749,70,792,5,123,709,893,248,317,113,556,450,47,40,25,46,75,72,65,43,47,36,37,19,48,51,39,49,28,20,38,13,60,36,46,46,17,14,17,22,59,29,50,10"
236,person_1,dataset_original,csi_dog_dataset/person_1/txt/csi_person_1_154.txt,"[24164.761847] [AOA] Measurement: 0,1619045324.146158,48:8f:5a:df:02:3b,2,1,2,0,128,358,60,939,975,970,1009,397,624,551,908,851,909,132,710,956,286,475,957,635,20,801,13,851,955,1010,31,823,938,260,1020,896,450,40,37,37,41,48,47,40,36,42,46,27,47,48,37,51,35,29,42,26,18,11,13,27,21,13,33,12,17,25,11,31,28"
237,person_1,dataset_original,csi_dog_dataset/person_1/txt/csi_person_1_155.txt,"[24165.811681] [AOA] Measurement: 0,1619045325.195992,48:8f:5a:df:02:3b,2,1,2,0,128,290,122,848,893,9,1015,368,573,920,160,855,191,835,976,71,408,909,862,422,841,905,275,737,985,865,297,763,421,545,111,135,780,82,66,61,68,57,54,49,51,59,18,48,21,56,58,53,43,61,17,12,40,43,22,29,22,14,17,37,17,60,43,53,19"
238,person_1,dataset_original,csi_dog_dataset/person_1/txt/csi_person_1_156.txt,"[24166.861204] [AOA] Measurement: 0,1619045326.245515,48:8f:5a:df:02:3b,2,1,2,0,128,354,23,848,870,960,8,336,365,350,883,775,1016,745,899,939,253,62,275,756,989,244,32,753,51,868,97,798,982,314,874,686,218,65,40,51,25,57,43,50,48,83,83,70,19,78,81,67,71,36,27,48,32,82,44,61,51,46,81,40,6,77,51,77,47"
239,person_1,dataset_original,csi_dog_dataset/person_1/txt/csi_person_1_157.txt,"[24167.921539] [AOA] Measurement: 0,1619045327.305850,48:8f:5a:df:02:3b,2,1,2,0,128,886,30,591,774,983,984,531,611,493,53,403,928,872,1016,75,413,299,417,828,154,333,175,407,933,748,289,261,102,483,54,788,518,39,46,44,41,76,53,37,58,27,20,13,35,77,49,62,25,25,62,59,36,45,13,61,10,50,25,22,10,56,65,31,33"
240,person_1,dataset_original,csi_dog_dataset/person_1/txt/csi_person_1_158.txt,"[24168.971311] [AOA] Measurement: 0,1619045328.355622,48:8f:5a:df:02:3b,2,1,2,0,128,257,969,858,829,959,8,404,482,808,905,266,24,718,837,26,265,825,308,790,837,738,63,692,997,85,619,857,233,361,157,826,741,40,26,12,37,69,67,59,32,34,24,29,25,55,48,41,36,17,24,41,18,61,43,41,44,16,14,17,33,64,37,54,17"
241,turtlebot,dataset_original,csi_dog_dataset/turtlebot/txt/csi_turtlebot_107.txt,"[ 4090.380737] [AOA] Measurement: 0,1619025248.251545,48:8f:5a:df:02:3b,2,1,2,0,128,381,186,989,940,1002,11,452,721,379,886,804,1022,796,930,92,339,974,72,596,891,618,66,713,1014,822,108,298,837,190,736,68,867,47,52,48,44,49,50,32,32,35,38,48,58,58,46,60,42,39,45,40,47,46,41,55,34,45,33,44,26,43,57,58,42"
242,turtlebot,dataset_original,csi_dog_dataset/turtlebot/txt/csi_turtlebot_108.txt,"[ 4091.431236] [AOA] Measurement: 0,1619025249.302044,48:8f:5a:df:02:3b,2,1,2,0,128,349,158,989,928,1004,11,417,739,935,42,820,44,811,970,68,316,6,141,622,908,557,1,631,923,878,126,832,42,227,822,111,716,47,53,50,43,48,49,29,30,32,35,50,60,53,42,55,36,35,51,39,46,44,37,56,31,41,31,41,29,36,52,51,36"
243,turtlebot,dataset_original,csi_dog_dataset/turtlebot/txt/csi_turtlebot_109.txt,"[ 4092.481530] [AOA] Measurement: 0,1619025250.352338,48:8f:5a:df:02:3b,2,1,2,0,128,361,204,950,958,973,996,471,721,369,902,827,52,854,998,108,340,1013,95,580,902,642,101,626,944,967,222,779,19,250,790,82,776,45,54,49,42,47,48,28,29,31,34,47,59,52,40,53,37,34,51,38,44,42,36,55,31,38,31,38,27,34,50,48,31"
244,turtlebot,dataset_original,csi_dog_dataset/turtlebot/txt/csi_turtlebot_11.txt,"[ 3989.131830] [AOA] Measurement: 0,1619025147.002639,48:8f:5a:df:02:3b,2,1,2,0,128,244,139,308,698,40,12,323,762,914,24,698,1021,805,873,26,398,788,679,623,878,766,905,745,869,781,49,808,25,39,597,370,183,31,34,31,33,28,42,32,21,17,36,26,41,27,7,30,18,20,6,18,9,10,16,20,18,33,35,27,24,16,26,30,19"
245,turtlebot,dataset_original,csi_dog_dataset/turtlebot/txt/csi_turtlebot_110.txt,"[ 4093.531564] [AOA] Measurement: 0,1619025251.402374,48:8f:5a:df:02:3b,2,1,2,0,128,364,191,947,909,997,1022,410,716,885,16,806,18,806,1001,23,314,1010,116,607,898,644,95,624,954,878,151,780,1020,231,798,26,697,46,55,49,43,49,50,30,31,34,35,50,59,52,41,53,38,37,51,39,46,43,37,57,33,41,31,42,28,37,53,52,34"
246,turtlebot,dataset_original,csi_dog_dataset/turtlebot/txt/csi_turtlebot_111.txt,"[ 4094.591043] [AOA] Measurement: 0,1619025252.461850,48:8f:5a:df:02:3b,2,1,2,0,128,864,53,13,966,980,996,437,744,887,66,727,1002,863,1015,53,319,463,940,655,937,660,54,624,929,883,131,923,115,248,795,713,388,46,55,50,45,51,49,32,31,34,36,48,60,55,43,56,40,38,50,39,47,44,40,57,33,43,32,43,27,41,55,55,37"
247,turtlebot,dataset_original,csi_dog_dataset/turtlebot/txt/csi_turtlebot_112.txt,"[ 4095.641956] [AOA] Measurement: 0,1619025253.512764,48:8f:5a:df:02:3b,2,1,2,0,128,365,176,1019,954,981,1010,417,698,891,5,868,57,843,963,73,327,1016,92,652,954,572,46,656,958,842,96,875,87,190,747,150,836,46,53,51,45,49,50,31,32,35,37,49,60,55,44,57,39,38,51,39,47,45,39,58,34,42,32,42,27,39,54,51,37"
248,turtlebot,dataset_original,csi_dog_dataset/turtlebot/txt/csi_turtlebot_113.txt,"[ 4096.691371] [AOA] Measurement: 0,1619025254.562179,48:8f:5a:df:02:3b,2,1,2,0,128,364,191,7,1006,964,985,925,553,934,94,842,63,777,944,81,339,45,117,589,907,621,81,674,974,949,200,863,26,227,799,435,102,44,51,48,45,49,50,33,34,35,38,50,59,57,46,59,43,39,46,40,49,45,40,58,35,45,33,43,26,43,56,57,41"
249,turtlebot,dataset_original,csi_dog_dataset/turtlebot/txt/csi_turtlebot_114.txt,"[ 4097.741675] [AOA] Measurement: 0,1619025255.612483,48:8f:5a:df:02:3b,2,1,2,0,128,908,58,995,954,1001,1010,434,702,985,111,788,25,811,968,126,332,5,90,559,929,679,94,679,986,854,103,866,69,248,799,758,388,42,46,43,39,44,47,28,30,36,35,45,51,55,42,54,43,38,41,36,46,42,38,53,31,45,32,41,23,45,54,58,41"
250,turtlebot,dataset_original,csi_dog_dataset/turtlebot/txt/csi_turtlebot_115.txt,"[ 4098.791094] [AOA] Measurement: 0,1619025256.661902,48:8f:5a:df:02:3b,2,1,2,0,128,423,210,979,932,994,1017,484,727,266,825,304,879,756,913,541,128,1022,101,629,949,657,87,667,977,864,127,267,867,246,817,131,726,48,53,49,45,50,52,31,33,35,37,50,60,56,46,58,42,41,49,40,49,45,41,56,34,45,34,45,27,42,58,56,38"
251,turtlebot,dataset_original,csi_dog_dataset/turtlebot/txt/csi_turtlebot_116.txt,"[ 4099.841456] [AOA] Measurement: 0,1619025257.712264,48:8f:5a:df:02:3b,2,1,2,0,128,315,177,878,911,34,1009,322,751,912,17,657,982,869,915,77,484,795,664,613,881,806,985,754,856,709,6,764,1013,188,733,515,143,33,32,31,35,26,42,34,21,14,33,26,38,25,8,27,15,24,6,17,10,6,17,17,21,35,31,27,26,15,26,32,21"
252,turtlebot,dataset_original,csi_dog_dataset/turtlebot/txt/csi_turtlebot_117.txt,"[ 4100.900301] [AOA] Measurement: 0,1619025258.771109,48:8f:5a:df:02:3b,2,1,2,0,128,215,131,852,919,40,15,284,746,944,12,703,7,820,863,962,411,768,482,635,913,686,989,829,921,680,958,832,19,218,694,945,699,34,31,32,34,22,36,35,20,9,24,22,29,22,7,24,13,27,6,15,10,2,17,12,20,35,24,27,24,14,23,28,18"
253,turtlebot,dataset_original,csi_dog_dataset/turtlebot/txt/csi_turtlebot_118.txt,"[ 4101.960885] [AOA] Measurement: 0,1619025259.831692,48:8f:5a:df:02:3b,2,1,2,0,128,268,141,291,721,461,795,356,759,335,816,108,778,870,886,1017,400,754,525,587,895,728,953,824,909,720,2,698,967,150,652,790,490,31,33,32,36,27,43,34,22,14,33,25,37,26,8,29,15,23,6,18,10,6,16,19,20,35,33,29,27,14,26,31,21"
254,turtlebot,dataset_original,csi_dog_dataset/turtlebot/txt/csi_turtlebot_119.txt,"[ 4103.020431] [AOA] Measurement: 0,1619025260.891238,48:8f:5a:df:02:3b,2,1,2,0,128,700,968,783,918,21,992,277,759,959,2,680,1004,877,934,10,462,782,552,632,960,829,2,810,917,770,16,797,11,215,757,890,600,35,29,29,34,22,36,35,18,7,24,21,29,23,8,24,13,27,8,16,9,1,17,12,21,34,24,26,24,13,21,29,18"
255,turtlebot,dataset_original,csi_dog_dataset/turtlebot/txt/csi_turtlebot_12.txt,"[ 3990.190216] [AOA] Measurement: 0,1619025148.061026,48:8f:5a:df:02:3b,2,1,2,0,128,815,988,878,876,956,982,809,565,830,1011,670,967,257,637,1018,388,753,797,1001,479,767,889,700,799,685,4,740,999,126,625,684,418,25,32,30,32,28,40,28,23,18,36,26,42,25,5,33,18,17,11,15,8,10,14,20,13,29,34,23,23,15,25,26,15"
256,turtlebot,dataset_original,csi_dog_dataset/turtlebot/txt/csi_turtlebot_120.txt,"[ 4104.090001] [AOA] Measurement: 0,1619025261.960809,48:8f:5a:df:02:3b,2,1,2,0,128,302,152,851,883,1021,1012,312,745,832,980,196,859,803,868,1006,379,802,768,602,821,687,818,813,904,731,8,737,22,137,668,164,817,28,33,33,34,28,43,30,23,18,36,25,41,25,6,31,15,18,9,16,8,10,16,20,16,31,35,26,25,14,24,29,18"
257,turtlebot,dataset_original,csi_dog_dataset/turtlebot/txt/csi_turtlebot_121.txt,"[ 4105.150837] [AOA] Measurement: 0,1619025263.021647,48:8f:5a:df:02:3b,2,1,2,0,128,261,156,766,868,15,1002,326,752,931,985,706,1,294,712,103,514,700,462,640,964,806,5,710,839,734,997,775,1010,163,652,759,621,35,33,32,35,26,43,36,22,12,30,24,35,25,9,26,16,25,5,18,9,7,17,15,21,35,31,29,25,15,25,32,20"
258,turtlebot,dataset_original,csi_dog_dataset/turtlebot/txt/csi_turtlebot_122.txt,"[ 4106.210358] [AOA] Measurement: 0,1619025264.081168,48:8f:5a:df:02:3b,2,1,2,0,128,306,140,962,929,76,56,404,716,905,50,814,36,756,988,131,391,990,98,588,895,680,94,619,962,947,196,861,23,202,770,212,842,45,54,49,44,49,50,31,31,34,35,48,60,54,42,54,37,37,51,40,46,43,38,57,33,41,31,41,27,38,53,51,34"
259,turtlebot,dataset_original,csi_dog_dataset/turtlebot/txt/csi_turtlebot_123.txt,"[ 4107.270380] [AOA] Measurement: 0,1619025265.141189,48:8f:5a:df:02:3b,2,1,2,0,128,407,198,1011,985,948,965,475,765,932,54,764,43,853,1019,49,306,989,101,675,927,588,63,676,979,853,103,844,52,187,759,167,896,47,55,51,44,50,52,31,33,35,37,50,59,56,45,58,41,38,48,40,49,45,40,57,34,44,33,44,28,42,57,54,38"
260,turtlebot,dataset_original,csi_dog_dataset/turtlebot/txt/csi_turtlebot_124.txt,"[ 4108.330433] [AOA] Measurement: 0,1619025266.201240,48:8f:5a:df:02:3b,2,1,2,0,128,291,159,927,912,992,1007,455,715,918,48,804,11,799,974,117,322,9,99,523,841,702,148,686,976,810,101,832,13,213,772,128,809,44,51,46,42,48,49,30,33,35,34,48,57,54,44,55,40,37,43,39,44,44,38,53,33,42,30,41,25,41,55,52,38"
261,turtlebot,dataset_original,csi_dog_dataset/turtlebot/txt/csi_turtlebot_125.txt,"[ 4109.390141] [AOA] Measurement: 0,1619025267.260949,48:8f:5a:df:02:3b,2,1,2,0,128,397,183,984,922,9,1002,410,707,873,53,837,46,785,975,80,331,1016,76,587,923,634,90,667,944,913,165,905,83,230,816,643,289,44,54,49,41,47,49,30,30,31,33,48,58,52,40,52,36,35,50,38,45,43,37,55,31,39,32,40,29,36,51,48,33"
262,turtlebot,dataset_original,csi_dog_dataset/turtlebot/txt/csi_turtlebot_126.txt,"[ 4110.450697] [AOA] Measurement: 0,1619025268.321505,48:8f:5a:df:02:3b,2,1,2,0,128,818,1012,1008,986,1017,1016,404,705,970,123,803,41,824,1013,88,349,0,69,660,925,612,80,668,956,848,147,906,66,230,810,201,904,46,53,50,43,49,49,31,31,34,37,49,60,54,43,55,38,37,50,40,47,43,38,56,33,41,33,42,28,38,55,50,36"
263,turtlebot,dataset_original,csi_dog_dataset/turtlebot/txt/csi_turtlebot_127.txt,"[ 4111.501736] [AOA] Measurement: 0,1619025269.372544,48:8f:5a:df:02:3b,2,1,2,0,128,833,1008,978,952,1011,992,458,744,900,28,764,1001,794,933,100,335,971,93,657,904,601,40,686,930,935,189,891,57,148,766,555,265,44,49,44,42,47,48,30,31,34,34,45,54,54,43,56,41,38,41,37,45,42,39,52,30,42,31,41,25,41,53,55,41"
264,turtlebot,dataset_original,csi_dog_dataset/turtlebot/txt/csi_turtlebot_128.txt,"[ 4112.551288] [AOA] Measurement: 0,1619025270.422096,48:8f:5a:df:02:3b,2,1,2,0,128,410,184,995,951,322,758,552,831,915,40,812,17,832,999,12,290,955,44,681,974,573,8,629,926,912,153,814,27,244,844,804,396,47,53,48,45,50,51,31,34,37,37,49,60,58,46,58,44,40,46,41,50,46,41,57,34,44,32,43,28,45,58,57,42"
265,turtlebot,dataset_original,csi_dog_dataset/turtlebot/txt/csi_turtlebot_129.txt,"[ 4113.601499] [AOA] Measurement: 0,1619025271.472310,48:8f:5a:df:02:3b,2,1,2,0,128,341,166,970,923,993,999,461,734,916,46,799,50,818,988,125,374,18,112,555,899,641,79,675,981,859,103,811,15,237,819,34,629,47,55,50,43,49,52,31,31,33,36,50,61,54,43,55,38,37,51,39,47,45,39,56,33,41,32,41,28,39,55,53,35"
266,turtlebot,dataset_original,csi_dog_dataset/turtlebot/txt/csi_turtlebot_13.txt,"[ 3991.238041] [AOA] Measurement: 0,1619025149.108854,48:8f:5a:df:02:3b,2,1,2,0,128,257,147,880,963,60,27,286,732,956,26,706,996,818,898,76,487,715,488,664,979,780,994,813,908,727,1021,719,961,203,692,476,281,29,33,31,33,29,43,31,22,17,36,25,42,27,6,32,16,18,8,16,8,9,15,21,17,31,34,28,25,16,25,27,18"
267,turtlebot,dataset_original,csi_dog_dataset/turtlebot/txt/csi_turtlebot_130.txt,"[ 4114.661229] [AOA] Measurement: 0,1619025272.532035,48:8f:5a:df:02:3b,2,1,2,0,128,368,179,1015,974,976,995,877,547,958,49,775,1011,817,950,72,312,15,129,587,898,628,56,673,977,855,120,829,19,169,785,583,233,46,53,50,45,49,51,31,32,36,36,49,59,57,46,58,41,37,49,40,49,46,41,57,34,45,34,43,28,42,57,57,40"
268,turtlebot,dataset_original,csi_dog_dataset/turtlebot/txt/csi_turtlebot_131.txt,"[ 4115.720107] [AOA] Measurement: 0,1619025273.590914,48:8f:5a:df:02:3b,2,1,2,0,128,323,136,451,773,972,998,483,729,924,28,762,3,810,947,117,375,1022,84,624,937,577,45,692,959,908,176,863,88,243,801,572,237,48,51,50,47,51,51,32,34,37,37,49,58,57,46,58,42,40,47,41,50,46,41,57,35,46,33,44,27,44,56,56,41"
269,turtlebot,dataset_original,csi_dog_dataset/turtlebot/txt/csi_turtlebot_132.txt,"[ 4116.780181] [AOA] Measurement: 0,1619025274.650990,48:8f:5a:df:02:3b,2,1,2,0,128,332,167,929,929,28,24,494,774,875,25,802,42,790,965,51,296,967,78,545,866,593,49,638,926,916,133,860,28,183,802,629,284,44,48,47,42,48,49,30,33,37,36,49,56,58,46,56,43,39,45,40,49,44,42,55,34,45,33,42,26,44,56,57,42"
270,turtlebot,dataset_original,csi_dog_dataset/turtlebot/txt/csi_turtlebot_133.txt,"[ 4117.840630] [AOA] Measurement: 0,1619025275.711438,48:8f:5a:df:02:3b,2,1,2,0,128,407,214,995,951,999,981,429,724,867,67,764,34,786,980,103,358,1022,89,653,983,600,34,715,998,893,137,805,85,273,857,54,698,46,55,50,45,51,52,31,33,36,37,49,58,57,46,58,42,38,49,40,50,46,40,58,34,43,33,44,28,43,57,57,41"
271,turtlebot,dataset_original,csi_dog_dataset/turtlebot/txt/csi_turtlebot_134.txt,"[ 4118.900444] [AOA] Measurement: 0,1619025276.771254,48:8f:5a:df:02:3b,2,1,2,0,128,300,159,994,964,22,16,453,729,889,30,844,46,773,961,74,318,980,52,607,920,668,88,695,982,831,101,867,56,281,792,524,190,45,53,51,45,49,51,31,32,36,37,49,60,55,44,56,40,39,50,41,47,44,38,57,34,45,34,44,27,40,56,55,37"
272,turtlebot,dataset_original,csi_dog_dataset/turtlebot/txt/csi_turtlebot_135.txt,"[ 4119.960972] [AOA] Measurement: 0,1619025277.831779,48:8f:5a:df:02:3b,2,1,2,0,128,453,282,961,980,1007,1019,400,685,957,75,811,74,779,963,96,322,61,112,626,898,606,82,695,984,875,132,859,50,241,808,525,144,48,53,50,46,51,51,31,33,36,38,50,60,55,45,57,42,40,48,41,48,46,41,56,35,45,33,43,29,43,56,55,39"
273,turtlebot,dataset_original,csi_dog_dataset/turtlebot/txt/csi_turtlebot_136.txt,"[ 4121.011661] [AOA] Measurement: 0,1619025278.882469,48:8f:5a:df:02:3b,2,1,2,0,128,372,188,994,936,439,815,455,711,909,36,780,1015,839,960,123,350,1020,119,555,874,646,84,688,981,828,126,777,1014,269,862,651,205,42,44,42,39,43,46,28,31,36,34,43,50,54,43,53,42,36,38,37,45,40,39,49,30,41,30,38,24,46,53,54,40"
274,turtlebot,dataset_original,csi_dog_dataset/turtlebot/txt/csi_turtlebot_137.txt,"[ 4122.061722] [AOA] Measurement: 0,1619025279.932529,48:8f:5a:df:02:3b,2,1,2,0,128,365,182,990,931,951,977,436,725,965,75,777,17,783,957,139,354,991,73,603,920,579,58,654,914,941,165,874,52,204,781,666,325,46,50,47,43,49,50,31,33,38,35,48,56,56,46,58,43,39,45,39,48,43,40,55,32,46,33,44,27,44,56,58,42"
275,turtlebot,dataset_original,csi_dog_dataset/turtlebot/txt/csi_turtlebot_138.txt,"[ 4123.120129] [AOA] Measurement: 0,1619025280.990937,48:8f:5a:df:02:3b,2,1,2,0,128,387,201,988,961,999,1017,462,725,931,79,693,1016,837,1009,133,381,979,54,629,932,653,120,682,970,885,143,816,17,174,771,933,553,42,52,47,38,46,46,27,29,30,33,47,57,50,38,50,32,32,49,35,42,39,35,55,29,35,31,39,28,30,46,44,29"
276,turtlebot,dataset_original,csi_dog_dataset/turtlebot/txt/csi_turtlebot_139.txt,"[ 4124.180445] [AOA] Measurement: 0,1619025282.051255,48:8f:5a:df:02:3b,2,1,2,0,128,356,137,416,751,1,15,433,719,916,46,793,26,815,981,137,338,951,45,687,973,592,39,702,974,863,120,836,22,276,821,794,439,47,52,49,44,50,50,32,32,36,38,50,59,59,44,58,42,39,47,40,48,45,42,57,33,45,32,45,27,45,58,58,43"
277,turtlebot,dataset_original,csi_dog_dataset/turtlebot/txt/csi_turtlebot_14.txt,"[ 3992.281837] [AOA] Measurement: 0,1619025150.152646,48:8f:5a:df:02:3b,2,1,2,0,128,670,949,281,726,36,1016,249,720,902,991,691,957,819,886,40,484,717,442,630,959,691,1008,797,900,131,746,230,830,197,721,109,866,34,33,33,36,27,42,34,22,12,33,26,37,26,10,27,14,24,6,18,10,6,18,16,20,36,31,28,27,14,24,32,19"
278,turtlebot,dataset_original,csi_dog_dataset/turtlebot/txt/csi_turtlebot_140.txt,"[ 4125.249574] [AOA] Measurement: 0,1619025283.120382,48:8f:5a:df:02:3b,2,1,2,0,128,846,960,440,751,427,821,906,521,361,848,212,809,257,763,44,314,447,913,589,856,599,56,654,960,859,130,230,800,251,800,567,185,50,56,53,49,55,55,34,36,39,40,54,64,61,48,61,46,43,50,44,53,48,43,61,35,47,36,47,29,47,63,60,43"
279,turtlebot,dataset_original,csi_dog_dataset/turtlebot/txt/csi_turtlebot_141.txt,"[ 4126.301285] [AOA] Measurement: 0,1619025284.172094,48:8f:5a:df:02:3b,2,1,2,0,128,348,161,13,1009,1000,1008,450,740,839,3,861,65,793,961,63,321,0,68,603,943,548,18,669,968,911,175,842,30,230,790,917,535,48,54,50,45,50,52,32,33,37,37,49,59,57,45,57,40,39,50,40,48,46,39,57,35,45,33,44,28,41,54,54,39"
280,turtlebot,dataset_original,csi_dog_dataset/turtlebot/txt/csi_turtlebot_142.txt,"[ 4127.360944] [AOA] Measurement: 0,1619025285.231750,48:8f:5a:df:02:3b,2,1,2,0,128,332,126,967,933,998,6,463,750,939,78,725,991,921,35,73,353,934,47,581,883,659,62,682,972,870,164,810,13,234,819,128,779,45,52,48,43,49,51,32,33,37,38,48,56,58,45,58,43,40,47,41,49,46,40,56,34,45,33,43,27,45,57,59,42"
281,nothing,dataset_original,csi_dog_dataset/nothing/txt/csi_nothing_115.txt,"[ 5812.381938] [AOA] Measurement: 0,1619026970.252731,48:8f:5a:df:02:3b,2,1,2,0,128,191,997,823,851,985,13,371,499,57,127,1008,89,744,916,116,388,945,30,444,832,643,13,583,923,1002,141,1007,91,235,879,994,587,69,57,61,53,56,59,63,30,53,63,59,62,39,51,51,50,49,60,54,49,60,51,57,50,57,38,53,43,58,54,57,50"
282,nothing,dataset_original,csi_dog_dataset/nothing/txt/csi_nothing_116.txt,"[ 5813.440618] [AOA] Measurement: 0,1619026971.311413,48:8f:5a:df:02:3b,2,1,2,0,128,252,7,862,880,950,989,370,572,969,88,932,47,840,982,125,396,887,1,511,882,640,13,643,977,1011,157,2,113,234,854,878,521,69,60,65,61,66,65,69,42,61,66,65,69,59,67,66,60,73,62,71,61,71,62,74,71,69,67,71,62,74,74,72,66"
283,nothing,dataset_original,csi_dog_dataset/nothing/txt/csi_nothing_117.txt,"[ 5814.481013] [AOA] Measurement: 0,1619026972.351805,48:8f:5a:df:02:3b,2,1,2,0,128,249,1016,827,884,1006,1021,404,589,998,103,930,20,773,967,95,354,895,7,457,867,599,1012,614,929,977,163,928,24,243,864,212,831,70,62,68,63,67,67,73,43,66,68,67,72,62,69,67,64,73,64,73,63,74,61,74,71,70,67,72,65,76,77,74,63"
284,nothing,dataset_original,csi_dog_dataset/nothing/txt/csi_nothing_118.txt,"[ 5815.540713] [AOA] Measurement: 0,1619026973.411505,48:8f:5a:df:02:3b,2,1,2,0,128,225,8,765,813,427,828,383,547,981,110,850,1000,223,775,521,116,915,33,361,788,629,10,597,928,1007,187,933,19,215,814,705,448,68,54,59,49,51,54,58,27,48,62,57,58,37,49,46,47,44,58,48,45,56,48,53,45,53,34,48,38,54,49,55,46"
285,nothing,dataset_original,csi_dog_dataset/nothing/txt/csi_nothing_119.txt,"[ 5816.591653] [AOA] Measurement: 0,1619026974.462445,48:8f:5a:df:02:3b,2,1,2,0,128,258,25,807,841,955,1015,423,597,945,43,935,35,790,943,72,325,897,6,523,872,565,0,633,971,946,128,976,20,244,849,391,31,60,56,61,54,62,61,63,41,61,59,61,66,58,62,62,58,70,59,67,58,67,57,71,66,64,65,67,61,71,73,71,62"
286,nothing,dataset_original,csi_dog_dataset/nothing/txt/csi_nothing_12.txt,"[ 5342.030647] [AOA] Measurement: 0,1619026499.901443,48:8f:5a:df:02:3b,2,1,2,0,128,272,59,740,848,981,1002,371,528,50,159,899,1022,825,964,68,396,847,984,492,852,609,23,613,958,1019,171,983,83,237,849,196,770,64,57,63,57,61,59,65,39,59,63,62,66,56,64,59,58,66,60,66,59,67,57,67,64,64,58,65,57,68,68,66,59"
287,nothing,dataset_original,csi_dog_dataset/nothing/txt/csi_nothing_120.txt,"[ 5817.641085] [AOA] Measurement: 0,1619026975.511878,48:8f:5a:df:02:3b,2,1,2,0,128,266,52,741,832,969,1010,385,555,996,87,869,4,821,998,73,359,885,1015,463,872,590,17,620,982,6,176,976,62,265,876,139,847,70,63,68,64,68,69,69,42,65,68,68,71,61,69,67,64,74,65,73,65,73,61,76,70,74,68,72,64,77,76,76,66"
288,nothing,dataset_original,csi_dog_dataset/nothing/txt/csi_nothing_121.txt,"[ 5818.691760] [AOA] Measurement: 0,1619026976.562553,48:8f:5a:df:02:3b,2,1,2,0,128,295,56,823,864,981,31,363,510,52,156,924,35,812,1021,39,336,299,810,414,823,628,34,649,965,4,203,975,45,214,835,289,891,69,60,67,60,66,66,69,43,62,64,68,70,61,67,65,62,73,62,71,64,73,61,75,71,69,68,70,65,76,77,74,67"
289,nothing,dataset_original,csi_dog_dataset/nothing/txt/csi_nothing_122.txt,"[ 5819.759170] [AOA] Measurement: 0,1619026977.629961,48:8f:5a:df:02:3b,2,1,2,0,128,178,25,861,872,948,1007,385,548,1014,94,872,3,841,1010,126,409,864,28,425,810,42,829,629,974,924,132,953,6,273,843,204,796,61,56,62,57,63,63,66,41,61,62,63,67,60,66,66,58,70,60,71,61,71,61,72,69,67,67,69,63,73,74,73,66"
290,nothing,dataset_original,csi_dog_dataset/nothing/txt/csi_nothing_123.txt,"[ 5820.820935] [AOA] Measurement: 0,1619026978.691728,48:8f:5a:df:02:3b,2,1,2,0,128,216,44,860,881,1020,29,359,533,18,164,829,980,859,19,30,292,860,1006,471,910,569,1021,633,953,43,212,913,17,250,860,898,528,71,62,67,62,66,66,71,43,64,65,66,71,61,69,66,62,74,65,72,63,74,62,76,71,71,70,71,64,75,76,74,66"
291,nothing,dataset_original,csi_dog_dataset/nothing/txt/csi_nothing_124.txt,"[ 5821.871615] [AOA] Measurement: 0,1619026979.742409,48:8f:5a:df:02:3b,2,1,2,0,128,178,992,289,701,460,843,380,546,5,105,975,43,783,977,62,332,850,988,447,837,595,997,626,973,981,133,957,43,211,833,281,931,64,57,63,58,62,62,68,40,61,63,60,66,59,64,63,59,71,58,69,58,70,59,73,68,67,68,67,60,71,74,73,65"
292,nothing,dataset_original,csi_dog_dataset/nothing/txt/csi_nothing_125.txt,"[ 5822.921275] [AOA] Measurement: 0,1619026980.792070,48:8f:5a:df:02:3b,2,1,2,0,128,275,38,764,830,937,980,435,565,12,129,901,1022,811,1012,91,351,922,18,415,841,565,996,687,997,8,155,895,1006,237,836,453,79,70,59,62,54,58,60,65,33,53,66,63,64,45,58,54,55,53,62,60,54,67,53,63,56,61,46,61,50,66,61,63,55"
293,nothing,dataset_original,csi_dog_dataset/nothing/txt/csi_nothing_126.txt,"[ 5823.971455] [AOA] Measurement: 0,1619026981.842249,48:8f:5a:df:02:3b,2,1,2,0,128,179,1011,840,858,972,1017,331,578,1015,84,924,7,819,971,83,383,943,62,434,826,645,1015,654,941,1017,202,955,59,226,837,708,354,67,61,65,61,67,67,70,42,64,67,66,70,61,66,66,61,73,64,73,63,73,62,75,71,69,67,70,63,73,75,73,65"
294,nothing,dataset_original,csi_dog_dataset/nothing/txt/csi_nothing_127.txt,"[ 5825.021462] [AOA] Measurement: 0,1619026982.892255,48:8f:5a:df:02:3b,2,1,2,0,128,766,879,814,851,952,16,378,492,7,131,928,14,795,966,115,407,895,1006,441,852,624,1023,661,963,1002,146,930,20,227,872,791,412,73,63,69,64,67,67,69,44,65,68,67,71,59,68,67,63,72,64,72,64,73,62,76,70,73,66,74,63,77,77,74,66"
295,nothing,dataset_original,csi_dog_dataset/nothing/txt/csi_nothing_128.txt,"[ 5843.318360] [AOA] Measurement: 0,1619027001.189158,48:8f:5a:df:02:3b,2,1,2,0,128,256,95,736,788,991,1023,317,490,15,136,924,17,823,989,95,335,279,793,459,833,58,826,647,959,1,205,969,26,239,853,589,278,99,84,87,76,80,86,91,46,73,91,89,92,63,82,77,76,78,88,85,75,94,73,87,80,86,64,87,70,91,88,90,77"
296,nothing,dataset_original,csi_dog_dataset/nothing/txt/csi_nothing_129.txt,"[ 5844.367455] [AOA] Measurement: 0,1619027002.238252,48:8f:5a:df:02:3b,2,1,2,0,128,222,12,834,851,985,13,351,508,1021,106,931,992,813,956,72,303,852,988,480,869,561,988,670,979,7,210,906,22,263,864,910,522,63,56,58,53,55,60,57,40,51,59,57,60,46,55,55,50,53,55,49,50,54,50,58,51,59,50,55,49,58,58,60,55"
297,nothing,dataset_original,csi_dog_dataset/nothing/txt/csi_nothing_13.txt,"[ 5343.091005] [AOA] Measurement: 0,1619026500.961802,48:8f:5a:df:02:3b,2,1,2,0,128,273,44,847,889,950,1013,325,504,519,955,975,61,819,978,32,308,861,1007,490,867,605,998,578,909,981,174,953,1021,248,867,32,724,64,57,63,57,59,59,65,39,58,62,62,65,55,62,60,57,67,58,65,58,66,55,68,63,64,61,65,57,67,68,66,59"
298,nothing,dataset_original,csi_dog_dataset/nothing/txt/csi_nothing_130.txt,"[ 5845.420381] [AOA] Measurement: 0,1619027003.291174,48:8f:5a:df:02:3b,2,1,2,0,128,278,16,796,841,873,956,392,512,2,118,965,27,812,977,82,355,886,4,380,762,652,15,661,930,962,117,937,1008,258,844,144,653,51,45,50,45,47,51,52,29,46,49,48,54,44,50,51,44,55,48,54,47,54,46,57,52,54,51,54,47,57,58,59,52"
299,nothing,dataset_original,csi_dog_dataset/nothing/txt/csi_nothing_131.txt,"[ 5846.471935] [AOA] Measurement: 0,1619027004.342729,48:8f:5a:df:02:3b,2,1,2,0,128,178,984,755,807,983,13,398,499,1004,107,924,22,804,959,134,389,902,14,428,838,599,32,604,924,17,175,986,57,208,799,427,101,100,85,90,84,89,91,96,52,85,92,92,97,78,91,88,82,95,90,98,84,97,80,100,93,96,85,97,83,102,102,101,89"
300,nothing,dataset_original,csi_dog_dataset/nothing/txt/csi_nothing_132.txt,"[ 5847.521861] [AOA] Measurement: 0,1619027005.392655,48:8f:5a:df:02:3b,2,1,2,0,128,682,842,851,899,934,982,835,368,459,918,368,866,270,797,84,365,826,993,899,632,97,853,82,770,928,90,989,52,251,862,608,211,72,64,70,64,67,69,74,43,65,68,69,73,61,69,68,65,75,67,76,65,76,64,77,72,74,68,75,66,79,80,77,68"
301,nothing,dataset_original,csi_dog_dataset/nothing/txt/csi_nothing_133.txt,"[ 5848.589031] [AOA] Measurement: 0,1619027006.459824,48:8f:5a:df:02:3b,2,1,2,0,128,303,25,812,855,879,982,435,524,1004,108,906,22,842,957,106,366,859,974,523,877,605,0,526,883,1012,183,941,59,218,851,110,842,54,48,49,47,50,51,52,31,49,50,51,54,44,51,50,47,57,51,56,47,57,46,59,53,55,52,57,48,58,59,59,50"
302,nothing,dataset_original,csi_dog_dataset/nothing/txt/csi_nothing_134.txt,"[ 5849.631401] [AOA] Measurement: 0,1619027007.502193,48:8f:5a:df:02:3b,2,1,2,0,128,193,17,829,887,974,1,378,564,62,168,894,1019,882,7,89,366,924,56,448,858,650,38,617,954,954,98,995,93,230,864,54,668,77,68,71,66,69,71,74,43,67,72,70,75,61,70,67,65,73,70,75,66,77,63,78,73,75,67,75,65,80,80,77,67"
303,nothing,dataset_original,csi_dog_dataset/nothing/txt/csi_nothing_135.txt,"[ 5850.690597] [AOA] Measurement: 0,1619027008.561390,48:8f:5a:df:02:3b,2,1,2,0,128,178,8,822,879,368,795,359,517,974,77,970,92,765,966,144,383,875,987,455,865,607,1003,70,758,473,978,1008,115,167,797,525,233,80,72,82,72,80,82,84,49,77,80,80,84,74,82,82,74,92,79,92,76,91,78,96,89,90,85,89,81,95,99,95,82"
304,nothing,dataset_original,csi_dog_dataset/nothing/txt/csi_nothing_136.txt,"[ 5851.750570] [AOA] Measurement: 0,1619027009.621361,48:8f:5a:df:02:3b,2,1,2,0,128,226,25,269,636,1003,17,311,500,46,114,914,36,832,983,40,310,970,56,536,939,594,40,648,984,951,140,949,21,322,909,974,488,64,57,61,56,62,62,65,39,61,61,63,67,58,65,63,58,72,59,69,60,70,59,73,67,68,66,67,62,74,75,74,66"
305,nothing,dataset_original,csi_dog_dataset/nothing/txt/csi_nothing_137.txt,"[ 5852.810934] [AOA] Measurement: 0,1619027010.681725,48:8f:5a:df:02:3b,2,1,2,0,128,299,57,815,857,993,6,414,555,11,112,891,1003,794,979,23,271,895,1016,424,852,616,16,650,978,985,159,932,23,239,845,167,824,60,56,61,55,60,62,63,38,58,60,61,64,57,61,64,55,71,57,68,58,67,59,70,66,67,67,67,60,70,74,72,63"
306,nothing,dataset_original,csi_dog_dataset/nothing/txt/csi_nothing_138.txt,"[ 5853.870966] [AOA] Measurement: 0,1619027011.741760,48:8f:5a:df:02:3b,2,1,2,0,128,254,20,830,891,934,995,376,560,1021,125,937,64,800,967,193,407,941,22,419,799,595,1012,613,969,998,175,966,34,305,892,286,917,68,61,65,62,66,67,70,42,64,65,67,71,61,67,67,61,73,64,75,63,73,62,76,72,71,68,72,65,78,78,76,68"
307,nothing,dataset_original,csi_dog_dataset/nothing/txt/csi_nothing_139.txt,"[ 5854.940609] [AOA] Measurement: 0,1619027012.811404,48:8f:5a:df:02:3b,2,1,2,0,128,250,63,860,900,911,988,399,599,2,177,911,41,823,977,79,402,919,1023,428,871,564,999,648,969,1018,179,965,21,262,857,54,653,65,58,63,58,63,64,65,39,61,63,65,67,60,64,65,57,72,60,70,59,69,61,73,68,68,66,67,61,74,74,73,66"
308,nothing,dataset_original,csi_dog_dataset/nothing/txt/csi_nothing_14.txt,"[ 5344.141628] [AOA] Measurement: 0,1619026502.012425,48:8f:5a:df:02:3b,2,1,2,0,128,216,7,792,858,902,1000,424,613,996,123,895,4,814,970,69,344,889,1009,486,829,616,30,633,968,10,185,915,2,234,819,242,822,61,57,62,56,61,59,65,38,57,60,60,62,55,62,59,55,66,57,66,58,66,56,68,63,63,61,64,57,68,68,65,60"
309,nothing,dataset_original,csi_dog_dataset/nothing/txt/csi_nothing_140.txt,"[ 5855.981503] [AOA] Measurement: 0,1619027013.852295,48:8f:5a:df:02:3b,2,1,2,0,128,233,9,787,872,1010,6,335,504,40,164,940,55,723,973,127,373,900,22,406,840,626,7,646,974,1023,180,972,20,219,811,304,974,61,54,62,53,61,63,67,38,59,62,61,66,60,64,64,58,71,58,69,59,70,60,73,68,67,67,69,63,73,74,74,67"
310,nothing,dataset_original,csi_dog_dataset/nothing/txt/csi_nothing_141.txt,"[ 5857.040836] [AOA] Measurement: 0,1619027014.911628,48:8f:5a:df:02:3b,2,1,2,0,128,219,20,820,871,921,1010,329,521,1,107,925,52,822,976,46,342,917,20,411,817,626,18,530,901,65,183,922,6,210,838,744,398,84,77,82,76,81,84,86,50,81,82,81,87,76,83,83,77,94,81,92,77,93,80,95,90,89,86,90,80,96,100,96,86"
311,nothing,dataset_original,csi_dog_dataset/nothing/txt/csi_nothing_142.txt,"[ 5858.090956] [AOA] Measurement: 0,1619027015.961751,48:8f:5a:df:02:3b,2,1,2,0,128,220,24,825,847,928,2,423,531,970,90,900,19,785,968,111,356,853,1007,413,832,606,8,550,918,1010,159,963,64,254,850,647,234,65,56,61,56,61,64,65,38,61,60,63,66,59,65,64,59,72,62,71,61,70,61,74,69,69,67,70,64,74,75,74,66"
312,nothing,dataset_original,csi_dog_dataset/nothing/txt/csi_nothing_143.txt,"[ 5859.140624] [AOA] Measurement: 0,1619027017.011417,48:8f:5a:df:02:3b,2,1,2,0,128,252,21,872,913,891,954,424,566,976,93,858,3,893,21,89,351,967,28,493,857,624,0,660,967,61,204,958,46,298,912,678,289,68,60,66,58,64,65,67,42,64,63,65,70,61,67,67,61,72,62,73,61,72,63,75,71,70,68,71,63,76,78,76,66"
313,nothing,dataset_original,csi_dog_dataset/nothing/txt/csi_nothing_144.txt,"[ 5860.181317] [AOA] Measurement: 0,1619027018.052109,48:8f:5a:df:02:3b,2,1,2,0,128,255,34,826,881,978,16,381,542,1018,105,956,57,840,1021,105,352,944,39,480,864,631,33,623,936,1020,168,911,29,193,820,482,83,102,84,91,82,84,86,92,48,80,93,89,93,67,84,80,77,85,89,88,80,95,75,92,83,92,71,90,73,98,92,95,80"
314,nothing,dataset_original,csi_dog_dataset/nothing/txt/csi_nothing_145.txt,"[ 5861.232016] [AOA] Measurement: 0,1619027019.102808,48:8f:5a:df:02:3b,2,1,2,0,128,643,804,869,881,911,957,909,390,25,123,897,8,231,785,62,373,878,24,430,841,609,14,585,946,983,159,984,78,191,814,201,839,68,60,65,58,63,64,69,41,62,65,65,69,60,67,64,61,74,64,73,62,73,61,75,69,71,67,70,63,74,77,75,67"
315,nothing,dataset_original,csi_dog_dataset/nothing/txt/csi_nothing_146.txt,"[ 5862.290656] [AOA] Measurement: 0,1619027020.161448,48:8f:5a:df:02:3b,2,1,2,0,128,240,58,837,863,947,1021,424,618,993,88,942,62,747,914,557,223,944,54,446,834,644,19,596,961,20,225,977,51,225,861,16,731,49,41,47,42,45,46,50,27,44,47,46,50,43,47,48,43,52,45,52,44,51,44,56,50,50,51,51,46,55,56,54,48"
316,nothing,dataset_original,csi_dog_dataset/nothing/txt/csi_nothing_147.txt,"[ 5863.331445] [AOA] Measurement: 0,1619027021.202237,48:8f:5a:df:02:3b,2,1,2,0,128,299,61,775,883,3,35,391,557,946,74,990,62,782,959,137,382,897,997,500,869,622,32,605,946,19,177,880,2,234,837,580,157,81,74,79,71,79,83,82,48,78,77,79,86,75,82,83,73,91,76,89,74,89,77,93,86,86,85,87,78,93,96,94,82"
317,nothing,dataset_original,csi_dog_dataset/nothing/txt/csi_nothing_148.txt,"[ 5864.380601] [AOA] Measurement: 0,1619027022.251393,48:8f:5a:df:02:3b,2,1,2,0,128,255,26,845,923,920,993,340,524,993,86,895,18,811,946,60,328,862,2,450,859,594,1012,603,943,1007,164,996,67,240,894,693,363,66,60,64,58,62,64,66,40,61,63,63,67,57,63,65,57,71,60,69,60,68,60,72,68,67,66,67,61,72,74,72,65"
318,nothing,dataset_original,csi_dog_dataset/nothing/txt/csi_nothing_149.txt,"[ 5865.422134] [AOA] Measurement: 0,1619027023.292926,48:8f:5a:df:02:3b,2,1,2,0,128,260,24,260,668,908,991,425,521,940,40,861,30,801,973,516,131,862,3,907,603,664,32,573,888,1008,148,983,60,288,899,890,579,86,76,82,74,80,84,88,49,80,80,82,88,75,83,84,75,93,78,90,78,91,77,95,88,90,85,90,79,96,96,97,83"
319,nothing,dataset_original,csi_dog_dataset/nothing/txt/csi_nothing_15.txt,"[ 5345.198103] [AOA] Measurement: 0,1619026503.068908,48:8f:5a:df:02:3b,2,1,2,0,128,151,988,305,706,974,1017,292,487,1016,88,965,69,797,943,99,352,812,980,958,713,598,6,651,961,963,142,906,29,260,868,1000,539,65,58,61,57,63,60,64,39,59,62,61,64,56,62,59,56,65,58,66,57,66,55,66,64,63,59,64,57,68,68,66,59"
320,nothing,dataset_original,csi_dog_dataset/nothing/txt/csi_nothing_150.txt,"[ 5866.471593] [AOA] Measurement: 0,1619027024.342386,48:8f:5a:df:02:3b,2,1,2,0,128,178,974,883,886,900,1002,388,501,2,135,913,5,785,957,80,358,935,18,460,819,601,15,622,951,982,156,1023,84,284,880,633,290,83,74,80,72,78,82,82,49,79,79,82,85,76,81,83,74,92,78,90,76,92,78,95,89,87,84,89,79,95,97,97,84"
321,person_1,dataset_original,csi_dog_dataset/person_1/txt/csi_person_1_159.txt,"[24170.011815] [AOA] Measurement: 0,1619045329.396127,48:8f:5a:df:02:3b,2,1,2,0,128,255,74,869,827,976,6,570,626,44,194,962,137,851,15,121,451,1014,209,548,915,14,505,734,109,110,288,116,208,409,8,837,408,54,61,67,62,66,52,42,64,53,56,49,31,62,60,51,48,31,70,62,30,12,7,36,6,57,65,49,15,53,77,56,68"
322,person_1,dataset_original,csi_dog_dataset/person_1/txt/csi_person_1_16.txt,"[23979.011419] [AOA] Measurement: 0,1619045138.395732,48:8f:5a:df:02:3b,2,1,2,0,128,343,212,34,979,1012,0,400,779,404,800,785,1013,867,88,125,461,977,642,77,682,275,753,517,858,599,804,601,1013,965,396,197,885,19,8,16,46,46,48,14,40,6,28,11,33,30,16,45,11,5,21,16,6,43,26,9,26,47,16,25,19,43,42,57,14"
323,person_1,dataset_original,csi_dog_dataset/person_1/txt/csi_person_1_160.txt,"[24171.069595] [AOA] Measurement: 0,1619045330.453907,48:8f:5a:df:02:3b,2,1,2,0,128,122,644,1015,801,1,994,380,163,723,811,628,488,343,597,643,42,832,739,225,792,364,505,508,43,692,832,745,540,671,335,536,360,37,56,71,10,20,55,39,21,29,92,21,63,73,85,67,78,54,32,42,42,16,17,21,21,37,70,41,42,66,52,52,60"
324,person_1,dataset_original,csi_dog_dataset/person_1/txt/csi_person_1_161.txt,"[24172.120858] [AOA] Measurement: 0,1619045331.505169,48:8f:5a:df:02:3b,2,1,2,0,128,219,936,180,665,880,975,334,163,948,910,910,763,615,798,835,172,938,896,262,914,697,140,672,14,899,919,968,798,89,476,791,487,64,49,64,7,25,42,57,14,44,60,57,57,63,49,44,46,65,76,46,22,60,43,35,52,44,55,51,30,35,52,29,57"
325,person_1,dataset_original,csi_dog_dataset/person_1/txt/csi_person_1_162.txt,"[24173.161336] [AOA] Measurement: 0,1619045332.545647,48:8f:5a:df:02:3b,2,1,2,0,128,100,109,728,812,1012,1011,453,567,935,257,951,191,956,61,188,610,734,449,709,529,915,154,1023,955,299,419,183,296,484,164,264,19,29,35,15,61,72,58,44,46,33,23,27,37,68,39,65,25,30,40,27,15,27,6,21,23,19,21,23,18,52,35,37,28"
326,person_1,dataset_original,csi_dog_dataset/person_1/txt/csi_person_1_163.txt,"[24174.211644] [AOA] Measurement: 0,1619045333.595956,48:8f:5a:df:02:3b,2,1,2,0,128,191,58,826,804,431,811,937,279,1003,0,814,758,738,915,19,293,858,574,409,934,804,167,638,999,456,417,319,25,358,24,436,88,82,88,83,88,55,50,80,76,81,38,74,16,56,91,29,77,54,14,13,33,80,57,48,47,34,6,59,21,97,50,86,16"
327,person_1,dataset_original,csi_dog_dataset/person_1/txt/csi_person_1_164.txt,"[24175.270740] [AOA] Measurement: 0,1619045334.655050,48:8f:5a:df:02:3b,2,1,2,0,128,209,4,263,592,451,868,342,477,326,860,911,74,840,961,65,322,986,115,551,830,583,1019,679,949,869,164,872,60,242,851,34,811,61,50,39,51,66,71,67,20,38,27,38,63,44,37,59,34,49,53,46,50,66,51,62,53,39,28,34,47,74,36,77,45"
328,person_1,dataset_original,csi_dog_dataset/person_1/txt/csi_person_1_165.txt,"[24176.312478] [AOA] Measurement: 0,1619045335.696789,48:8f:5a:df:02:3b,2,1,2,0,128,354,873,569,517,779,978,332,261,959,792,849,781,453,651,709,14,56,10,817,141,631,63,757,1000,822,769,219,219,91,446,656,34,17,27,11,3,24,45,49,19,25,62,15,16,42,29,24,39,31,32,13,15,31,16,23,27,1,46,12,21,48,46,41,30"
329,person_1,dataset_original,csi_dog_dataset/person_1/txt/csi_person_1_166.txt,"[24177.361905] [AOA] Measurement: 0,1619045336.746214,48:8f:5a:df:02:3b,2,1,2,0,128,245,807,458,515,954,1013,288,131,807,644,956,652,261,512,537,966,892,203,688,607,510,1008,604,971,324,636,159,25,147,142,569,744,37,51,23,11,36,57,53,27,31,64,6,24,23,38,28,49,22,26,29,28,61,38,46,30,18,37,21,12,59,21,55,26"
330,person_1,dataset_original,csi_dog_dataset/person_1/txt/csi_person_1_167.txt,"[24178.411268] [AOA] Measurement: 0,1619045337.795580,48:8f:5a:df:02:3b,2,1,2,0,128,175,143,866,842,613,877,479,790,995,455,870,152,976,119,216,576,212,337,4,666,144,1004,233,865,512,631,762,101,531,127,941,718,58,28,3,53,46,43,28,32,18,13,21,21,65,48,47,18,54,45,19,39,18,15,7,34,23,20,11,8,51,40,21,27"
331,person_1,dataset_original,csi_dog_dataset/person_1/txt/csi_person_1_168.txt,"[24179.461715] [AOA] Measurement: 0,1619045338.846025,48:8f:5a:df:02:3b,2,1,2,0,128,107,984,613,804,11,997,415,627,74,15,275,850,880,13,76,381,748,702,123,623,797,105,279,950,720,974,147,45,952,366,475,904,44,20,26,43,49,52,36,16,25,31,44,31,54,36,50,36,38,31,26,14,19,25,7,33,37,26,37,8,31,24,21,30"
332,person_1,dataset_original,csi_dog_dataset/person_1/txt/csi_person_1_169.txt,"[24180.511866] [AOA] Measurement: 0,1619045339.896177,48:8f:5a:df:02:3b,2,1,2,0,128,962,540,419,197,9,1010,321,17,775,987,816,88,921,302,111,101,767,839,355,740,563,5,513,924,685,183,799,215,225,496,950,674,20,21,14,6,33,52,41,31,6,19,48,55,31,24,47,12,16,15,6,40,55,50,40,37,44,16,48,38,62,5,69,17"
333,person_1,dataset_original,csi_dog_dataset/person_1/txt/csi_person_1_17.txt,"[23980.070559] [AOA] Measurement: 0,1619045139.454873,48:8f:5a:df:02:3b,2,1,2,0,128,198,94,896,950,51,11,391,792,88,1001,758,945,376,938,125,438,794,737,676,408,431,862,467,874,680,1023,667,994,460,305,948,649,31,25,23,54,54,60,26,48,12,33,29,49,46,33,56,28,23,27,30,27,41,33,21,36,48,20,36,30,38,35,59,23"
334,person_1,dataset_original,csi_dog_dataset/person_1/txt/csi_person_1_170.txt,"[24181.570364] [AOA] Measurement: 0,1619045340.954675,48:8f:5a:df:02:3b,2,1,2,0,128,117,415,371,985,858,46,71,1022,246,772,197,0,564,650,577,942,153,434,1,737,522,139,538,199,422,974,325,741,417,716,8,836,18,31,32,32,13,26,6,23,31,13,45,27,26,29,18,23,24,38,20,30,27,30,24,18,41,24,46,19,9,41,34,24"
335,person_1,dataset_original,csi_dog_dataset/person_1/txt/csi_person_1_171.txt,"[24182.620435] [AOA] Measurement: 0,1619045342.004746,48:8f:5a:df:02:3b,2,1,2,0,128,54,381,270,989,939,996,96,1022,269,839,159,1012,479,517,600,915,547,234,984,722,614,104,476,155,332,895,751,505,326,672,984,744,15,26,31,31,4,25,4,23,23,11,37,23,21,28,14,21,20,35,21,18,21,32,14,19,39,20,45,17,13,42,32,20"
336,person_1,dataset_original,csi_dog_dataset/person_1/txt/csi_person_1_172.txt,"[24183.661681] [AOA] Measurement: 0,1619045343.045991,48:8f:5a:df:02:3b,2,1,2,0,128,65,943,625,808,1017,1011,426,597,881,881,732,21,324,858,156,221,769,630,68,646,625,1,650,917,651,889,667,115,383,251,528,671,57,37,41,52,59,59,50,21,34,41,49,21,51,20,38,27,45,42,36,29,40,40,11,43,45,27,51,18,62,44,51,33"
337,person_1,dataset_original,csi_dog_dataset/person_1/txt/csi_person_1_173.txt,"[24184.720862] [AOA] Measurement: 0,1619045344.105173,48:8f:5a:df:02:3b,2,1,2,0,128,159,43,794,894,977,977,427,998,990,50,767,32,919,134,154,313,738,711,345,805,574,980,448,873,725,108,731,83,298,357,396,710,48,21,30,35,34,47,45,5,11,32,42,43,39,24,47,20,36,26,16,30,46,47,15,45,45,20,50,37,58,20,64,16"
338,person_1,dataset_original,csi_dog_dataset/person_1/txt/csi_person_1_174.txt,"[24185.780838] [AOA] Measurement: 0,1619045345.165151,48:8f:5a:df:02:3b,2,1,2,0,128,992,603,447,455,892,979,312,85,949,105,833,138,910,178,159,284,614,827,344,785,539,17,506,958,790,139,851,207,188,693,202,856,42,36,30,24,25,47,46,46,19,34,61,66,24,7,50,28,10,11,11,28,57,55,34,50,62,16,72,45,88,32,90,28"
339,person_1,dataset_original,csi_dog_dataset/person_1/txt/csi_person_1_175.txt,"[24186.840604] [AOA] Measurement: 0,1619045346.224915,48:8f:5a:df:02:3b,2,1,2,0,128,671,585,452,143,103,1,192,974,801,794,763,755,62,543,423,1022,944,610,948,202,746,1016,75,943,697,957,720,948,872,439,246,872,29,24,43,17,48,31,24,24,34,33,51,39,24,12,12,10,8,36,55,32,20,39,28,29,38,46,17,14,53,74,59,53"
340,person_1,dataset_original,csi_dog_dataset/person_1/txt/csi_person_1_176.txt,"[24187.891838] [AOA] Measurement: 0,1619045347.276149,48:8f:5a:df:02:3b,2,1,2,0,128,939,752,374,595,72,1022,197,114,850,823,776,687,114,602,514,72,721,674,101,412,727,977,151,917,737,979,647,824,874,437,574,285,36,60,91,13,59,47,53,28,62,71,60,67,49,17,38,30,23,63,84,45,19,59,34,44,62,79,40,25,67,108,82,93"
341,person_1,dataset_original,csi_dog_dataset/person_1/txt/csi_person_1_177.txt,"[24188.941648] [AOA] Measurement: 0,1619045348.325961,48:8f:5a:df:02:3b,2,1,2,0,128,581,760,730,835,5,952,423,474,875,885,774,780,822,892,973,209,721,804,319,708,965,149,397,20,767,979,753,600,372,626,224,632,69,63,81,49,25,36,35,37,44,53,36,22,16,31,17,44,52,58,84,51,24,26,33,16,42,38,48,24,29,43,27,41"
342,person_1,dataset_original,csi_dog_dataset/person_1/txt/csi_person_1_178.txt,"[24190.001029] [AOA] Measurement: 0,1619045349.385341,48:8f:5a:df:02:3b,2,1,2,0,128,925,94,87,157,876,977,311,999,28,93,723,910,253,944,982,363,665,104,669,17,612,1009,847,868,480,74,761,966,212,209,476,168,51,50,61,35,43,40,19,51,11,27,29,51,37,14,39,7,50,83,70,30,64,33,27,26,31,39,12,48,67,30,68,27"
343,person_1,dataset_original,csi_dog_dataset/person_1/txt/csi_person_1_179.txt,"[24191.060604] [AOA] Measurement: 0,1619045350.444915,48:8f:5a:df:02:3b,2,1,2,0,128,206,73,346,706,476,833,822,563,558,604,898,42,897,11,639,952,945,484,612,860,531,994,534,875,488,732,902,985,320,298,588,876,85,49,59,67,47,46,41,50,28,22,34,2,19,8,21,13,69,13,29,44,33,32,29,53,9,38,29,12,26,32,9,24"
344,person_1,dataset_original,csi_dog_dataset/person_1/txt/csi_person_1_18.txt,"[23981.139211] [AOA] Measurement: 0,1619045140.523526,48:8f:5a:df:02:3b,2,1,2,0,128,264,185,898,961,462,790,465,842,136,985,814,14,904,67,25,340,201,471,668,361,318,845,237,775,698,30,82,819,66,596,240,14,30,23,20,58,58,69,31,60,11,34,28,59,49,35,73,37,10,32,17,16,49,38,17,35,59,21,33,35,59,53,73,28"
345,person_1,dataset_original,csi_dog_dataset/person_1/txt/csi_person_1_180.txt,"[24192.121053] [AOA] Measurement: 0,1619045351.505363,48:8f:5a:df:02:3b,2,1,2,0,128,784,838,413,670,436,806,387,571,920,838,473,532,535,738,132,990,92,439,762,990,773,144,777,1005,254,778,768,1006,335,957,52,154,77,29,37,51,61,41,53,27,12,52,15,27,27,46,6,42,43,36,43,34,40,17,42,42,38,53,17,7,53,16,33,24"
346,person_1,dataset_original,csi_dog_dataset/person_1/txt/csi_person_1_181.txt,"[24193.171426] [AOA] Measurement: 0,1619045352.555738,48:8f:5a:df:02:3b,2,1,2,0,128,61,901,589,78,60,1012,274,912,989,80,770,1018,884,33,133,308,803,793,247,757,546,1005,444,863,778,129,694,23,151,578,89,722,19,2,7,9,32,46,39,41,18,27,51,33,22,22,34,28,23,12,12,24,51,54,31,40,45,5,48,22,58,42,65,18"
347,person_1,dataset_original,csi_dog_dataset/person_1/txt/csi_person_1_182.txt,"[24194.222039] [AOA] Measurement: 0,1619045353.606350,48:8f:5a:df:02:3b,2,1,2,0,128,705,414,405,955,649,1022,579,176,107,936,463,142,437,636,134,136,933,291,625,477,103,886,395,320,154,27,99,498,665,563,270,201,25,32,61,33,17,37,22,19,29,52,24,11,49,44,12,28,24,59,37,37,24,18,29,28,34,65,55,51,31,72,31,46"
348,person_1,dataset_original,csi_dog_dataset/person_1/txt/csi_person_1_183.txt,"[24195.271463] [AOA] Measurement: 0,1619045354.655774,48:8f:5a:df:02:3b,2,1,2,0,128,731,360,274,460,1016,1006,423,110,219,844,63,988,863,255,118,896,162,115,519,369,382,895,40,91,243,151,232,3,84,733,562,239,35,5,24,15,33,43,35,5,30,24,35,69,27,31,43,5,33,64,29,10,28,11,17,8,22,48,32,39,77,55,87,54"
349,person_1,dataset_original,csi_dog_dataset/person_1/txt/csi_person_1_184.txt,"[24196.331023] [AOA] Measurement: 0,1619045355.715334,48:8f:5a:df:02:3b,2,1,2,0,128,257,55,861,896,997,1009,449,590,2,4,963,867,734,970,1004,285,427,926,481,888,789,187,720,0,81,512,9,1012,368,985,572,158,67,70,71,57,64,58,55,57,66,28,61,26,44,61,14,51,50,38,44,49,47,35,54,28,52,17,53,15,63,30,47,19"
350,person_1,dataset_original,csi_dog_dataset/person_1/txt/csi_person_1_185.txt,"[24197.381759] [AOA] Measurement: 0,1619045356.766070,48:8f:5a:df:02:3b,2,1,2,0,128,353,109,989,838,937,961,448,511,44,206,994,103,212,816,117,462,209,256,739,98,801,135,816,992,143,303,107,150,337,998,89,791,15,58,40,54,81,64,58,66,44,64,49,69,92,82,85,65,20,58,36,20,62,31,51,25,65,50,51,36,82,81,65,64"
351,person_1,dataset_original,csi_dog_dataset/person_1/txt/csi_person_1_186.txt,"[24198.431815] [AOA] Measurement: 0,1619045357.816125,48:8f:5a:df:02:3b,2,1,2,0,128,233,991,1009,839,980,997,335,560,968,275,874,90,775,912,42,363,738,259,703,852,604,5,655,888,158,379,66,148,335,40,975,686,38,39,26,47,79,69,56,40,30,29,25,54,67,58,67,22,3,63,54,13,49,37,36,39,49,47,18,50,86,92,83,63"
352,person_1,dataset_original,csi_dog_dataset/person_1/txt/csi_person_1_187.txt,"[24199.499259] [AOA] Measurement: 0,1619045358.883569,48:8f:5a:df:02:3b,2,1,2,0,128,271,38,828,821,995,17,331,428,940,157,809,44,777,933,146,391,86,232,658,964,685,67,666,936,200,304,41,85,277,998,624,347,23,40,26,39,56,57,53,31,32,42,23,66,65,61,70,37,16,50,44,16,60,45,41,45,39,49,13,61,81,79,84,57"
353,person_1,dataset_original,csi_dog_dataset/person_1/txt/csi_person_1_188.txt,"[24200.558941] [AOA] Measurement: 0,1619045359.943253,48:8f:5a:df:02:3b,2,1,2,0,128,257,1021,790,878,972,1008,350,523,868,696,753,166,732,816,155,195,855,374,827,888,641,30,697,988,60,522,897,209,461,122,953,716,59,25,5,50,67,69,63,17,36,15,26,40,42,33,41,23,56,32,44,44,64,54,54,57,17,33,14,30,68,55,62,30"
354,person_1,dataset_original,csi_dog_dataset/person_1/txt/csi_person_1_189.txt,"[24201.601477] [AOA] Measurement: 0,1619045360.985788,48:8f:5a:df:02:3b,2,1,2,0,128,721,826,770,862,900,944,911,412,833,870,266,1002,789,876,130,228,893,31,549,826,736,80,715,6,922,748,822,354,464,124,925,948,81,56,47,67,73,76,76,36,66,34,65,11,51,55,42,50,76,18,13,63,76,64,79,68,56,5,59,14,73,31,64,3"
355,person_1,dataset_original,csi_dog_dataset/person_1/txt/csi_person_1_19.txt,"[23982.181268] [AOA] Measurement: 0,1619045141.565580,48:8f:5a:df:02:3b,2,1,2,0,128,87,222,527,897,599,22,996,932,439,938,828,892,414,520,227,718,306,130,922,69,283,90,308,351,127,657,474,598,42,517,349,226,71,44,12,44,38,61,69,28,17,28,34,61,41,52,24,25,57,70,63,48,36,53,23,30,48,64,42,32,85,82,70,32"
356,person_1,dataset_original,csi_dog_dataset/person_1/txt/csi_person_1_190.txt,"[24202.658048] [AOA] Measurement: 0,1619045362.042365,48:8f:5a:df:02:3b,2,1,2,0,128,369,130,940,967,974,1,469,632,943,88,841,95,692,915,1023,396,1002,71,607,932,675,202,649,991,821,180,883,689,310,878,785,280,87,55,76,55,24,40,39,16,51,53,53,44,55,66,49,60,78,65,55,65,21,19,54,39,61,36,60,10,40,58,38,31"
357,person_1,dataset_original,csi_dog_dataset/person_1/txt/csi_person_1_191.txt,"[24203.710562] [AOA] Measurement: 0,1619045363.094874,48:8f:5a:df:02:3b,2,1,2,0,128,243,973,809,858,972,988,428,623,889,25,828,8,657,854,957,305,362,853,563,875,557,4,45,752,882,189,814,141,261,879,377,122,76,55,53,56,45,56,56,27,52,44,49,42,45,64,45,53,62,37,29,44,25,20,38,44,36,32,38,11,51,58,50,28"
358,person_1,dataset_original,csi_dog_dataset/person_1/txt/csi_person_1_192.txt,"[24204.770734] [AOA] Measurement: 0,1619045364.155047,48:8f:5a:df:02:3b,2,1,2,0,128,297,997,832,907,987,962,819,343,364,828,836,44,678,857,49,348,975,1022,470,862,592,74,632,987,804,105,880,185,242,893,904,646,67,50,49,53,41,58,55,23,33,33,40,29,36,44,31,37,54,34,31,39,29,21,42,36,35,26,36,4,46,44,39,27"
359,person_1,dataset_original,csi_dog_dataset/person_1/txt/csi_person_1_193.txt,"[24205.830316] [AOA] Measurement: 0,1619045365.214627,48:8f:5a:df:02:3b,2,1,2,0,128,701,930,833,850,926,980,384,537,957,130,816,90,832,1010,96,352,845,1012,511,822,650,60,609,990,824,203,862,188,209,782,268,892,60,47,46,50,51,61,64,18,55,50,57,65,51,54,66,45,46,26,19,38,45,45,39,49,45,45,53,51,75,45,81,41"
360,person_1,dataset_original,csi_dog_dataset/person_1/txt/csi_person_1_194.txt,"[24206.890713] [AOA] Measurement: 0,1619045366.275026,48:8f:5a:df:02:3b,2,1,2,0,128,572,241,539,142,893,980,600,33,266,786,221,994,545,492,854,987,56,918,518,451,855,245,121,70,474,957,278,86,222,598,681,95,58,40,3,78,70,57,90,26,77,130,84,130,93,108,114,97,32,79,10,45,107,100,49,75,94,120,113,102,110,119,135,115"
361,turtlebot,dataset_original,csi_dog_dataset/turtlebot/txt/csi_turtlebot_143.txt,"[ 4128.429984] [AOA] Measurement: 0,1619025286.300791,48:8f:5a:df:02:3b,2,1,2,0,128,362,158,0,964,969,975,401,698,353,921,774,18,856,981,78,308,970,63,649,958,603,40,724,982,968,193,805,25,203,807,423,152,44,54,49,42,47,48,29,30,32,35,49,60,53,41,53,35,37,51,37,45,43,37,56,32,40,30,41,28,36,51,51,33"
362,turtlebot,dataset_original,csi_dog_dataset/turtlebot/txt/csi_turtlebot_144.txt,"[ 4129.481338] [AOA] Measurement: 0,1619025287.352145,48:8f:5a:df:02:3b,2,1,2,0,128,343,185,998,994,971,1007,439,740,956,119,795,34,844,1019,66,346,996,74,606,927,636,109,719,1000,857,141,905,117,262,830,957,573,46,50,47,43,47,49,30,33,36,38,48,56,56,45,57,43,39,43,38,48,44,40,55,32,44,33,42,28,45,56,59,43"
363,turtlebot,dataset_original,csi_dog_dataset/turtlebot/txt/csi_turtlebot_145.txt,"[ 4130.531798] [AOA] Measurement: 0,1619025288.402607,48:8f:5a:df:02:3b,2,1,2,0,128,679,947,238,658,80,23,289,731,888,1007,668,987,829,853,64,505,733,532,604,923,699,951,786,910,733,1016,747,1020,106,622,524,274,27,33,32,33,29,43,30,21,18,36,27,40,26,6,30,16,19,9,16,8,10,15,19,16,31,35,27,25,14,25,28,18"
364,turtlebot,dataset_original,csi_dog_dataset/turtlebot/txt/csi_turtlebot_146.txt,"[ 4131.581680] [AOA] Measurement: 0,1619025289.452487,48:8f:5a:df:02:3b,2,1,2,0,128,255,178,743,841,997,985,309,733,849,959,707,995,890,928,39,431,734,471,635,942,751,1003,734,869,720,983,767,989,164,662,664,505,28,31,30,32,28,44,30,23,17,36,26,40,27,6,32,17,19,8,15,8,11,13,20,16,28,33,26,25,15,25,27,19"
365,turtlebot,dataset_original,csi_dog_dataset/turtlebot/txt/csi_turtlebot_147.txt,"[ 4132.649635] [AOA] Measurement: 0,1619025290.520443,48:8f:5a:df:02:3b,2,1,2,0,128,695,977,855,896,48,21,353,785,819,923,721,1017,821,876,29,432,703,527,587,901,790,1001,785,903,754,1012,747,977,200,726,646,392,23,32,28,28,26,40,26,19,18,34,24,40,25,3,30,16,16,11,11,6,10,12,21,12,27,32,24,23,15,24,24,14"
366,turtlebot,dataset_original,csi_dog_dataset/turtlebot/txt/csi_turtlebot_148.txt,"[ 4133.710492] [AOA] Measurement: 0,1619025291.581299,48:8f:5a:df:02:3b,2,1,2,0,128,170,126,811,912,25,1007,760,516,380,812,730,1017,868,921,9,419,691,446,128,835,795,55,761,892,742,983,677,942,169,672,415,177,34,32,32,36,26,42,35,21,13,32,24,33,24,10,27,14,24,6,18,8,6,18,16,21,37,31,29,26,14,23,31,20"
367,turtlebot,dataset_original,csi_dog_dataset/turtlebot/txt/csi_turtlebot_149.txt,"[ 4134.761519] [AOA] Measurement: 0,1619025292.632329,48:8f:5a:df:02:3b,2,1,2,0,128,194,139,860,908,1004,964,271,727,885,10,634,971,823,890,983,412,167,352,620,914,727,951,788,887,737,1017,760,983,249,756,575,262,29,33,30,33,27,42,31,21,18,35,26,43,26,6,31,16,19,6,15,9,9,14,22,17,33,32,26,25,14,25,29,20"
368,turtlebot,dataset_original,csi_dog_dataset/turtlebot/txt/csi_turtlebot_15.txt,"[ 3993.331607] [AOA] Measurement: 0,1619025151.202416,48:8f:5a:df:02:3b,2,1,2,0,128,198,146,800,911,28,999,344,797,1018,22,711,983,869,1018,25,499,680,469,678,13,848,108,822,928,718,969,685,876,253,779,146,998,33,34,34,35,30,44,34,22,15,36,27,40,28,9,30,17,21,7,17,10,7,16,20,20,35,33,30,27,14,25,32,21"
369,turtlebot,dataset_original,csi_dog_dataset/turtlebot/txt/csi_turtlebot_150.txt,"[ 4135.815261] [AOA] Measurement: 0,1619025293.686068,48:8f:5a:df:02:3b,2,1,2,0,128,257,131,320,696,6,34,330,740,860,969,741,40,792,849,1000,362,199,328,628,880,735,905,834,937,641,971,753,9,109,682,896,618,31,34,32,35,27,43,34,22,15,33,27,38,26,9,28,15,23,5,19,9,8,16,17,20,34,32,29,26,16,25,31,22"
370,turtlebot,dataset_original,csi_dog_dataset/turtlebot/txt/csi_turtlebot_151.txt,"[ 4136.880493] [AOA] Measurement: 0,1619025294.751301,48:8f:5a:df:02:3b,2,1,2,0,128,196,127,814,895,53,1017,359,790,876,978,102,776,852,917,968,369,760,498,747,985,762,998,783,873,743,5,735,973,205,705,795,552,27,31,30,32,27,41,28,21,17,36,25,42,26,5,32,17,17,10,16,7,10,15,21,15,29,34,25,24,16,24,26,17"
371,turtlebot,dataset_original,csi_dog_dataset/turtlebot/txt/csi_turtlebot_152.txt,"[ 4137.931678] [AOA] Measurement: 0,1619025295.802486,48:8f:5a:df:02:3b,2,1,2,0,128,310,142,974,923,961,1007,504,771,904,25,747,992,902,17,119,371,932,80,634,893,606,55,622,959,861,114,750,977,266,807,261,944,48,54,49,45,50,52,31,32,35,36,50,58,56,44,57,41,38,49,39,48,45,40,57,34,44,33,40,28,41,53,53,37"
372,turtlebot,dataset_original,csi_dog_dataset/turtlebot/txt/csi_turtlebot_153.txt,"[ 4138.981678] [AOA] Measurement: 0,1619025296.852485,48:8f:5a:df:02:3b,2,1,2,0,128,381,184,5,955,965,1006,426,697,963,99,765,30,766,945,100,339,971,91,597,901,610,53,617,956,896,137,905,126,267,800,876,446,46,49,48,44,48,51,31,33,36,36,49,58,57,44,58,44,39,45,41,49,45,41,55,34,46,33,43,27,46,58,57,40"
373,turtlebot,dataset_original,csi_dog_dataset/turtlebot/txt/csi_turtlebot_154.txt,"[ 4140.031685] [AOA] Measurement: 0,1619025297.902492,48:8f:5a:df:02:3b,2,1,2,0,128,393,173,921,897,4,1,468,742,842,38,859,50,829,985,77,360,920,65,590,884,584,52,661,980,871,137,853,62,218,783,465,124,39,49,44,34,41,43,27,26,27,32,44,55,46,36,44,30,29,48,32,39,38,32,51,27,32,27,34,27,28,44,40,25"
374,turtlebot,dataset_original,csi_dog_dataset/turtlebot/txt/csi_turtlebot_155.txt,"[ 4141.090275] [AOA] Measurement: 0,1619025298.961081,48:8f:5a:df:02:3b,2,1,2,0,128,322,185,993,948,1016,10,437,745,861,15,854,86,795,1005,34,290,51,134,604,932,614,49,684,997,910,127,793,20,260,846,520,136,45,51,47,45,48,51,31,33,36,36,49,58,58,45,58,43,41,46,40,49,46,41,56,35,45,32,44,26,44,59,56,41"
375,turtlebot,dataset_original,csi_dog_dataset/turtlebot/txt/csi_turtlebot_156.txt,"[ 4142.150963] [AOA] Measurement: 0,1619025300.021772,48:8f:5a:df:02:3b,2,1,2,0,128,357,182,993,930,966,1003,436,729,924,65,777,1021,817,961,82,320,978,42,616,911,662,89,678,971,834,82,876,76,253,807,229,922,45,51,47,42,47,48,28,31,33,34,47,58,51,42,53,37,35,46,38,44,41,36,53,31,41,28,40,26,38,51,51,36"
376,turtlebot,dataset_original,csi_dog_dataset/turtlebot/txt/csi_turtlebot_157.txt,"[ 4143.210924] [AOA] Measurement: 0,1619025301.081731,48:8f:5a:df:02:3b,2,1,2,0,128,820,1018,76,7,986,996,427,743,908,56,818,58,830,983,110,361,978,29,662,971,592,3,651,939,910,169,787,1013,238,803,941,542,43,52,47,42,46,49,30,32,32,34,47,56,55,43,53,39,36,47,38,45,42,39,53,33,40,31,41,26,39,53,51,36"
377,turtlebot,dataset_original,csi_dog_dataset/turtlebot/txt/csi_turtlebot_158.txt,"[ 4144.270616] [AOA] Measurement: 0,1619025302.141422,48:8f:5a:df:02:3b,2,1,2,0,128,368,151,1020,968,363,769,493,762,885,46,799,22,901,1018,50,306,999,127,607,935,565,17,134,760,883,116,804,20,206,787,974,714,47,55,49,45,48,50,31,32,35,37,49,59,55,43,56,39,37,50,41,47,45,38,58,33,44,33,43,28,41,56,54,38"
378,turtlebot,dataset_original,csi_dog_dataset/turtlebot/txt/csi_turtlebot_159.txt,"[ 4145.321616] [AOA] Measurement: 0,1619025303.192422,48:8f:5a:df:02:3b,2,1,2,0,128,378,172,928,901,419,805,478,745,933,40,811,16,829,2,19,311,455,922,558,857,640,55,71,725,370,1016,823,984,218,768,500,164,46,54,50,44,49,50,31,32,34,35,49,60,53,42,55,38,35,51,40,47,44,38,57,33,40,32,40,28,37,53,52,35"
379,turtlebot,dataset_original,csi_dog_dataset/turtlebot/txt/csi_turtlebot_16.txt,"[ 3994.390314] [AOA] Measurement: 0,1619025152.261122,48:8f:5a:df:02:3b,2,1,2,0,128,249,132,807,900,530,846,315,766,861,955,708,977,847,884,956,348,815,603,670,971,724,953,766,896,724,1006,722,966,210,726,50,745,35,33,33,36,26,42,35,21,13,33,25,37,27,11,27,15,23,5,20,9,6,17,18,20,36,32,29,26,14,24,31,21"
380,turtlebot,dataset_original,csi_dog_dataset/turtlebot/txt/csi_turtlebot_160.txt,"[ 4146.389225] [AOA] Measurement: 0,1619025304.260033,48:8f:5a:df:02:3b,2,1,2,0,128,361,130,973,933,911,930,889,549,915,46,811,14,760,917,104,359,3,123,589,894,673,73,616,912,295,958,863,39,226,769,199,939,48,56,51,46,51,52,31,32,35,36,50,60,56,44,56,40,38,50,41,48,45,40,58,33,43,33,43,28,41,56,53,37"
381,turtlebot,dataset_original,csi_dog_dataset/turtlebot/txt/csi_turtlebot_161.txt,"[ 4147.441711] [AOA] Measurement: 0,1619025305.312517,48:8f:5a:df:02:3b,2,1,2,0,128,837,1000,994,999,945,960,877,529,904,67,800,42,738,945,121,362,1016,62,582,901,590,69,49,746,893,155,800,1014,216,788,462,41,38,47,43,35,41,43,25,24,28,29,43,52,46,34,44,30,29,44,32,39,37,30,49,27,31,25,35,27,28,44,40,26"
382,turtlebot,dataset_original,csi_dog_dataset/turtlebot/txt/csi_turtlebot_162.txt,"[ 4148.501208] [AOA] Measurement: 0,1619025306.372015,48:8f:5a:df:02:3b,2,1,2,0,128,473,213,941,913,517,839,436,705,943,102,765,1012,230,744,542,149,0,98,558,869,76,903,667,953,808,92,841,20,638,572,383,83,46,49,48,44,49,50,30,33,35,37,48,58,57,46,58,43,39,46,39,49,43,41,56,34,45,32,43,27,44,57,59,42"
383,turtlebot,dataset_original,csi_dog_dataset/turtlebot/txt/csi_turtlebot_163.txt,"[ 4149.560535] [AOA] Measurement: 0,1619025307.431342,48:8f:5a:df:02:3b,2,1,2,0,128,302,151,980,958,964,974,510,764,846,31,829,40,800,943,28,339,2,98,589,902,612,79,637,972,821,98,866,59,224,783,857,531,47,51,50,45,50,50,32,33,37,38,50,58,59,45,58,41,40,48,41,49,46,40,57,33,47,34,43,27,44,57,58,42"
384,turtlebot,dataset_original,csi_dog_dataset/turtlebot/txt/csi_turtlebot_164.txt,"[ 4150.620317] [AOA] Measurement: 0,1619025308.491127,48:8f:5a:df:02:3b,2,1,2,0,128,384,202,1008,991,976,1019,419,719,850,4,883,101,800,975,117,352,1017,85,607,917,608,45,702,986,865,139,860,75,226,836,820,310,40,50,46,37,44,44,27,28,29,33,45,55,49,39,49,34,32,46,34,41,40,35,52,30,36,28,37,27,33,47,46,31"
385,turtlebot,dataset_original,csi_dog_dataset/turtlebot/txt/csi_turtlebot_165.txt,"[ 4151.680390] [AOA] Measurement: 0,1619025309.551197,48:8f:5a:df:02:3b,2,1,2,0,128,454,235,944,951,513,866,426,742,877,28,218,867,238,787,145,337,983,43,638,948,642,76,642,960,881,178,847,69,146,768,534,200,47,52,49,45,50,52,32,33,36,36,51,59,58,46,59,43,39,47,41,50,46,40,57,34,45,32,43,27,45,57,57,40"
386,turtlebot,dataset_original,csi_dog_dataset/turtlebot/txt/csi_turtlebot_166.txt,"[ 4152.740678] [AOA] Measurement: 0,1619025310.611486,48:8f:5a:df:02:3b,2,1,2,0,128,394,239,1017,1009,963,986,462,788,875,71,813,84,835,1008,121,371,37,114,633,922,625,55,714,8,814,141,887,91,226,792,839,433,47,53,49,44,50,50,31,33,35,38,50,58,59,44,58,44,41,47,41,47,46,41,58,33,46,33,44,28,44,58,59,41"
387,turtlebot,dataset_original,csi_dog_dataset/turtlebot/txt/csi_turtlebot_167.txt,"[ 4153.791649] [AOA] Measurement: 0,1619025311.662456,48:8f:5a:df:02:3b,2,1,2,0,128,381,196,983,982,946,951,429,711,970,67,805,35,752,935,613,186,1002,46,573,912,580,40,691,954,877,121,850,21,283,848,672,345,39,40,38,37,41,44,27,31,35,33,41,49,53,41,53,42,36,36,37,46,41,39,51,30,41,29,38,25,45,52,55,39"
388,turtlebot,dataset_original,csi_dog_dataset/turtlebot/txt/csi_turtlebot_168.txt,"[ 4154.860799] [AOA] Measurement: 0,1619025312.731604,48:8f:5a:df:02:3b,2,1,2,0,128,412,211,934,901,1014,991,404,730,883,46,871,54,818,0,510,116,23,119,545,867,622,53,640,922,802,86,814,11,209,784,671,376,45,51,48,44,50,50,31,32,37,37,47,58,57,46,58,44,41,46,39,49,45,40,58,33,45,32,43,28,44,57,57,41"
389,turtlebot,dataset_original,csi_dog_dataset/turtlebot/txt/csi_turtlebot_169.txt,"[ 4155.911644] [AOA] Measurement: 0,1619025313.782451,48:8f:5a:df:02:3b,2,1,2,0,128,818,0,1014,949,409,788,456,732,852,14,254,863,803,984,97,323,907,1023,141,770,23,874,684,901,879,137,790,5,184,740,520,259,43,52,47,39,43,47,28,29,29,33,46,57,49,37,48,31,33,49,35,41,40,34,53,29,34,27,35,28,31,48,44,26"
390,turtlebot,dataset_original,csi_dog_dataset/turtlebot/txt/csi_turtlebot_17.txt,"[ 3995.451400] [AOA] Measurement: 0,1619025153.322209,48:8f:5a:df:02:3b,2,1,2,0,128,293,186,839,886,47,3,269,708,870,998,680,1000,795,864,989,389,803,598,565,878,224,815,816,917,756,1007,759,1009,124,659,562,346,29,33,32,33,28,44,32,22,17,36,24,41,28,6,32,17,18,8,14,10,10,16,20,15,30,34,27,24,15,26,28,18"
391,turtlebot,dataset_original,csi_dog_dataset/turtlebot/txt/csi_turtlebot_170.txt,"[ 4156.969770] [AOA] Measurement: 0,1619025314.840581,48:8f:5a:df:02:3b,2,1,2,0,128,365,204,958,958,6,14,495,769,892,54,828,41,904,37,111,332,19,123,556,907,687,155,637,998,902,184,852,39,223,800,833,520,46,50,47,42,48,51,31,33,36,36,48,57,57,46,58,44,40,44,40,47,43,41,55,34,45,32,43,26,46,56,59,43"
392,turtlebot,dataset_original,csi_dog_dataset/turtlebot/txt/csi_turtlebot_171.txt,"[ 4158.021660] [AOA] Measurement: 0,1619025315.892470,48:8f:5a:df:02:3b,2,1,2,0,128,405,231,912,879,1017,1010,427,737,857,12,853,47,824,982,18,271,954,46,594,919,577,22,657,945,868,133,858,45,255,832,567,140,39,42,41,37,44,45,29,32,35,33,44,50,53,42,54,42,38,39,36,44,41,37,53,30,42,31,42,26,46,53,55,41"
393,turtlebot,dataset_original,csi_dog_dataset/turtlebot/txt/csi_turtlebot_172.txt,"[ 4159.071694] [AOA] Measurement: 0,1619025316.942504,48:8f:5a:df:02:3b,2,1,2,0,128,382,200,1015,954,939,1005,434,691,923,19,830,75,774,935,45,309,999,74,659,931,601,28,641,920,851,120,898,60,209,769,272,986,46,53,49,42,47,48,30,29,31,35,48,58,52,42,52,35,35,50,38,45,43,37,55,30,39,30,39,28,36,51,48,32"
394,turtlebot,dataset_original,csi_dog_dataset/turtlebot/txt/csi_turtlebot_173.txt,"[ 4160.121873] [AOA] Measurement: 0,1619025317.992682,48:8f:5a:df:02:3b,2,1,2,0,128,271,157,869,946,1023,1010,292,755,924,8,705,1009,864,908,39,462,708,443,614,943,722,973,807,903,711,1023,782,2,204,735,836,487,32,33,32,35,27,42,33,22,15,34,25,38,24,8,29,17,21,5,18,9,6,15,18,18,34,33,28,26,14,24,30,20"
395,turtlebot,dataset_original,csi_dog_dataset/turtlebot/txt/csi_turtlebot_174.txt,"[ 4161.171622] [AOA] Measurement: 0,1619025319.042429,48:8f:5a:df:02:3b,2,1,2,0,128,259,135,847,849,998,1008,326,746,819,972,776,1011,809,892,979,395,863,861,553,796,743,863,814,870,721,15,754,6,151,696,940,542,27,35,30,34,27,42,31,22,17,37,24,43,26,7,32,18,20,8,16,8,10,14,20,17,31,35,27,25,16,26,28,19"
396,turtlebot,dataset_original,csi_dog_dataset/turtlebot/txt/csi_turtlebot_175.txt,"[ 4162.239597] [AOA] Measurement: 0,1619025320.110404,48:8f:5a:df:02:3b,2,1,2,0,128,323,151,779,830,8,23,310,713,846,988,689,1008,757,814,969,364,787,811,595,817,679,810,801,850,736,0,779,19,131,640,651,360,34,31,31,33,22,37,34,19,10,27,23,31,22,9,25,12,25,6,16,11,2,17,13,21,35,26,27,24,14,24,29,20"
397,turtlebot,dataset_original,csi_dog_dataset/turtlebot/txt/csi_turtlebot_176.txt,"[ 4163.291527] [AOA] Measurement: 0,1619025321.162337,48:8f:5a:df:02:3b,2,1,2,0,128,254,110,859,861,971,982,327,720,812,966,691,1013,188,580,978,394,758,755,563,785,705,826,841,908,725,2,734,11,122,673,189,871,30,33,32,34,29,44,31,22,16,35,26,39,26,7,30,17,21,5,18,10,8,15,19,18,33,33,28,27,14,24,32,20"
398,turtlebot,dataset_original,csi_dog_dataset/turtlebot/txt/csi_turtlebot_177.txt,"[ 4164.348111] [AOA] Measurement: 0,1619025322.218923,48:8f:5a:df:02:3b,2,1,2,0,128,188,85,253,653,12,1021,323,731,881,1005,668,986,846,861,40,459,787,674,17,614,779,931,768,891,701,1016,807,28,79,619,797,532,32,34,31,34,28,43,33,20,16,34,26,40,26,8,29,16,21,5,18,9,8,15,18,18,34,32,30,27,16,25,32,22"
399,turtlebot,dataset_original,csi_dog_dataset/turtlebot/txt/csi_turtlebot_178.txt,"[ 4165.401770] [AOA] Measurement: 0,1619025323.272579,48:8f:5a:df:02:3b,2,1,2,0,128,238,132,896,943,17,1013,346,768,860,989,702,1010,773,871,996,429,785,592,622,931,651,868,879,933,809,19,699,1021,215,764,440,170,29,32,30,33,28,43,30,22,17,36,25,40,25,7,31,16,18,8,16,7,10,15,21,15,30,35,27,25,14,24,29,20"
400,turtlebot,dataset_original,csi_dog_dataset/turtlebot/txt/csi_turtlebot_179.txt,"[ 4166.451776] [AOA] Measurement: 0,1619025324.322583,48:8f:5a:df:02:3b,2,1,2,0,128,290,147,798,851,29,1021,303,712,847,976,736,998,775,826,1011,425,814,771,605,809,747,879,786,838,742,1023,776,8,81,639,804,534,33,33,32,33,27,44,33,22,15,34,25,39,28,8,29,17,21,6,18,10,7,16,20,19,34,34,27,25,15,25,30,21"
401,nothing,dataset_original,csi_dog_dataset/nothing/txt/csi_nothing_151.txt,"[ 5867.530572] [AOA] Measurement: 0,1619027025.401365,48:8f:5a:df:02:3b,2,1,2,0,128,234,4,775,801,954,11,314,424,9,131,843,979,833,950,56,326,905,1007,440,824,605,1008,648,967,1013,147,911,1000,258,832,101,742,62,55,62,56,62,62,66,39,58,61,61,65,59,64,64,58,71,60,69,58,69,59,71,67,67,67,69,62,73,75,74,65"
402,nothing,dataset_original,csi_dog_dataset/nothing/txt/csi_nothing_152.txt,"[ 5868.581150] [AOA] Measurement: 0,1619027026.451943,48:8f:5a:df:02:3b,2,1,2,0,128,188,4,846,902,949,25,382,552,1014,133,988,78,825,980,40,323,997,27,495,877,594,1019,644,977,12,166,966,70,242,828,84,727,68,60,66,61,65,67,68,40,63,65,66,69,62,66,65,61,74,63,72,62,72,63,75,71,71,67,73,63,76,78,74,67"
403,nothing,dataset_original,csi_dog_dataset/nothing/txt/csi_nothing_153.txt,"[ 5869.640527] [AOA] Measurement: 0,1619027027.511319,48:8f:5a:df:02:3b,2,1,2,0,128,239,17,809,867,423,824,394,593,973,67,374,857,814,972,103,424,819,954,495,867,591,1019,609,931,1016,168,1022,87,233,862,78,782,86,76,81,73,79,82,87,49,79,81,80,86,76,82,83,77,92,77,90,76,91,77,94,88,88,85,91,79,96,100,96,85"
404,nothing,dataset_original,csi_dog_dataset/nothing/txt/csi_nothing_154.txt,"[ 5870.691736] [AOA] Measurement: 0,1619027028.562531,48:8f:5a:df:02:3b,2,1,2,0,128,352,100,769,843,1002,20,362,571,3,90,930,42,868,1008,42,330,932,21,501,892,618,18,657,998,944,147,965,35,246,864,1012,611,69,62,67,60,66,65,69,42,64,63,67,70,60,68,67,62,73,64,73,64,74,62,75,71,72,67,73,64,77,78,76,68"
405,nothing,dataset_original,csi_dog_dataset/nothing/txt/csi_nothing_155.txt,"[ 5871.741491] [AOA] Measurement: 0,1619027029.612281,48:8f:5a:df:02:3b,2,1,2,0,128,214,6,858,899,960,21,380,596,10,109,903,13,905,9,57,393,919,27,432,834,582,1022,616,962,6,200,1006,67,251,879,765,383,78,67,76,68,75,78,79,48,75,76,76,83,71,78,79,69,89,73,85,71,83,75,88,83,80,82,84,74,90,93,87,76"
406,nothing,dataset_original,csi_dog_dataset/nothing/txt/csi_nothing_156.txt,"[ 5872.800857] [AOA] Measurement: 0,1619027030.671648,48:8f:5a:df:02:3b,2,1,2,0,128,251,999,813,865,1001,22,377,579,2,119,917,4,765,924,569,123,913,57,405,817,654,33,659,980,989,167,979,75,222,827,428,21,73,65,69,64,68,70,73,42,67,68,70,73,62,71,67,64,76,68,76,64,77,63,77,72,75,66,73,65,80,80,76,67"
407,nothing,dataset_original,csi_dog_dataset/nothing/txt/csi_nothing_157.txt,"[ 5873.853226] [AOA] Measurement: 0,1619027031.724017,48:8f:5a:df:02:3b,2,1,2,0,128,705,850,817,854,947,1022,831,327,988,72,895,26,818,987,1015,273,864,991,451,827,622,1008,700,966,1022,181,927,21,235,824,512,158,93,80,87,81,86,86,92,51,82,87,87,92,77,88,86,80,95,84,95,81,95,79,99,90,95,87,95,81,101,101,98,89"
408,nothing,dataset_original,csi_dog_dataset/nothing/txt/csi_nothing_158.txt,"[ 5874.910668] [AOA] Measurement: 0,1619027032.781460,48:8f:5a:df:02:3b,2,1,2,0,128,175,985,874,893,967,1023,350,514,993,97,921,26,814,1000,134,394,879,0,458,847,577,18,637,970,933,154,959,1,221,860,147,745,89,78,86,79,83,87,89,50,81,87,85,90,75,88,85,79,96,83,95,81,95,79,98,92,93,86,94,80,100,102,98,86"
409,nothing,dataset_original,csi_dog_dataset/nothing/txt/csi_nothing_159.txt,"[ 6012.894570] [AOA] Measurement: 0,1619027170.765369,48:8f:5a:df:02:3b,2,1,2,0,128,298,72,772,842,968,997,325,450,52,148,893,30,806,951,130,410,905,11,457,837,655,53,683,987,939,123,990,59,240,848,826,484,80,74,79,73,76,79,81,53,70,78,78,78,67,76,75,70,71,72,70,74,78,73,80,70,79,70,72,66,80,75,80,73"
410,nothing,dataset_original,csi_dog_dataset/nothing/txt/csi_nothing_16.txt,"[ 5346.250179] [AOA] Measurement: 0,1619026504.120975,48:8f:5a:df:02:3b,2,1,2,0,128,277,74,754,824,982,34,347,518,51,159,848,1015,815,1008,105,392,877,1007,451,803,614,24,650,976,996,182,972,41,286,861,720,348,61,55,60,54,61,60,63,38,57,60,60,64,56,61,59,58,66,57,66,57,67,54,68,64,64,61,63,57,69,68,66,58"
411,nothing,dataset_original,csi_dog_dataset/nothing/txt/csi_nothing_160.txt,"[ 6013.943312] [AOA] Measurement: 0,1619027171.814104,48:8f:5a:df:02:3b,2,1,2,2,128,298,72,772,842,968,997,325,450,52,148,893,30,806,951,130,410,905,11,457,837,655,53,683,987,939,123,990,59,240,848,826,484,80,74,79,73,76,79,81,53,70,78,78,78,67,76,75,70,71,72,70,74,78,73,80,70,79,70,72,66,80,75,80,73"
412,nothing,dataset_original,csi_dog_dataset/nothing/txt/csi_nothing_161.txt,"[ 6014.998255] [AOA] Measurement: 0,1619027172.869051,48:8f:5a:df:02:3b,2,1,2,0,128,145,971,853,874,961,21,384,557,52,142,908,4,818,1010,0,344,934,40,405,820,663,59,586,924,42,202,969,31,249,849,547,147,65,60,64,58,65,65,67,42,65,63,66,69,63,66,66,62,74,61,74,62,71,63,75,70,70,69,70,65,76,77,74,68"
413,nothing,dataset_original,csi_dog_dataset/nothing/txt/csi_nothing_162.txt,"[ 6016.050818] [AOA] Measurement: 0,1619027173.921609,48:8f:5a:df:02:3b,2,1,2,0,128,226,4,800,874,993,19,290,528,82,168,949,63,751,965,104,353,939,8,459,873,632,32,669,971,963,118,23,86,259,873,986,623,71,56,63,52,54,59,63,29,53,66,62,63,36,52,52,50,49,62,51,51,62,52,56,49,59,40,55,42,59,55,59,50"
414,nothing,dataset_original,csi_dog_dataset/nothing/txt/csi_nothing_163.txt,"[ 6017.092077] [AOA] Measurement: 0,1619027174.962869,48:8f:5a:df:02:3b,2,1,2,0,128,314,54,803,850,960,1011,353,535,1012,113,891,1008,781,968,107,356,871,26,481,870,631,33,600,949,12,188,954,54,204,830,142,764,71,63,69,64,69,67,71,45,66,67,69,73,63,69,68,66,76,65,75,65,76,64,78,72,73,71,74,65,79,80,78,69"
415,nothing,dataset_original,csi_dog_dataset/nothing/txt/csi_nothing_164.txt,"[ 6018.159746] [AOA] Measurement: 0,1619027176.030537,48:8f:5a:df:02:3b,2,1,2,0,128,248,1021,868,864,899,989,397,549,995,84,998,81,763,957,26,306,921,21,517,889,596,1000,583,920,11,209,906,1016,275,881,329,922,69,57,62,50,54,59,61,29,50,64,61,62,37,52,50,50,47,62,50,49,61,50,57,50,59,39,53,41,60,54,57,49"
416,nothing,dataset_original,csi_dog_dataset/nothing/txt/csi_nothing_165.txt,"[ 6019.211898] [AOA] Measurement: 0,1619027177.082690,48:8f:5a:df:02:3b,2,1,2,0,128,219,1005,837,897,979,20,424,604,986,99,949,60,798,968,70,338,828,1006,479,855,660,70,601,931,476,1008,1016,51,234,849,853,458,69,62,68,62,68,67,72,44,66,68,69,71,65,69,68,63,74,65,75,65,75,64,79,73,72,71,74,66,77,77,75,69"
417,nothing,dataset_original,csi_dog_dataset/nothing/txt/csi_nothing_166.txt,"[ 6020.261812] [AOA] Measurement: 0,1619027178.132606,48:8f:5a:df:02:3b,2,1,2,0,128,285,45,827,858,968,1009,402,566,932,73,934,16,782,953,87,337,878,6,528,903,667,49,614,949,13,205,1018,73,182,802,980,609,66,59,67,59,67,66,68,41,64,64,66,68,62,66,66,62,74,61,72,61,71,62,76,69,69,69,70,65,76,76,74,66"
418,nothing,dataset_original,csi_dog_dataset/nothing/txt/csi_nothing_167.txt,"[ 6021.311506] [AOA] Measurement: 0,1619027179.182299,48:8f:5a:df:02:3b,2,1,2,0,128,291,57,816,875,970,13,402,609,955,90,247,798,839,989,67,367,904,16,441,799,654,58,604,972,24,187,960,62,281,864,445,172,66,59,64,58,64,64,67,42,61,63,65,66,62,66,64,59,72,61,71,61,69,61,75,70,69,70,69,63,77,76,74,67"
419,nothing,dataset_original,csi_dog_dataset/nothing/txt/csi_nothing_168.txt,"[ 6022.379018] [AOA] Measurement: 0,1619027180.249809,48:8f:5a:df:02:3b,2,1,2,0,128,238,33,789,861,945,9,390,574,1005,95,885,10,828,988,182,398,872,16,532,914,536,980,593,966,38,196,922,34,173,821,459,89,72,65,68,64,69,69,71,43,66,69,68,72,63,70,68,63,76,66,75,65,76,64,77,73,72,71,74,65,78,79,77,67"
420,nothing,dataset_original,csi_dog_dataset/nothing/txt/csi_nothing_169.txt,"[ 6023.430723] [AOA] Measurement: 0,1619027181.301516,48:8f:5a:df:02:3b,2,1,2,0,128,216,1014,273,655,960,980,398,559,4,126,916,63,827,976,83,371,844,975,513,853,549,1019,576,917,10,185,1014,59,261,862,948,521,70,63,67,63,69,67,70,45,66,66,68,70,63,69,69,64,76,65,74,64,75,63,77,72,70,69,73,66,78,78,77,69"
421,nothing,dataset_original,csi_dog_dataset/nothing/txt/csi_nothing_17.txt,"[ 5347.309542] [AOA] Measurement: 0,1619026505.180338,48:8f:5a:df:02:3b,2,1,2,0,128,700,893,860,874,921,980,874,341,146,200,911,32,792,1011,27,331,887,1010,494,867,645,24,642,997,970,161,995,58,288,858,154,833,58,52,56,51,57,56,60,37,56,56,56,60,54,58,58,53,63,51,62,53,62,53,64,62,61,61,60,55,64,66,64,58"
422,nothing,dataset_original,csi_dog_dataset/nothing/txt/csi_nothing_170.txt,"[ 6024.482059] [AOA] Measurement: 0,1619027182.352852,48:8f:5a:df:02:3b,2,1,2,0,128,195,13,903,932,930,982,440,619,56,155,923,47,871,1004,61,354,898,1012,459,856,581,16,703,1018,964,187,965,56,254,855,353,992,65,58,62,57,63,64,67,42,63,63,62,66,61,64,63,59,72,60,69,58,68,59,72,69,66,66,66,63,72,73,71,63"
423,nothing,dataset_original,csi_dog_dataset/nothing/txt/csi_nothing_171.txt,"[ 6025.538232] [AOA] Measurement: 0,1619027183.409027,48:8f:5a:df:02:3b,2,1,2,0,128,266,60,851,908,933,988,342,547,1002,87,921,4,823,985,116,403,914,35,436,854,641,18,643,1001,1023,150,989,72,267,896,226,927,64,57,64,58,63,63,67,43,61,61,62,65,61,65,64,59,72,58,70,61,69,60,74,70,68,69,70,62,73,75,72,66"
424,nothing,dataset_original,csi_dog_dataset/nothing/txt/csi_nothing_172.txt,"[ 6026.588199] [AOA] Measurement: 0,1619027184.458995,48:8f:5a:df:02:3b,2,1,2,0,128,216,40,835,877,999,18,432,627,941,69,937,38,851,1007,53,362,898,67,464,867,581,1021,666,958,14,193,986,54,241,827,828,496,59,54,61,53,60,62,63,40,58,57,60,64,58,61,63,57,68,57,67,56,66,58,69,67,64,66,66,59,69,72,69,62"
425,nothing,dataset_original,csi_dog_dataset/nothing/txt/csi_nothing_173.txt,"[ 6027.640955] [AOA] Measurement: 0,1619027185.511749,48:8f:5a:df:02:3b,2,1,2,0,128,253,64,803,854,986,31,361,525,17,127,907,46,819,1004,87,388,932,51,453,873,625,17,582,900,1016,194,900,10,311,869,409,5,72,62,69,63,68,68,72,44,67,69,70,71,63,68,66,63,73,65,74,65,74,62,77,72,74,69,74,67,79,79,76,70"
426,nothing,dataset_original,csi_dog_dataset/nothing/txt/csi_nothing_174.txt,"[ 6028.698744] [AOA] Measurement: 0,1619027186.569540,48:8f:5a:df:02:3b,2,1,2,0,128,265,24,770,845,946,1005,393,579,22,115,887,5,846,993,54,363,865,1011,419,823,52,839,603,920,953,122,393,852,289,864,349,991,67,60,65,60,64,65,69,42,64,65,66,69,63,66,66,63,75,62,74,63,74,63,76,72,68,70,72,65,76,78,76,68"
427,nothing,dataset_original,csi_dog_dataset/nothing/txt/csi_nothing_175.txt,"[ 6029.741243] [AOA] Measurement: 0,1619027187.612037,48:8f:5a:df:02:3b,2,1,2,0,128,250,8,827,867,915,972,415,522,990,131,925,28,207,709,534,115,916,1,495,873,576,989,552,883,69,247,964,32,253,865,397,42,72,57,62,53,56,59,64,31,52,64,62,63,39,53,52,51,48,61,53,50,61,51,57,50,59,38,54,41,59,54,58,47"
428,nothing,dataset_original,csi_dog_dataset/nothing/txt/csi_nothing_176.txt,"[ 6030.797860] [AOA] Measurement: 0,1619027188.668656,48:8f:5a:df:02:3b,2,1,2,0,128,181,996,822,873,982,28,392,579,1017,97,355,850,841,993,47,344,856,4,451,835,603,3,654,975,944,121,970,51,304,908,1004,642,69,63,68,63,67,68,71,43,65,67,69,72,64,70,67,64,76,66,75,64,75,62,77,73,73,70,73,65,78,77,76,69"
429,nothing,dataset_original,csi_dog_dataset/nothing/txt/csi_nothing_177.txt,"[ 6031.850806] [AOA] Measurement: 0,1619027189.721597,48:8f:5a:df:02:3b,2,1,2,0,128,254,46,745,799,404,826,396,574,984,105,843,1005,876,12,58,361,874,1020,462,848,651,56,645,958,985,132,983,39,259,861,898,519,74,66,70,65,71,69,74,46,67,70,71,75,64,71,68,67,74,67,76,66,77,65,78,75,72,70,73,67,79,79,77,68"
430,nothing,dataset_original,csi_dog_dataset/nothing/txt/csi_nothing_178.txt,"[ 6032.919216] [AOA] Measurement: 0,1619027190.790007,48:8f:5a:df:02:3b,2,1,2,0,128,129,973,831,862,380,807,367,539,997,99,914,1023,788,936,129,422,881,1001,473,860,667,54,602,928,987,134,21,111,293,876,325,935,68,61,67,61,67,68,71,42,64,66,67,70,63,67,65,65,75,64,74,64,76,63,77,72,73,67,73,67,77,78,76,67"
431,nothing,dataset_original,csi_dog_dataset/nothing/txt/csi_nothing_179.txt,"[ 6033.979100] [AOA] Measurement: 0,1619027191.849891,48:8f:5a:df:02:3b,2,1,2,0,128,293,60,776,878,916,963,394,548,466,970,873,30,832,979,104,381,895,12,408,844,662,58,597,929,1018,155,12,86,242,840,523,151,74,65,70,65,69,69,75,45,68,71,71,73,63,72,69,66,76,67,77,65,78,65,80,73,73,70,75,67,80,79,78,70"
432,nothing,dataset_original,csi_dog_dataset/nothing/txt/csi_nothing_18.txt,"[ 5348.370765] [AOA] Measurement: 0,1619026506.241563,48:8f:5a:df:02:3b,2,1,2,0,128,227,30,837,869,899,969,381,562,9,126,883,33,862,998,111,370,886,1023,474,861,606,0,658,993,944,117,52,140,249,882,919,540,61,54,59,55,59,58,61,38,57,58,60,63,55,62,59,56,65,57,65,58,64,55,66,62,61,60,63,56,66,67,65,59"
433,nothing,dataset_original,csi_dog_dataset/nothing/txt/csi_nothing_180.txt,"[ 6035.028858] [AOA] Measurement: 0,1619027192.899654,48:8f:5a:df:02:3b,2,1,2,0,128,198,998,824,893,990,36,400,571,1019,135,865,1023,823,993,122,391,879,996,511,870,611,14,626,940,17,172,978,41,246,869,825,382,80,73,76,70,76,76,81,49,74,77,76,81,71,77,76,71,87,72,84,72,84,72,86,81,80,79,82,76,88,91,86,78"
434,nothing,dataset_original,csi_dog_dataset/nothing/txt/csi_nothing_181.txt,"[ 6036.071763] [AOA] Measurement: 0,1619027193.942556,48:8f:5a:df:02:3b,2,1,2,0,128,231,35,826,839,936,999,339,527,46,114,885,14,823,981,137,381,909,15,490,883,591,4,629,973,1001,146,944,22,246,840,892,517,77,70,72,68,72,71,74,46,68,75,73,75,61,74,69,66,72,71,76,67,77,65,78,71,73,67,76,65,80,78,76,68"
435,nothing,dataset_original,csi_dog_dataset/nothing/txt/csi_nothing_182.txt,"[ 6037.121269] [AOA] Measurement: 0,1619027194.992060,48:8f:5a:df:02:3b,2,1,2,0,128,264,47,782,851,1012,1019,377,558,43,148,883,1,769,994,107,374,931,54,413,829,672,44,617,966,27,210,950,53,237,842,293,914,66,59,65,61,65,65,65,43,62,64,65,68,62,66,66,61,74,63,72,63,73,61,74,72,69,68,71,65,76,76,74,66"
436,nothing,dataset_original,csi_dog_dataset/nothing/txt/csi_nothing_183.txt,"[ 6038.171599] [AOA] Measurement: 0,1619027196.042389,48:8f:5a:df:02:3b,2,1,2,0,128,204,1013,835,901,1012,44,399,554,995,125,914,57,775,975,43,335,820,1011,498,860,640,37,602,975,981,169,1010,58,224,836,258,923,62,56,60,55,61,61,65,38,60,61,61,64,59,62,63,56,71,56,67,55,66,58,69,64,63,65,64,60,69,71,68,61"
437,nothing,dataset_original,csi_dog_dataset/nothing/txt/csi_nothing_184.txt,"[ 6039.230951] [AOA] Measurement: 0,1619027197.101742,48:8f:5a:df:02:3b,2,1,2,0,128,208,1019,855,889,938,980,336,513,64,160,940,53,851,997,110,384,859,998,512,903,627,12,607,952,976,145,938,24,290,865,870,497,78,67,73,66,71,71,75,44,66,71,72,73,60,71,66,65,72,70,73,64,76,62,75,69,73,64,72,63,79,75,73,66"
438,nothing,dataset_original,csi_dog_dataset/nothing/txt/csi_nothing_185.txt,"[ 6040.281581] [AOA] Measurement: 0,1619027198.152372,48:8f:5a:df:02:3b,2,1,2,0,128,241,20,827,889,984,23,387,605,972,100,974,60,866,1013,135,414,857,996,547,917,635,34,637,983,991,141,970,50,298,897,200,826,75,68,73,66,70,69,73,46,68,70,71,73,64,72,69,67,75,67,76,66,79,66,78,74,74,69,75,66,80,78,76,68"
439,nothing,dataset_original,csi_dog_dataset/nothing/txt/csi_nothing_186.txt,"[ 6041.331461] [AOA] Measurement: 0,1619027199.202253,48:8f:5a:df:02:3b,2,1,2,0,128,217,0,834,897,910,975,397,587,988,107,949,44,801,975,112,378,856,993,511,890,604,1020,588,938,970,141,994,111,206,792,182,787,75,62,67,57,62,63,67,36,56,69,65,67,46,59,57,57,56,66,62,55,69,56,65,59,63,48,63,51,69,63,67,57"
440,nothing,dataset_original,csi_dog_dataset/nothing/txt/csi_nothing_187.txt,"[ 6042.381922] [AOA] Measurement: 0,1619027200.252715,48:8f:5a:df:02:3b,2,1,2,0,128,272,82,761,832,926,1002,415,570,1019,129,892,20,773,953,142,387,922,13,456,830,669,35,589,918,1005,180,1011,87,219,806,6,645,71,57,62,51,54,58,62,29,50,63,59,61,39,52,50,51,46,62,53,48,61,52,56,50,57,37,52,43,60,54,57,48"
441,person_1,dataset_original,csi_dog_dataset/person_1/txt/csi_person_1_195.txt,"[24239.279537] [AOA] Measurement: 0,1619045398.663853,48:8f:5a:df:02:3b,2,1,2,0,128,458,690,770,848,1000,987,411,885,181,748,986,810,467,398,754,984,54,821,957,203,671,78,869,955,141,695,117,974,959,384,470,77,36,39,24,43,71,85,45,51,33,46,41,55,46,41,52,44,18,52,24,18,39,40,35,42,39,47,71,43,59,54,70,29"
442,person_1,dataset_original,csi_dog_dataset/person_1/txt/csi_person_1_196.txt,"[24240.322109] [AOA] Measurement: 0,1619045399.706419,48:8f:5a:df:02:3b,2,1,2,0,128,616,744,374,103,1010,3,490,966,245,700,106,840,578,435,820,969,935,741,968,291,515,25,961,1006,286,689,122,981,1021,317,839,344,46,46,39,26,64,65,33,53,18,59,27,53,46,35,60,44,14,44,8,36,27,31,25,36,28,31,59,52,67,50,78,34"
443,person_1,dataset_original,csi_dog_dataset/person_1/txt/csi_person_1_197.txt,"[24241.389884] [AOA] Measurement: 0,1619045400.774193,48:8f:5a:df:02:3b,2,1,2,0,128,613,771,280,44,976,994,438,932,615,432,570,658,577,404,888,1000,993,849,791,284,627,84,872,992,217,651,178,1017,995,378,143,624,32,26,26,35,57,66,27,52,33,58,40,55,43,34,58,37,7,23,17,21,33,32,17,28,43,36,77,47,65,46,65,26"
444,person_1,dataset_original,csi_dog_dataset/person_1/txt/csi_person_1_198.txt,"[24242.431543] [AOA] Measurement: 0,1619045401.815856,48:8f:5a:df:02:3b,2,1,2,0,128,557,627,875,981,928,949,882,720,239,682,69,811,511,479,881,1020,200,807,922,184,560,44,931,1012,255,753,171,973,959,342,121,653,36,31,30,33,54,60,30,48,18,46,22,42,42,25,50,33,5,20,15,31,25,21,26,28,31,30,57,39,62,43,64,22"
445,person_1,dataset_original,csi_dog_dataset/person_1/txt/csi_person_1_199.txt,"[24243.481459] [AOA] Measurement: 0,1619045402.865769,48:8f:5a:df:02:3b,2,1,2,0,128,93,596,351,57,1022,13,474,844,203,665,1016,783,549,403,790,966,959,802,861,171,663,129,844,951,307,721,83,1000,923,292,481,1007,42,44,26,39,70,72,40,56,30,49,35,64,45,32,62,37,13,53,14,31,36,29,41,39,31,43,62,49,75,65,86,41"
446,person_1,dataset_original,csi_dog_dataset/person_1/txt/csi_person_1_2.txt,"[23964.269772] [AOA] Measurement: 0,1619045123.654086,48:8f:5a:df:02:3b,2,1,2,0,128,833,58,997,957,131,1017,249,828,221,928,884,969,1008,158,90,495,774,703,608,337,336,814,328,819,741,26,692,953,954,493,338,32,18,3,19,37,35,44,22,52,13,34,21,42,34,30,44,34,17,50,15,6,29,45,13,20,46,20,22,22,54,41,63,24"
447,person_1,dataset_original,csi_dog_dataset/person_1/txt/csi_person_1_20.txt,"[23983.237997] [AOA] Measurement: 0,1619045142.622314,48:8f:5a:df:02:3b,2,1,2,0,128,168,4,682,879,35,1017,341,669,42,19,735,949,339,852,137,385,603,761,257,515,209,741,278,869,707,28,668,33,15,581,613,264,30,35,36,41,69,67,37,50,30,61,52,52,65,57,81,59,19,57,51,39,33,35,29,29,70,40,60,31,47,55,64,40"
448,person_1,dataset_original,csi_dog_dataset/person_1/txt/csi_person_1_200.txt,"[24244.531575] [AOA] Measurement: 0,1619045403.915887,48:8f:5a:df:02:3b,2,1,2,0,128,566,672,931,1020,53,5,369,899,829,666,610,583,534,350,780,954,243,644,970,259,589,2,957,1002,281,758,1009,947,476,114,8,541,43,73,57,26,58,65,39,41,4,52,9,41,29,31,39,48,5,61,38,51,34,36,36,43,25,43,42,45,43,46,61,48"
449,person_1,dataset_original,csi_dog_dataset/person_1/txt/csi_person_1_201.txt,"[24245.600120] [AOA] Measurement: 0,1619045404.984433,48:8f:5a:df:02:3b,2,1,2,0,128,613,689,392,165,985,989,395,902,269,671,224,823,974,94,894,1002,466,684,987,258,540,1009,955,1008,260,691,581,835,977,292,338,896,45,67,58,31,64,69,31,58,3,44,16,33,39,22,50,42,5,63,35,50,29,37,28,45,21,41,37,49,49,45,61,51"
450,person_1,dataset_original,csi_dog_dataset/person_1/txt/csi_person_1_202.txt,"[24246.642042] [AOA] Measurement: 0,1619045406.026351,48:8f:5a:df:02:3b,2,1,2,0,128,624,660,389,157,984,982,851,726,868,549,193,724,545,240,795,931,457,637,982,137,626,53,822,942,277,782,974,943,975,290,455,956,21,69,65,36,59,72,38,58,6,29,2,20,21,22,27,34,16,65,66,54,42,45,22,38,33,39,44,51,37,61,49,46"
451,person_1,dataset_original,csi_dog_dataset/person_1/txt/csi_person_1_203.txt,"[24247.691526] [AOA] Measurement: 0,1619045407.075837,48:8f:5a:df:02:3b,2,1,2,0,128,619,641,333,114,958,1012,406,817,333,86,133,840,350,142,716,901,489,653,1007,184,619,19,926,980,206,783,955,977,958,196,136,691,53,69,54,38,59,57,40,47,18,20,7,12,9,25,35,21,32,89,82,70,36,43,33,44,27,34,41,55,26,37,55,51"
452,person_1,dataset_original,csi_dog_dataset/person_1/txt/csi_person_1_204.txt,"[24248.753082] [AOA] Measurement: 0,1619045408.137393,48:8f:5a:df:02:3b,2,1,2,0,128,12,451,837,914,869,1010,287,885,760,136,647,671,108,3,668,484,355,531,55,209,708,1016,914,890,8,114,862,933,833,92,430,966,62,111,54,36,47,65,8,55,41,79,24,43,6,74,33,1,80,129,107,99,34,75,36,34,36,21,67,72,55,24,61,44"
453,person_1,dataset_original,csi_dog_dataset/person_1/txt/csi_person_1_205.txt,"[24249.801571] [AOA] Measurement: 0,1619045409.185884,48:8f:5a:df:02:3b,2,1,2,0,128,580,593,344,118,905,986,329,864,701,174,567,820,1006,23,732,894,325,574,918,82,632,1,891,953,1000,692,858,962,855,115,648,115,92,115,61,61,75,74,20,67,30,60,9,29,14,66,38,18,83,127,123,103,53,104,55,63,54,17,66,77,53,26,57,68"
454,person_1,dataset_original,csi_dog_dataset/person_1/txt/csi_person_1_206.txt,"[24250.860921] [AOA] Measurement: 0,1619045410.245232,48:8f:5a:df:02:3b,2,1,2,0,128,951,423,881,971,978,11,383,869,852,570,970,743,403,173,690,980,318,605,977,141,649,38,836,907,154,784,2,913,910,273,875,346,59,54,36,33,41,53,30,46,11,2,13,36,10,24,31,21,35,67,53,69,37,47,42,37,29,20,50,50,49,30,54,37"
455,person_1,dataset_original,csi_dog_dataset/person_1/txt/csi_person_1_207.txt,"[24251.922142] [AOA] Measurement: 0,1619045411.306452,48:8f:5a:df:02:3b,2,1,2,0,128,488,600,793,922,1006,1017,357,856,276,391,953,762,334,98,741,1011,330,577,973,152,652,58,943,953,126,757,1018,902,900,277,874,423,62,54,40,39,30,52,28,49,11,2,13,40,17,27,32,18,41,70,51,74,37,48,49,39,30,19,52,52,60,29,64,34"
456,person_1,dataset_original,csi_dog_dataset/person_1/txt/csi_person_1_208.txt,"[24252.978588] [AOA] Measurement: 0,1619045412.362902,48:8f:5a:df:02:3b,2,1,2,0,128,567,629,333,87,905,1003,389,869,718,238,19,725,287,111,701,971,320,521,1020,182,589,1023,902,972,95,736,982,927,894,214,774,380,66,77,45,38,47,53,26,47,16,12,6,27,7,34,33,23,47,93,77,81,41,62,39,38,38,23,44,54,43,20,45,47"
457,person_1,dataset_original,csi_dog_dataset/person_1/txt/csi_person_1_209.txt,"[24254.040213] [AOA] Measurement: 0,1619045413.424526,48:8f:5a:df:02:3b,2,1,2,0,128,561,668,373,99,980,1002,401,914,311,538,923,741,505,259,733,999,152,536,523,38,671,104,904,978,106,797,137,983,874,311,561,173,65,62,49,37,48,68,46,58,11,27,20,40,22,28,35,31,34,68,59,75,51,51,53,49,31,33,63,58,63,45,71,42"
458,person_1,dataset_original,csi_dog_dataset/person_1/txt/csi_person_1_21.txt,"[23984.281578] [AOA] Measurement: 0,1619045143.665891,48:8f:5a:df:02:3b,2,1,2,0,128,322,137,454,790,57,9,509,836,183,975,817,8,875,35,76,374,120,805,65,429,350,820,301,907,578,951,682,46,997,505,443,167,30,16,24,54,66,64,27,57,14,36,25,53,51,37,67,38,17,27,18,8,33,23,1,22,50,20,28,33,50,53,69,29"
459,person_1,dataset_original,csi_dog_dataset/person_1/txt/csi_person_1_210.txt,"[24255.101215] [AOA] Measurement: 0,1619045414.485527,48:8f:5a:df:02:3b,2,1,2,0,128,573,700,316,102,979,997,410,863,879,479,127,721,548,47,844,34,436,666,998,207,656,1021,957,944,129,726,7,971,900,305,711,292,48,59,49,33,49,58,22,46,9,11,6,33,17,20,31,14,27,69,66,58,24,38,41,38,24,35,33,43,55,43,66,45"
460,person_1,dataset_original,csi_dog_dataset/person_1/txt/csi_person_1_211.txt,"[24256.150533] [AOA] Measurement: 0,1619045415.534844,48:8f:5a:df:02:3b,2,1,2,0,128,623,702,298,102,944,955,865,730,966,517,76,793,479,218,756,881,393,531,22,264,566,11,882,922,102,686,5,969,904,159,261,829,49,68,59,38,66,62,25,58,7,29,12,24,12,21,33,24,17,67,62,60,36,47,29,44,31,42,41,43,36,48,57,50"
461,person_1,dataset_original,csi_dog_dataset/person_1/txt/csi_person_1_212.txt,"[24257.192043] [AOA] Measurement: 0,1619045416.576353,48:8f:5a:df:02:3b,2,1,2,0,128,551,631,757,949,18,11,365,882,241,592,38,758,413,190,788,915,437,576,1003,175,477,996,817,897,102,607,68,959,894,145,371,923,45,70,65,39,70,70,30,67,5,46,23,24,24,28,36,36,6,49,49,55,46,40,32,45,42,47,54,44,38,64,59,47"
462,person_1,dataset_original,csi_dog_dataset/person_1/txt/csi_person_1_213.txt,"[24258.251250] [AOA] Measurement: 0,1619045417.635559,48:8f:5a:df:02:3b,2,1,2,0,128,606,708,254,84,35,11,343,832,144,595,34,815,465,299,775,981,315,566,879,158,532,57,877,948,177,650,100,969,969,217,64,467,63,50,46,39,65,63,31,62,16,49,25,51,35,35,55,34,6,25,24,47,37,31,38,40,33,34,62,49,60,44,68,29"
463,person_1,dataset_original,csi_dog_dataset/person_1/txt/csi_person_1_214.txt,"[24259.310535] [AOA] Measurement: 0,1619045418.694848,48:8f:5a:df:02:3b,2,1,2,0,128,563,701,254,65,1007,1006,387,916,231,636,77,828,502,380,796,963,196,555,947,200,516,24,850,909,293,720,144,954,1022,339,567,8,51,37,49,42,72,70,36,68,23,62,32,61,55,33,67,44,6,32,38,53,42,36,30,44,40,53,68,54,68,58,77,40"
464,person_1,dataset_original,csi_dog_dataset/person_1/txt/csi_person_1_215.txt,"[24260.351680] [AOA] Measurement: 0,1619045419.735991,48:8f:5a:df:02:3b,2,1,2,0,128,593,699,286,110,8,6,372,854,138,591,71,767,507,256,903,1006,321,577,987,188,569,985,14,1007,240,660,107,1004,983,249,322,755,61,65,56,39,72,67,39,62,6,44,22,41,34,17,55,42,6,58,40,61,33,40,36,45,33,37,52,49,48,47,56,48"
465,person_1,dataset_original,csi_dog_dataset/person_1/txt/csi_person_1_216.txt,"[24261.401954] [AOA] Measurement: 0,1619045420.786265,48:8f:5a:df:02:3b,2,1,2,0,128,619,723,354,114,15,10,374,860,215,431,619,603,578,314,675,913,425,642,18,251,540,985,866,982,132,669,7,33,967,275,328,852,44,71,65,27,64,61,42,54,5,41,10,26,23,24,30,44,8,74,62,51,41,39,26,43,16,51,32,33,28,52,47,52"
466,person_1,dataset_original,csi_dog_dataset/person_1/txt/csi_person_1_217.txt,"[24262.458628] [AOA] Measurement: 0,1619045421.842942,48:8f:5a:df:02:3b,2,1,2,0,128,610,684,298,92,3,3,432,919,966,665,71,739,479,301,795,968,300,565,966,245,625,12,896,988,95,688,67,976,946,241,858,334,54,60,63,31,52,65,35,51,9,41,12,36,26,23,41,35,27,62,54,59,35,27,40,36,33,36,47,38,46,45,59,32"
467,person_1,dataset_original,csi_dog_dataset/person_1/txt/csi_person_1_218.txt,"[24263.511069] [AOA] Measurement: 0,1619045422.895378,48:8f:5a:df:02:3b,2,1,2,0,128,569,690,308,45,1014,967,462,888,183,717,38,754,508,334,778,987,97,707,993,252,583,49,878,956,137,688,92,981,937,286,727,281,49,51,46,28,59,65,34,49,3,46,15,38,32,27,39,37,9,36,25,42,22,23,35,33,22,45,46,32,48,38,60,38"
468,person_1,dataset_original,csi_dog_dataset/person_1/txt/csi_person_1_219.txt,"[24264.561973] [AOA] Measurement: 0,1619045423.946283,48:8f:5a:df:02:3b,2,1,2,0,128,438,608,357,132,890,953,365,818,851,545,62,591,728,82,710,1004,134,524,891,53,560,1011,840,892,174,695,893,832,841,259,633,100,64,79,64,41,68,64,48,45,1,37,8,26,34,25,48,40,13,71,45,66,37,34,55,42,22,46,43,26,44,44,77,54"
469,person_1,dataset_original,csi_dog_dataset/person_1/txt/csi_person_1_22.txt,"[23985.340465] [AOA] Measurement: 0,1619045144.724777,48:8f:5a:df:02:3b,2,1,2,0,128,220,162,901,913,73,1,432,776,225,945,996,959,946,138,199,594,864,859,410,797,366,897,467,809,756,7,922,853,978,532,857,567,43,32,41,71,34,51,4,52,25,6,24,48,27,33,26,29,39,36,27,37,44,32,35,12,37,12,25,11,46,45,50,14"
470,person_1,dataset_original,csi_dog_dataset/person_1/txt/csi_person_1_220.txt,"[24265.611659] [AOA] Measurement: 0,1619045424.995970,48:8f:5a:df:02:3b,2,1,2,0,128,982,485,842,883,981,978,825,693,118,615,40,783,578,430,730,933,91,599,953,202,607,57,854,964,296,784,122,1,947,269,77,678,31,44,51,42,74,71,39,62,24,65,33,45,30,35,55,48,12,47,41,38,60,51,31,52,49,60,68,53,49,69,77,51"
471,person_1,dataset_original,csi_dog_dataset/person_1/txt/csi_person_1_221.txt,"[24266.668263] [AOA] Measurement: 0,1619045426.052580,48:8f:5a:df:02:3b,2,1,2,0,128,610,738,363,90,3,983,355,835,651,393,1007,791,421,326,705,946,986,697,16,207,554,63,809,955,107,649,24,991,900,192,279,816,29,56,45,32,64,62,38,59,12,52,9,25,23,34,31,41,13,63,47,36,42,48,35,53,26,54,42,41,40,61,62,56"
472,person_1,dataset_original,csi_dog_dataset/person_1/txt/csi_person_1_222.txt,"[24267.711632] [AOA] Measurement: 0,1619045427.095943,48:8f:5a:df:02:3b,2,1,2,0,128,546,647,852,925,921,969,403,917,567,364,75,759,393,346,180,730,795,444,960,175,565,49,885,933,227,612,79,962,969,194,799,254,47,58,40,32,61,56,25,50,8,51,25,36,19,49,39,49,10,49,28,46,45,43,33,41,32,44,49,55,43,60,58,46"
473,person_1,dataset_original,csi_dog_dataset/person_1/txt/csi_person_1_223.txt,"[24268.761988] [AOA] Measurement: 0,1619045428.146299,48:8f:5a:df:02:3b,2,1,2,0,128,609,759,323,988,1002,20,464,917,15,590,71,822,425,256,780,902,266,667,90,229,511,25,898,917,258,702,158,977,949,260,507,47,70,43,49,35,68,69,52,57,27,64,34,81,52,55,64,58,6,55,26,69,62,49,44,49,51,50,85,83,102,78,119,58"
474,person_1,dataset_original,csi_dog_dataset/person_1/txt/csi_person_1_224.txt,"[24269.812166] [AOA] Measurement: 0,1619045429.196476,48:8f:5a:df:02:3b,2,1,2,0,128,574,823,678,824,368,824,333,764,508,294,974,769,331,195,125,634,193,687,994,200,571,123,777,889,115,635,24,903,867,204,805,429,73,43,26,30,53,46,50,53,35,68,39,47,55,68,72,45,2,31,12,62,52,39,44,38,63,50,96,61,75,61,84,45"
475,person_1,dataset_original,csi_dog_dataset/person_1/txt/csi_person_1_225.txt,"[24270.871189] [AOA] Measurement: 0,1619045430.255504,48:8f:5a:df:02:3b,2,1,2,0,128,695,771,436,86,946,981,373,875,145,632,997,828,581,330,803,887,495,687,1007,291,562,93,966,1000,198,715,112,955,9,361,213,786,48,37,45,28,58,57,45,55,20,53,17,55,33,53,45,45,1,48,40,61,52,47,43,45,41,51,69,66,83,64,85,48"
476,person_1,dataset_original,csi_dog_dataset/person_1/txt/csi_person_1_226.txt,"[24271.928369] [AOA] Measurement: 0,1619045431.312685,48:8f:5a:df:02:3b,2,1,2,0,128,851,813,369,152,938,16,401,967,932,735,474,742,962,117,816,983,572,725,990,240,667,81,994,964,316,805,100,1022,57,370,899,324,31,57,64,17,51,50,41,34,12,36,11,27,23,28,18,39,26,72,64,45,33,43,37,40,25,42,25,35,45,44,48,47"
477,person_1,dataset_original,csi_dog_dataset/person_1/txt/csi_person_1_227.txt,"[24272.971487] [AOA] Measurement: 0,1619045432.355798,48:8f:5a:df:02:3b,2,1,2,0,128,498,647,775,918,985,1010,434,920,27,454,908,715,365,362,647,937,212,543,921,242,577,983,915,974,158,620,1006,937,770,209,966,495,59,59,53,52,82,62,50,83,31,54,27,32,48,33,48,54,24,94,66,66,71,58,27,65,33,57,69,63,18,91,55,81"
478,person_1,dataset_original,csi_dog_dataset/person_1/txt/csi_person_1_228.txt,"[24274.028269] [AOA] Measurement: 0,1619045433.412586,48:8f:5a:df:02:3b,2,1,2,0,128,576,652,252,79,896,954,457,912,294,611,99,836,464,210,823,909,302,614,1014,200,489,1018,869,880,682,495,90,971,970,300,691,123,61,54,52,34,55,58,40,57,2,31,17,36,26,28,31,36,22,45,42,61,32,45,36,39,26,33,49,55,56,46,63,40"
479,person_1,dataset_original,csi_dog_dataset/person_1/txt/csi_person_1_229.txt,"[24275.077949] [AOA] Measurement: 0,1619045434.462263,48:8f:5a:df:02:3b,2,1,2,0,128,966,390,334,81,384,823,385,847,946,669,1010,774,477,314,676,939,232,566,952,204,583,29,895,962,125,713,964,910,420,22,310,805,60,54,62,35,59,60,46,46,7,38,16,31,17,37,27,48,22,55,59,52,37,42,39,45,24,44,39,42,33,36,47,42"
480,person_1,dataset_original,csi_dog_dataset/person_1/txt/csi_person_1_23.txt,"[23986.391395] [AOA] Measurement: 0,1619045145.775709,48:8f:5a:df:02:3b,2,1,2,0,128,234,193,467,795,73,1007,334,848,394,899,786,921,385,1017,175,669,823,815,382,715,383,856,523,805,764,990,792,901,27,532,462,94,46,28,33,68,45,60,20,55,9,25,13,51,28,21,40,14,42,28,39,43,60,40,37,38,34,15,14,36,48,44,75,25"
